month,warehouse,sku_id,category,supplier,demand_plan,actual_demand,demand_variance_pct,stock_on_hand,safety_stock,reorder_point,po_number,po_qty,po_date,expected_receipt_date,po_status,closing_stock,days_of_cover,stockout_risk,unit_cost_inr,inventory_value_inr
2024-09-01,DEL,SKU-001,Personal Care,Procter & Gamble India,3987,3847,-3.5,3093,992,1587,PO-73895,4984,2024-08-15,2024-09-09,In Transit,4230,33.0,Low,180,761400
2024-10-01,DEL,SKU-001,Personal Care,Procter & Gamble India,5235,4800,-8.3,5285,992,1587,,0,,,Not Raised,485,3.0,High,180,87300
2024-11-01,DEL,SKU-001,Personal Care,Godrej Consumer Products,5632,5097,-9.5,3377,992,1587,PO-27779,6686,2024-10-06,2024-11-09,Pending,4966,29.2,Low,180,893880
2024-12-01,DEL,SKU-001,Personal Care,Marico Industries,5615,6011,7.1,4272,992,1587,PO-41029,6494,2024-11-05,2024-12-09,Delivered,4755,23.7,Low,180,855900
2025-01-01,DEL,SKU-001,Personal Care,Godrej Consumer Products,3802,4053,6.6,2824,992,1587,PO-45695,4091,2024-12-02,2025-01-10,In Transit,2862,21.2,Low,180,515160
2025-02-01,DEL,SKU-001,Personal Care,Marico Industries,4149,3735,-10.0,6522,992,1587,,0,,,Not Raised,2787,22.4,Low,180,501660
2024-09-01,DEL,SKU-002,Personal Care,Hindustan Unilever Ltd,2458,2112,-14.1,3472,573,918,,0,,,Not Raised,1360,19.3,Low,320,435200
2024-10-01,DEL,SKU-002,Personal Care,Marico Industries,3145,3001,-4.6,2847,573,918,PO-69076,3714,2024-09-05,2024-10-12,In Transit,3560,35.6,Low,320,1139200
2024-11-01,DEL,SKU-002,Personal Care,Hindustan Unilever Ltd,2932,2774,-5.4,3524,573,918,,0,,,Not Raised,750,8.1,Medium,320,240000
2024-12-01,DEL,SKU-002,Personal Care,ITC Limited,3199,3337,4.3,2067,573,918,PO-16708,3528,2024-11-10,2024-12-12,Pending,2258,20.3,Low,320,722560
2025-01-01,DEL,SKU-002,Personal Care,Dabur India,2303,2386,3.6,2184,573,918,PO-38125,2378,2024-12-02,2025-01-11,In Transit,2176,27.4,Low,320,696320
2025-02-01,DEL,SKU-002,Personal Care,ITC Limited,2080,2212,6.3,3888,573,918,,0,,,Not Raised,1676,22.7,Low,320,536320
2024-09-01,DEL,SKU-003,Personal Care,Marico Industries,1380,1346,-2.5,1984,319,511,,0,,,Not Raised,638,14.2,Low,95,60610
2024-10-01,DEL,SKU-003,Personal Care,Marico Industries,1782,1871,5.0,1807,319,511,PO-33729,2008,2024-09-13,2024-10-12,In Transit,1944,31.2,Low,95,184680
2024-11-01,DEL,SKU-003,Personal Care,ITC Limited,1633,1488,-8.9,1938,319,511,,0,,,Not Raised,450,9.1,Medium,95,42750
2024-12-01,DEL,SKU-003,Personal Care,Nestle India,1565,1540,-1.6,1276,319,511,PO-60467,2032,2024-11-03,2024-12-13,Delivered,1768,34.4,Low,95,167960
2025-01-01,DEL,SKU-003,Personal Care,Nestle India,1234,1196,-3.1,1012,319,511,PO-74296,1541,2024-12-13,2025-01-15,Delivered,1357,34.0,Low,95,128915
2025-02-01,DEL,SKU-003,Personal Care,Godrej Consumer Products,1345,1353,0.6,2068,319,511,,0,,,Not Raised,715,15.9,Low,95,67925
2024-09-01,DEL,SKU-004,Food & Beverages,ITC Limited,2648,2359,-10.9,3163,611,978,,0,,,Not Raised,804,10.2,Medium,210,168840
2024-10-01,DEL,SKU-004,Food & Beverages,Dabur India,3385,3219,-4.9,3342,611,978,,0,,,Not Raised,123,1.1,High,210,25830
2024-11-01,DEL,SKU-004,Food & Beverages,Godrej Consumer Products,3039,3111,2.4,3457,611,978,,0,,,Not Raised,346,3.3,High,210,72660
2024-12-01,DEL,SKU-004,Food & Beverages,Hindustan Unilever Ltd,3551,3189,-10.2,3562,611,978,,0,,,Not Raised,373,3.5,High,210,78330
2025-01-01,DEL,SKU-004,Food & Beverages,Emami Limited,2547,2342,-8.0,2806,611,978,,0,,,Not Raised,464,5.9,High,210,97440
2025-02-01,DEL,SKU-004,Food & Beverages,Emami Limited,2301,2260,-1.8,2549,611,978,,0,,,Not Raised,289,3.8,High,210,60690
2024-09-01,DEL,SKU-005,Food & Beverages,Emami Limited,956,817,-14.5,1386,218,349,,0,,,Not Raised,569,20.9,Low,145,82505
2024-10-01,DEL,SKU-005,Food & Beverages,Dabur India,1239,1311,5.8,792,218,349,PO-10297,1502,2024-09-13,2024-10-10,Pending,983,22.5,Low,145,142535
2024-11-01,DEL,SKU-005,Food & Beverages,Nestle India,1063,1101,3.6,809,218,349,PO-41253,1313,2024-10-06,2024-11-12,Delivered,1021,27.8,Low,145,148045
2024-12-01,DEL,SKU-005,Food & Beverages,Marico Industries,1244,1366,9.8,577,218,349,PO-30828,1401,2024-11-15,2024-12-13,Pending,612,13.4,Medium,145,88740
2025-01-01,DEL,SKU-005,Food & Beverages,Marico Industries,888,871,-1.9,693,218,349,PO-37018,1083,2024-12-07,2025-01-10,Delivered,905,31.2,Low,145,131225
2025-02-01,DEL,SKU-005,Food & Beverages,Marico Industries,916,837,-8.6,1141,218,349,,0,,,Not Raised,304,10.9,Medium,145,44080
2024-09-01,DEL,SKU-006,Food & Beverages,Marico Industries,1380,1428,3.5,1059,340,544,PO-35546,1737,2024-08-14,2024-09-16,Pending,1368,28.7,Low,480,656640
2024-10-01,DEL,SKU-006,Food & Beverages,Godrej Consumer Products,1950,1856,-4.8,2160,340,544,,0,,,Not Raised,304,4.9,High,480,145920
2024-11-01,DEL,SKU-006,Food & Beverages,Marico Industries,2016,1938,-3.9,2349,340,544,,0,,,Not Raised,411,6.4,High,480,197280
2024-12-01,DEL,SKU-006,Food & Beverages,Procter & Gamble India,1959,2009,2.6,2350,340,544,,0,,,Not Raised,341,5.1,High,480,163680
2025-01-01,DEL,SKU-006,Food & Beverages,Nestle India,1483,1440,-2.9,925,340,544,PO-56478,1509,2024-12-07,2025-01-09,Pending,994,20.7,Low,480,477120
2025-02-01,DEL,SKU-006,Food & Beverages,Marico Industries,1400,1396,-0.3,2115,340,544,,0,,,Not Raised,719,15.5,Low,480,345120
2024-09-01,DEL,SKU-007,Food & Beverages,Procter & Gamble India,2401,2375,-1.1,2019,605,968,PO-12624,2690,2024-08-14,2024-09-13,In Transit,2334,29.5,Low,190,443460
2024-10-01,DEL,SKU-007,Food & Beverages,ITC Limited,3109,3391,9.1,1911,605,968,PO-36342,3460,2024-09-15,2024-10-06,In Transit,1980,17.5,Low,190,376200
2024-11-01,DEL,SKU-007,Food & Beverages,Hindustan Unilever Ltd,3530,3361,-4.8,2605,605,968,PO-67385,4053,2024-10-06,2024-11-08,In Transit,3297,29.4,Low,190,626430
2024-12-01,DEL,SKU-007,Food & Beverages,Marico Industries,3013,2678,-11.1,2753,605,968,,0,,,Not Raised,75,0.8,High,190,14250
2025-01-01,DEL,SKU-007,Food & Beverages,Godrej Consumer Products,2228,2133,-4.3,3606,605,968,,0,,,Not Raised,1473,20.7,Low,190,279870
2025-02-01,DEL,SKU-007,Food & Beverages,Nestle India,2183,2332,6.8,3663,605,968,,0,,,Not Raised,1331,17.1,Low,190,252890
2024-09-01,DEL,SKU-008,Household,Hindustan Unilever Ltd,3617,3489,-3.5,4220,822,1315,,0,,,Not Raised,731,6.3,High,350,255850
2024-10-01,DEL,SKU-008,Household,Nestle India,4606,4157,-9.7,4135,822,1315,PO-32013,4745,2024-09-03,2024-10-13,In Transit,4723,34.1,Low,350,1653050
2024-11-01,DEL,SKU-008,Household,Procter & Gamble India,4749,4557,-4.0,2541,822,1315,PO-85307,5244,2024-10-10,2024-11-07,In Transit,3228,21.3,Low,350,1129800
2024-12-01,DEL,SKU-008,Household,Dabur India,4055,3964,-2.2,5902,822,1315,,0,,,Not Raised,1938,14.7,Low,350,678300
2025-01-01,DEL,SKU-008,Household,Dabur India,3542,3122,-11.9,3625,822,1315,,0,,,Not Raised,503,4.8,High,350,176050
2025-02-01,DEL,SKU-008,Household,Nestle India,3212,3105,-3.3,5491,822,1315,,0,,,Not Raised,2386,23.1,Low,350,835100
2024-09-01,DEL,SKU-009,Household,Godrej Consumer Products,4351,3747,-13.9,3354,992,1588,PO-14301,5160,2024-08-05,2024-09-07,In Transit,4767,38.2,Low,620,2955540
2024-10-01,DEL,SKU-009,Household,Procter & Gamble India,5534,4959,-10.4,6718,992,1588,,0,,,Not Raised,1759,10.6,Medium,620,1090580
2024-11-01,DEL,SKU-009,Household,Marico Industries,5099,5228,2.5,6530,992,1588,,0,,,Not Raised,1302,7.5,Medium,620,807240
2024-12-01,DEL,SKU-009,Household,Marico Industries,5066,5401,6.6,3119,992,1588,PO-67072,6237,2024-11-15,2024-12-12,In Transit,3955,22.0,Low,620,2452100
2025-01-01,DEL,SKU-009,Household,Godrej Consumer Products,3895,3625,-6.9,5507,992,1588,,0,,,Not Raised,1882,15.6,Low,620,1166840
2025-02-01,DEL,SKU-009,Household,Dabur India,3759,3791,0.9,3705,992,1588,PO-39000,4466,2025-01-14,2025-02-12,Pending,4380,34.7,Low,620,2715600
2024-09-01,DEL,SKU-010,Household,Emami Limited,3579,3669,2.5,6419,925,1480,,0,,,Not Raised,2750,22.5,Low,275,756250
2024-10-01,DEL,SKU-010,Household,Hindustan Unilever Ltd,5410,5229,-3.3,5177,925,1480,PO-53637,6003,2024-09-14,2024-10-09,Pending,5951,34.1,Low,275,1636525
2024-11-01,DEL,SKU-010,Household,Emami Limited,4950,4438,-10.3,3214,925,1480,PO-48877,6102,2024-10-03,2024-11-14,Pending,4878,33.0,Low,275,1341450
2024-12-01,DEL,SKU-010,Household,Hindustan Unilever Ltd,4854,5135,5.8,2813,925,1480,PO-55584,5014,2024-11-13,2024-12-06,In Transit,2692,15.7,Low,275,740300
2025-01-01,DEL,SKU-010,Household,Hindustan Unilever Ltd,3824,4188,9.5,2258,925,1480,PO-83679,4929,2024-12-12,2025-01-15,In Transit,2999,21.5,Low,275,824725
2025-02-01,DEL,SKU-010,Household,Dabur India,3626,3528,-2.7,5765,925,1480,,0,,,Not Raised,2237,19.0,Low,275,615175
2024-09-01,DEL,SKU-011,Personal Care,Emami Limited,1970,2054,4.3,2171,536,858,,0,,,Not Raised,117,1.7,High,240,28080
2024-10-01,DEL,SKU-011,Personal Care,Godrej Consumer Products,2985,3233,8.3,2105,536,858,PO-66477,3340,2024-09-12,2024-10-12,Delivered,2212,20.5,Low,240,530880
2024-11-01,DEL,SKU-011,Personal Care,Marico Industries,2620,2477,-5.5,1768,536,858,PO-86988,3143,2024-10-15,2024-11-11,Delivered,2434,29.5,Low,240,584160
2024-12-01,DEL,SKU-011,Personal Care,ITC Limited,3111,2991,-3.9,3737,536,858,,0,,,Not Raised,746,7.5,Medium,240,179040
2025-01-01,DEL,SKU-011,Personal Care,Dabur India,2302,2072,-10.0,3545,536,858,,0,,,Not Raised,1473,21.3,Low,240,353520
2025-02-01,DEL,SKU-011,Personal Care,Nestle India,2182,1973,-9.6,3436,536,858,,0,,,Not Raised,1463,22.2,Low,240,351120
2024-09-01,DEL,SKU-012,Food & Beverages,Dabur India,2752,2475,-10.1,4217,694,1111,,0,,,Not Raised,1742,21.1,Low,165,287430
2024-10-01,DEL,SKU-012,Food & Beverages,ITC Limited,3980,3715,-6.7,3821,694,1111,,0,,,Not Raised,106,0.9,High,165,17490
2024-11-01,DEL,SKU-012,Food & Beverages,ITC Limited,3843,3739,-2.7,3959,694,1111,,0,,,Not Raised,220,1.8,High,165,36300
2024-12-01,DEL,SKU-012,Food & Beverages,Emami Limited,3523,3231,-8.3,4211,694,1111,,0,,,Not Raised,980,9.1,Medium,165,161700
2025-01-01,DEL,SKU-012,Food & Beverages,Emami Limited,2654,2505,-5.6,2733,694,1111,,0,,,Not Raised,228,2.7,High,165,37620
2025-02-01,DEL,SKU-012,Food & Beverages,Nestle India,2928,2670,-8.8,4375,694,1111,,0,,,Not Raised,1705,19.2,Low,165,281325
2024-09-01,DEL,SKU-013,Household,Marico Industries,2786,2918,4.7,4387,651,1042,,0,,,Not Raised,1469,15.1,Low,410,602290
2024-10-01,DEL,SKU-013,Household,ITC Limited,3193,3254,1.9,1859,651,1042,PO-31996,4140,2024-09-13,2024-10-10,Pending,2745,25.3,Low,410,1125450
2024-11-01,DEL,SKU-013,Household,Dabur India,3576,3435,-3.9,3488,651,1042,,0,,,Not Raised,53,0.5,High,410,21730
2024-12-01,DEL,SKU-013,Household,Dabur India,3196,3387,6.0,3443,651,1042,,0,,,Not Raised,56,0.5,High,410,22960
2025-01-01,DEL,SKU-013,Household,ITC Limited,2473,2576,4.2,4529,651,1042,,0,,,Not Raised,1953,22.7,Low,410,800730
2025-02-01,DEL,SKU-013,Household,Marico Industries,2767,2970,7.3,3175,651,1042,,0,,,Not Raised,205,2.1,High,410,84050
2024-09-01,DEL,SKU-014,Personal Care,Hindustan Unilever Ltd,2447,2447,0.0,1420,582,931,PO-53214,2457,2024-08-17,2024-09-11,Pending,1430,17.5,Low,115,164450
2024-10-01,DEL,SKU-014,Personal Care,Procter & Gamble India,3365,3625,7.7,2816,582,931,PO-47043,3916,2024-09-08,2024-10-06,Delivered,3107,25.7,Low,115,357305
2024-11-01,DEL,SKU-014,Personal Care,ITC Limited,3277,2806,-14.4,4175,582,931,,0,,,Not Raised,1369,14.6,Low,115,157435
2024-12-01,DEL,SKU-014,Personal Care,Emami Limited,3266,3505,7.3,2345,582,931,PO-87504,4227,2024-11-09,2024-12-11,Pending,3067,26.3,Low,115,352705
2025-01-01,DEL,SKU-014,Personal Care,Procter & Gamble India,2371,2391,0.8,4084,582,931,,0,,,Not Raised,1693,21.2,Low,115,194695
2025-02-01,DEL,SKU-014,Personal Care,Dabur India,2561,2239,-12.6,3358,582,931,,0,,,Not Raised,1119,15.0,Low,115,128685
2024-09-01,DEL,SKU-015,Food & Beverages,ITC Limited,1319,1414,7.2,2352,335,536,,0,,,Not Raised,938,19.9,Low,540,506520
2024-10-01,DEL,SKU-015,Food & Beverages,Nestle India,1688,1838,8.9,1273,335,536,PO-76285,1905,2024-09-02,2024-10-12,In Transit,1340,21.9,Low,540,723600
2024-11-01,DEL,SKU-015,Food & Beverages,Godrej Consumer Products,1672,1716,2.6,1971,335,536,,0,,,Not Raised,255,4.5,High,540,137700
2024-12-01,DEL,SKU-015,Food & Beverages,Dabur India,1835,1956,6.6,1443,335,536,PO-86649,1922,2024-11-02,2024-12-10,Pending,1409,21.6,Low,540,760860
2025-01-01,DEL,SKU-015,Food & Beverages,Nestle India,1449,1494,3.1,1769,335,536,,0,,,Not Raised,275,5.5,High,540,148500
2025-02-01,DEL,SKU-015,Food & Beverages,Emami Limited,1312,1397,6.5,1044,335,536,PO-58423,1408,2025-01-15,2025-02-10,Pending,1055,22.7,Low,540,569700
2024-09-01,DEL,SKU-016,Household,ITC Limited,3565,3642,2.2,4330,906,1450,,0,,,Not Raised,688,5.7,High,890,612320
2024-10-01,DEL,SKU-016,Household,Dabur India,5147,4877,-5.2,4310,906,1450,PO-85327,6475,2024-09-13,2024-10-09,Delivered,5908,36.3,Low,890,5258120
2024-11-01,DEL,SKU-016,Household,ITC Limited,5014,5326,6.2,3493,906,1450,PO-62158,6408,2024-10-05,2024-11-10,Pending,4575,25.8,Low,890,4071750
2024-12-01,DEL,SKU-016,Household,Nestle India,4669,4014,-14.0,3852,906,1450,PO-39636,5895,2024-11-06,2024-12-09,Delivered,5733,42.8,Low,890,5102370
2025-01-01,DEL,SKU-016,Household,Marico Industries,3279,3603,9.9,6495,906,1450,,0,,,Not Raised,2892,24.1,Low,890,2573880
2025-02-01,DEL,SKU-016,Household,Godrej Consumer Products,3542,3093,-12.7,2985,906,1450,PO-57584,3646,2025-01-11,2025-02-16,Pending,3538,34.3,Low,890,3148820
2024-09-01,DEL,SKU-017,Personal Care,Hindustan Unilever Ltd,2557,2378,-7.0,2758,640,1025,,0,,,Not Raised,380,4.8,High,380,144400
2024-10-01,DEL,SKU-017,Personal Care,Godrej Consumer Products,3590,3819,6.4,2153,640,1025,PO-45559,3854,2024-09-15,2024-10-14,Delivered,2188,17.2,Low,380,831440
2024-11-01,DEL,SKU-017,Personal Care,Marico Industries,3552,3841,8.1,4122,640,1025,,0,,,Not Raised,281,2.2,High,380,106780
2024-12-01,DEL,SKU-017,Personal Care,Emami Limited,3470,3255,-6.2,3216,640,1025,PO-58875,4000,2024-11-11,2024-12-06,In Transit,3961,36.5,Low,380,1505180
2025-01-01,DEL,SKU-017,Personal Care,Emami Limited,2501,2248,-10.1,2677,640,1025,,0,,,Not Raised,429,5.7,High,380,163020
2025-02-01,DEL,SKU-017,Personal Care,Procter & Gamble India,2722,2961,8.8,2877,640,1025,PO-20866,2855,2025-01-10,2025-02-12,Pending,2771,28.1,Low,380,1052980
2024-09-01,DEL,SKU-018,Food & Beverages,Godrej Consumer Products,2669,2582,-3.3,2205,628,1006,PO-54461,2872,2024-08-11,2024-09-15,Pending,2495,29.0,Low,225,561375
2024-10-01,DEL,SKU-018,Food & Beverages,Hindustan Unilever Ltd,3486,3372,-3.3,3202,628,1006,PO-21525,4268,2024-09-15,2024-10-08,Delivered,4098,36.5,Low,225,922050
2024-11-01,DEL,SKU-018,Food & Beverages,Hindustan Unilever Ltd,3640,3546,-2.6,3555,628,1006,,0,,,Not Raised,9,0.1,High,225,2025
2024-12-01,DEL,SKU-018,Food & Beverages,Dabur India,3341,3310,-0.9,2604,628,1006,PO-45056,4257,2024-11-12,2024-12-12,Pending,3551,32.2,Low,225,798975
2025-01-01,DEL,SKU-018,Food & Beverages,Dabur India,2492,2602,4.4,3521,628,1006,,0,,,Not Raised,919,10.6,Medium,225,206775
2025-02-01,DEL,SKU-018,Food & Beverages,Procter & Gamble India,2311,2472,7.0,3448,628,1006,,0,,,Not Raised,976,11.8,Medium,225,219600
2024-09-01,DEL,SKU-019,Household,Emami Limited,3171,2719,-14.3,2663,774,1238,PO-71428,4074,2024-08-14,2024-09-14,In Transit,4018,44.3,Low,560,2250080
2024-10-01,DEL,SKU-019,Household,Emami Limited,4477,4518,0.9,5158,774,1238,,0,,,Not Raised,640,4.2,High,560,358400
2024-11-01,DEL,SKU-019,Household,ITC Limited,4296,4682,9.0,2812,774,1238,PO-20416,4917,2024-10-13,2024-11-06,Pending,3047,19.5,Low,560,1706320
2024-12-01,DEL,SKU-019,Household,Marico Industries,4314,3733,-13.5,1863,774,1238,PO-83113,4612,2024-11-08,2024-12-09,Pending,2742,22.0,Low,560,1535520
2025-01-01,DEL,SKU-019,Household,Godrej Consumer Products,2893,2471,-14.6,2173,774,1238,PO-94456,3367,2024-12-02,2025-01-13,Pending,3069,37.3,Low,560,1718640
2025-02-01,DEL,SKU-019,Household,Dabur India,2923,3117,6.6,4632,774,1238,,0,,,Not Raised,1515,14.6,Low,560,848400
2024-09-01,DEL,SKU-020,Personal Care,Nestle India,1843,1716,-6.9,2601,496,794,,0,,,Not Raised,885,15.5,Low,195,172575
2024-10-01,DEL,SKU-020,Personal Care,Marico Industries,2484,2190,-11.8,3300,496,794,,0,,,Not Raised,1110,15.2,Low,195,216450
2024-11-01,DEL,SKU-020,Personal Care,Hindustan Unilever Ltd,2668,2781,4.2,2278,496,794,PO-31607,2869,2024-10-03,2024-11-16,In Transit,2366,25.5,Low,195,461370
2024-12-01,DEL,SKU-020,Personal Care,Dabur India,2946,2988,1.4,2433,496,794,PO-78987,3721,2024-11-11,2024-12-07,Delivered,3166,31.8,Low,195,617370
2025-01-01,DEL,SKU-020,Personal Care,Marico Industries,1910,2098,9.8,1733,496,794,PO-81043,2126,2024-12-10,2025-01-15,In Transit,1761,25.2,Low,195,343395
2025-02-01,DEL,SKU-020,Personal Care,Procter & Gamble India,2117,2261,6.8,1611,496,794,PO-58300,2614,2025-01-08,2025-02-13,In Transit,1964,26.1,Low,195,382980
2024-09-01,DEL,SKU-021,Food & Beverages,Procter & Gamble India,3189,3341,4.8,3006,772,1235,PO-99452,3909,2024-08-16,2024-09-12,Pending,3574,32.1,Low,300,1072200
2024-10-01,DEL,SKU-021,Food & Beverages,Dabur India,4244,4165,-1.9,2748,772,1235,PO-63385,5065,2024-09-15,2024-10-08,In Transit,3648,26.3,Low,300,1094400
2024-11-01,DEL,SKU-021,Food & Beverages,Marico Industries,3820,3647,-4.5,4319,772,1235,,0,,,Not Raised,672,5.5,High,300,201600
2024-12-01,DEL,SKU-021,Food & Beverages,Marico Industries,4246,3916,-7.8,4619,772,1235,,0,,,Not Raised,703,5.4,High,300,210900
2025-01-01,DEL,SKU-021,Food & Beverages,Emami Limited,3178,3118,-1.9,4793,772,1235,,0,,,Not Raised,1675,16.1,Low,300,502500
2025-02-01,DEL,SKU-021,Food & Beverages,Procter & Gamble India,2913,2777,-4.7,5261,772,1235,,0,,,Not Raised,2484,26.8,Low,300,745200
2024-09-01,DEL,SKU-022,Household,Godrej Consumer Products,1084,1009,-6.9,1476,252,404,,0,,,Not Raised,467,13.9,Medium,740,345580
2024-10-01,DEL,SKU-022,Household,Procter & Gamble India,1493,1487,-0.4,1459,252,404,PO-92910,1521,2024-09-06,2024-10-13,Delivered,1493,30.1,Low,740,1104820
2024-11-01,DEL,SKU-022,Household,Emami Limited,1317,1326,0.7,711,252,404,PO-28040,1427,2024-10-11,2024-11-13,In Transit,812,18.4,Low,740,600880
2024-12-01,DEL,SKU-022,Household,Emami Limited,1336,1201,-10.1,1715,252,404,,0,,,Not Raised,514,12.8,Medium,740,380360
2025-01-01,DEL,SKU-022,Household,Marico Industries,1087,1019,-6.3,1534,252,404,,0,,,Not Raised,515,15.2,Low,740,381100
2025-02-01,DEL,SKU-022,Household,Nestle India,1046,1038,-0.8,1464,252,404,,0,,,Not Raised,426,12.3,Medium,740,315240
2024-09-01,DEL,SKU-023,Personal Care,ITC Limited,1792,1879,4.9,1053,422,675,PO-43491,2087,2024-08-14,2024-09-06,Delivered,1261,20.1,Low,270,340470
2024-10-01,DEL,SKU-023,Personal Care,Hindustan Unilever Ltd,2132,2247,5.4,2365,422,675,,0,,,Not Raised,118,1.6,High,270,31860
2024-11-01,DEL,SKU-023,Personal Care,Hindustan Unilever Ltd,2230,2073,-7.0,1664,422,675,PO-84063,2446,2024-10-07,2024-11-07,In Transit,2037,29.5,Low,270,549990
2024-12-01,DEL,SKU-023,Personal Care,Hindustan Unilever Ltd,2369,2277,-3.9,2293,422,675,,0,,,Not Raised,16,0.2,High,270,4320
2025-01-01,DEL,SKU-023,Personal Care,Godrej Consumer Products,1743,1485,-14.8,2457,422,675,,0,,,Not Raised,972,19.6,Low,270,262440
2025-02-01,DEL,SKU-023,Personal Care,Dabur India,1693,1643,-3.0,1384,422,675,PO-87216,1772,2025-01-12,2025-02-13,Pending,1513,27.6,Low,270,408510
2024-09-01,DEL,SKU-024,Food & Beverages,Nestle India,3852,3682,-4.4,5097,882,1411,,0,,,Not Raised,1415,11.5,Medium,180,254700
2024-10-01,DEL,SKU-024,Food & Beverages,ITC Limited,4877,5140,5.4,2957,882,1411,PO-86850,4942,2024-09-05,2024-10-07,In Transit,2759,16.1,Low,180,496620
2024-11-01,DEL,SKU-024,Food & Beverages,Godrej Consumer Products,4730,4899,3.6,2388,882,1411,PO-40410,5655,2024-10-09,2024-11-09,Delivered,3144,19.3,Low,180,565920
2024-12-01,DEL,SKU-024,Food & Beverages,Dabur India,5187,5009,-3.4,4978,882,1411,PO-27049,6244,2024-11-01,2024-12-13,Delivered,6213,37.2,Low,180,1118340
2025-01-01,DEL,SKU-024,Food & Beverages,ITC Limited,3449,3649,5.8,3535,882,1411,PO-11189,4332,2024-12-07,2025-01-06,Delivered,4218,34.7,Low,180,759240
2025-02-01,DEL,SKU-024,Food & Beverages,ITC Limited,3387,3426,1.2,3970,882,1411,,0,,,Not Raised,544,4.8,High,180,97920
2024-09-01,DEL,SKU-025,Household,Nestle India,3646,3527,-3.3,4495,958,1533,,0,,,Not Raised,968,8.2,Medium,980,948640
2024-10-01,DEL,SKU-025,Household,ITC Limited,5554,4762,-14.3,5926,958,1533,,0,,,Not Raised,1164,7.3,Medium,980,1140720
2024-11-01,DEL,SKU-025,Household,Emami Limited,5630,6180,9.8,5042,958,1533,PO-89199,6443,2024-10-09,2024-11-12,In Transit,5305,25.8,Low,980,5198900
2024-12-01,DEL,SKU-025,Household,Nestle India,5446,5762,5.8,3555,958,1533,PO-47988,5693,2024-11-14,2024-12-13,Delivered,3486,18.1,Low,980,3416280
2025-01-01,DEL,SKU-025,Household,Procter & Gamble India,4038,3804,-5.8,4246,958,1533,,0,,,Not Raised,442,3.5,High,980,433160
2025-02-01,DEL,SKU-025,Household,Godrej Consumer Products,4049,4186,3.4,3302,958,1533,PO-28927,4472,2025-01-11,2025-02-12,Pending,3588,25.7,Low,980,3516240
2024-09-01,DEL,SKU-026,Personal Care,Emami Limited,1296,1207,-6.9,1366,301,481,,0,,,Not Raised,159,4.0,High,155,24645
2024-10-01,DEL,SKU-026,Personal Care,Marico Industries,1622,1508,-7.0,737,301,481,PO-33050,2093,2024-09-14,2024-10-06,Pending,1322,26.3,Low,155,204910
2024-11-01,DEL,SKU-026,Personal Care,Marico Industries,1632,1478,-9.4,1582,301,481,,0,,,Not Raised,104,2.1,High,155,16120
2024-12-01,DEL,SKU-026,Personal Care,ITC Limited,1736,1591,-8.4,1771,301,481,,0,,,Not Raised,180,3.4,High,155,27900
2025-01-01,DEL,SKU-026,Personal Care,Procter & Gamble India,1127,1064,-5.6,1098,301,481,,0,,,Not Raised,34,1.0,High,155,5270
2025-02-01,DEL,SKU-026,Personal Care,Godrej Consumer Products,1241,1262,1.7,1064,301,481,PO-61703,1528,2025-01-05,2025-02-08,In Transit,1330,31.6,Low,155,206150
2024-09-01,DEL,SKU-027,Food & Beverages,Hindustan Unilever Ltd,2650,2421,-8.6,3305,637,1020,,0,,,Not Raised,884,11.0,Medium,360,318240
2024-10-01,DEL,SKU-027,Food & Beverages,Godrej Consumer Products,3499,3029,-13.4,3381,637,1020,,0,,,Not Raised,352,3.5,High,360,126720
2024-11-01,DEL,SKU-027,Food & Beverages,Nestle India,3369,3699,9.8,2196,637,1020,PO-25482,3385,2024-10-05,2024-11-09,In Transit,1882,15.3,Low,360,677520
2024-12-01,DEL,SKU-027,Food & Beverages,Emami Limited,3643,3145,-13.7,3607,637,1020,,0,,,Not Raised,462,4.4,High,360,166320
2025-01-01,DEL,SKU-027,Food & Beverages,Hindustan Unilever Ltd,2427,2333,-3.9,2944,637,1020,,0,,,Not Raised,611,7.9,Medium,360,219960
2025-02-01,DEL,SKU-027,Food & Beverages,ITC Limited,2739,2902,6.0,3064,637,1020,,0,,,Not Raised,162,1.7,High,360,58320
2024-09-01,DEL,SKU-028,Household,Procter & Gamble India,1509,1529,1.3,2435,401,641,,0,,,Not Raised,906,17.8,Low,290,262740
2024-10-01,DEL,SKU-028,Household,Godrej Consumer Products,2327,2378,2.2,1879,401,641,PO-30983,2768,2024-09-09,2024-10-15,In Transit,2269,28.6,Low,290,658010
2024-11-01,DEL,SKU-028,Household,Emami Limited,2157,2172,0.7,1276,401,641,PO-67759,2675,2024-10-07,2024-11-15,Pending,1779,24.6,Low,290,515910
2024-12-01,DEL,SKU-028,Household,Nestle India,2148,2200,2.4,1606,401,641,PO-87046,2340,2024-11-15,2024-12-13,Delivered,1746,23.8,Low,290,506340
2025-01-01,DEL,SKU-028,Household,ITC Limited,1738,1644,-5.4,2435,401,641,,0,,,Not Raised,791,14.4,Low,290,229390
2025-02-01,DEL,SKU-028,Household,Nestle India,1548,1588,2.6,1314,401,641,PO-85219,1929,2025-01-02,2025-02-06,Delivered,1655,31.3,Low,290,479950
2024-09-01,DEL,SKU-029,Personal Care,Procter & Gamble India,2315,2416,4.4,3879,609,975,,0,,,Not Raised,1463,18.2,Low,430,629090
2024-10-01,DEL,SKU-029,Personal Care,Nestle India,3609,3420,-5.2,3137,609,975,PO-18432,4118,2024-09-08,2024-10-12,Delivered,3835,33.6,Low,430,1649050
2024-11-01,DEL,SKU-029,Personal Care,Dabur India,3127,3250,3.9,3934,609,975,,0,,,Not Raised,684,6.3,High,430,294120
2024-12-01,DEL,SKU-029,Personal Care,Nestle India,3013,2937,-2.5,1708,609,975,PO-91972,3135,2024-11-14,2024-12-14,In Transit,1906,19.5,Low,430,819580
2025-01-01,DEL,SKU-029,Personal Care,Emami Limited,2510,2173,-13.4,3191,609,975,,0,,,Not Raised,1018,14.1,Low,430,437740
2025-02-01,DEL,SKU-029,Personal Care,Godrej Consumer Products,2562,2480,-3.2,3413,609,975,,0,,,Not Raised,933,11.3,Medium,430,401190
2024-09-01,DEL,SKU-030,Food & Beverages,Godrej Consumer Products,2634,2634,0.0,2141,681,1089,PO-82924,3181,2024-08-06,2024-09-08,Pending,2688,30.6,Low,650,1747200
2024-10-01,DEL,SKU-030,Food & Beverages,Emami Limited,3670,3143,-14.4,4865,681,1089,,0,,,Not Raised,1722,16.4,Low,650,1119300
2024-11-01,DEL,SKU-030,Food & Beverages,Procter & Gamble India,3453,3611,4.6,2129,681,1089,PO-56768,3606,2024-10-12,2024-11-15,Delivered,2124,17.6,Low,650,1380600
2024-12-01,DEL,SKU-030,Food & Beverages,Procter & Gamble India,4008,3951,-1.4,3068,681,1089,PO-55973,4744,2024-11-13,2024-12-11,Pending,3861,29.3,Low,650,2509650
2025-01-01,DEL,SKU-030,Food & Beverages,Marico Industries,2888,2887,-0.0,2974,681,1089,,0,,,Not Raised,87,0.9,High,650,56550
2025-02-01,DEL,SKU-030,Food & Beverages,Marico Industries,2965,2824,-4.8,3805,681,1089,,0,,,Not Raised,981,10.4,Medium,650,637650
2024-09-01,MUM,SKU-001,Personal Care,Hindustan Unilever Ltd,3783,3477,-8.1,4095,992,1587,,0,,,Not Raised,618,5.3,High,180,111240
2024-10-01,MUM,SKU-001,Personal Care,ITC Limited,5309,4712,-11.2,4857,992,1587,,0,,,Not Raised,145,0.9,High,180,26100
2024-11-01,MUM,SKU-001,Personal Care,Hindustan Unilever Ltd,5634,6089,8.1,2966,992,1587,PO-80758,6564,2024-10-06,2024-11-16,Delivered,3441,17.0,Low,180,619380
2024-12-01,MUM,SKU-001,Personal Care,Godrej Consumer Products,5336,5073,-4.9,3860,992,1587,PO-81163,6833,2024-11-05,2024-12-06,Pending,5620,33.2,Low,180,1011600
2025-01-01,MUM,SKU-001,Personal Care,ITC Limited,3660,3121,-14.7,4904,992,1587,,0,,,Not Raised,1783,17.1,Low,180,320940
2025-02-01,MUM,SKU-001,Personal Care,Emami Limited,3573,3844,7.6,5029,992,1587,,0,,,Not Raised,1185,9.2,Medium,180,213300
2024-09-01,MUM,SKU-002,Personal Care,Dabur India,2288,2226,-2.7,4037,573,918,,0,,,Not Raised,1811,24.4,Low,320,579520
2024-10-01,MUM,SKU-002,Personal Care,Emami Limited,3097,2693,-13.0,1961,573,918,PO-93099,3590,2024-09-03,2024-10-12,Delivered,2858,31.8,Low,320,914560
2024-11-01,MUM,SKU-002,Personal Care,Dabur India,2971,3091,4.0,2044,573,918,PO-85245,3166,2024-10-08,2024-11-13,In Transit,2119,20.6,Low,320,678080
2024-12-01,MUM,SKU-002,Personal Care,Nestle India,3041,2758,-9.3,4000,573,918,,0,,,Not Raised,1242,13.5,Medium,320,397440
2025-01-01,MUM,SKU-002,Personal Care,Nestle India,2137,2278,6.6,3283,573,918,,0,,,Not Raised,1005,13.2,Medium,320,321600
2025-02-01,MUM,SKU-002,Personal Care,Procter & Gamble India,2295,2304,0.4,1581,573,918,PO-82012,2295,2025-01-11,2025-02-13,In Transit,1572,20.5,Low,320,503040
2024-09-01,MUM,SKU-003,Personal Care,Dabur India,1377,1342,-2.5,1209,319,511,PO-11136,1506,2024-08-07,2024-09-08,Delivered,1373,30.7,Low,95,130435
2024-10-01,MUM,SKU-003,Personal Care,Marico Industries,1664,1677,0.8,1154,319,511,PO-94095,1729,2024-09-03,2024-10-06,Pending,1206,21.6,Low,95,114570
2024-11-01,MUM,SKU-003,Personal Care,Emami Limited,1748,1557,-10.9,884,319,511,PO-59499,1934,2024-10-02,2024-11-13,Delivered,1261,24.3,Low,95,119795
2024-12-01,MUM,SKU-003,Personal Care,Godrej Consumer Products,1559,1532,-1.7,1905,319,511,,0,,,Not Raised,373,7.3,Medium,95,35435
2025-01-01,MUM,SKU-003,Personal Care,Emami Limited,1299,1301,0.2,910,319,511,PO-57820,1591,2024-12-02,2025-01-09,In Transit,1200,27.7,Low,95,114000
2025-02-01,MUM,SKU-003,Personal Care,Godrej Consumer Products,1203,1155,-4.0,1578,319,511,,0,,,Not Raised,423,11.0,Medium,95,40185
2024-09-01,MUM,SKU-004,Food & Beverages,Godrej Consumer Products,2458,2584,5.1,2953,611,978,,0,,,Not Raised,369,4.3,High,210,77490
2024-10-01,MUM,SKU-004,Food & Beverages,Emami Limited,3569,3811,6.8,2797,611,978,PO-18456,3831,2024-09-08,2024-10-10,In Transit,2817,22.2,Low,210,591570
2024-11-01,MUM,SKU-004,Food & Beverages,Marico Industries,3580,3260,-8.9,3125,611,978,PO-73356,3774,2024-10-02,2024-11-10,In Transit,3639,33.5,Low,210,764190
2024-12-01,MUM,SKU-004,Food & Beverages,Marico Industries,3156,3028,-4.1,1931,611,978,PO-58390,3290,2024-11-08,2024-12-14,In Transit,2193,21.7,Low,210,460530
2025-01-01,MUM,SKU-004,Food & Beverages,ITC Limited,2389,2517,5.4,3774,611,978,,0,,,Not Raised,1257,15.0,Low,210,263970
2025-02-01,MUM,SKU-004,Food & Beverages,Marico Industries,2656,2759,3.9,3913,611,978,,0,,,Not Raised,1154,12.5,Medium,210,242340
2024-09-01,MUM,SKU-005,Food & Beverages,Procter & Gamble India,844,821,-2.7,1437,218,349,,0,,,Not Raised,616,22.5,Low,145,89320
2024-10-01,MUM,SKU-005,Food & Beverages,Hindustan Unilever Ltd,1091,978,-10.4,1148,218,349,,0,,,Not Raised,170,5.2,High,145,24650
2024-11-01,MUM,SKU-005,Food & Beverages,Emami Limited,1278,1189,-7.0,537,218,349,PO-52216,1387,2024-10-14,2024-11-13,Delivered,735,18.5,Low,145,106575
2024-12-01,MUM,SKU-005,Food & Beverages,Nestle India,1191,1097,-7.9,862,218,349,PO-48069,1393,2024-11-09,2024-12-10,In Transit,1158,31.7,Low,145,167910
2025-01-01,MUM,SKU-005,Food & Beverages,Marico Industries,858,913,6.4,1299,218,349,,0,,,Not Raised,386,12.7,Medium,145,55970
2025-02-01,MUM,SKU-005,Food & Beverages,Procter & Gamble India,804,710,-11.7,1164,218,349,,0,,,Not Raised,454,19.2,Low,145,65830
2024-09-01,MUM,SKU-006,Food & Beverages,Emami Limited,1479,1593,7.7,2080,340,544,,0,,,Not Raised,487,9.2,Medium,480,233760
2024-10-01,MUM,SKU-006,Food & Beverages,Procter & Gamble India,1775,1598,-10.0,2247,340,544,,0,,,Not Raised,649,12.2,Medium,480,311520
2024-11-01,MUM,SKU-006,Food & Beverages,Godrej Consumer Products,1974,1859,-5.8,2358,340,544,,0,,,Not Raised,499,8.1,Medium,480,239520
2024-12-01,MUM,SKU-006,Food & Beverages,Nestle India,1994,2104,5.5,1910,340,544,PO-25733,2006,2024-11-04,2024-12-08,Pending,1812,25.8,Low,480,869760
2025-01-01,MUM,SKU-006,Food & Beverages,Marico Industries,1385,1494,7.9,1673,340,544,,0,,,Not Raised,179,3.6,High,480,85920
2025-02-01,MUM,SKU-006,Food & Beverages,Nestle India,1431,1332,-6.9,1584,340,544,,0,,,Not Raised,252,5.7,High,480,120960
2024-09-01,MUM,SKU-007,Food & Beverages,Marico Industries,2555,2674,4.7,4311,605,968,,0,,,Not Raised,1637,18.4,Low,190,311030
2024-10-01,MUM,SKU-007,Food & Beverages,Procter & Gamble India,3498,3344,-4.4,1590,605,968,PO-67323,4476,2024-09-02,2024-10-09,Pending,2722,24.4,Low,190,517180
2024-11-01,MUM,SKU-007,Food & Beverages,Godrej Consumer Products,3494,3329,-4.7,3106,605,968,PO-11459,4183,2024-10-02,2024-11-14,In Transit,3960,35.7,Low,190,752400
2024-12-01,MUM,SKU-007,Food & Beverages,Marico Industries,3458,3591,3.8,3445,605,968,PO-28415,3761,2024-11-05,2024-12-16,Delivered,3615,30.2,Low,190,686850
2025-01-01,MUM,SKU-007,Food & Beverages,Hindustan Unilever Ltd,2469,2195,-11.1,3224,605,968,,0,,,Not Raised,1029,14.1,Low,190,195510
2025-02-01,MUM,SKU-007,Food & Beverages,Procter & Gamble India,2511,2145,-14.6,2735,605,968,,0,,,Not Raised,590,8.3,Medium,190,112100
2024-09-01,MUM,SKU-008,Household,Godrej Consumer Products,3427,3503,2.2,2555,822,1315,PO-47964,3792,2024-08-03,2024-09-14,Delivered,2844,24.4,Low,350,995400
2024-10-01,MUM,SKU-008,Household,ITC Limited,4338,3704,-14.6,4424,822,1315,,0,,,Not Raised,720,5.8,High,350,252000
2024-11-01,MUM,SKU-008,Household,Marico Industries,4651,4447,-4.4,2451,822,1315,PO-31573,5291,2024-10-07,2024-11-09,Pending,3295,22.2,Low,350,1153250
2024-12-01,MUM,SKU-008,Household,Dabur India,4242,4281,0.9,4158,822,1315,PO-10936,5154,2024-11-02,2024-12-16,Delivered,5031,35.3,Low,350,1760850
2025-01-01,MUM,SKU-008,Household,Hindustan Unilever Ltd,3285,3376,2.8,4991,822,1315,,0,,,Not Raised,1615,14.4,Low,350,565250
2025-02-01,MUM,SKU-008,Household,Procter & Gamble India,3199,3312,3.5,3310,822,1315,PO-91161,3800,2025-01-13,2025-02-12,Pending,3798,34.4,Low,350,1329300
2024-09-01,MUM,SKU-009,Household,Hindustan Unilever Ltd,4323,3710,-14.2,4542,992,1588,,0,,,Not Raised,832,6.7,High,620,515840
2024-10-01,MUM,SKU-009,Household,Emami Limited,5197,5453,4.9,6441,992,1588,,0,,,Not Raised,988,5.4,High,620,612560
2024-11-01,MUM,SKU-009,Household,Procter & Gamble India,5473,5265,-3.8,2690,992,1588,PO-82455,5683,2024-10-14,2024-11-11,In Transit,3108,17.7,Low,620,1926960
2024-12-01,MUM,SKU-009,Household,Marico Industries,5305,4546,-14.3,6818,992,1588,,0,,,Not Raised,2272,15.0,Low,620,1408640
2025-01-01,MUM,SKU-009,Household,Nestle India,4259,4174,-2.0,3971,992,1588,PO-50655,4833,2024-12-13,2025-01-07,In Transit,4630,33.3,Low,620,2870600
2025-02-01,MUM,SKU-009,Household,Hindustan Unilever Ltd,3640,3524,-3.2,4666,992,1588,,0,,,Not Raised,1142,9.7,Medium,620,708040
2024-09-01,MUM,SKU-010,Household,Hindustan Unilever Ltd,3976,3803,-4.4,3075,925,1480,PO-63476,4018,2024-08-06,2024-09-14,Delivered,3290,26.0,Low,275,904750
2024-10-01,MUM,SKU-010,Household,Emami Limited,5056,5161,2.1,4450,925,1480,PO-68070,6539,2024-09-03,2024-10-14,Delivered,5828,33.9,Low,275,1602700
2024-11-01,MUM,SKU-010,Household,Marico Industries,4659,4584,-1.6,4111,925,1480,PO-58679,5590,2024-10-16,2024-11-12,In Transit,5117,33.5,Low,275,1407175
2024-12-01,MUM,SKU-010,Household,Hindustan Unilever Ltd,5493,5149,-6.3,3801,925,1480,PO-51740,6786,2024-11-06,2024-12-10,Delivered,5438,31.7,Low,275,1495450
2025-01-01,MUM,SKU-010,Household,Marico Industries,4030,4188,3.9,5193,925,1480,,0,,,Not Raised,1005,7.2,Medium,275,276375
2025-02-01,MUM,SKU-010,Household,Hindustan Unilever Ltd,3688,3742,1.5,3792,925,1480,,0,,,Not Raised,50,0.4,High,275,13750
2024-09-01,MUM,SKU-011,Personal Care,ITC Limited,2056,1839,-10.6,3059,536,858,,0,,,Not Raised,1220,19.9,Low,240,292800
2024-10-01,MUM,SKU-011,Personal Care,Godrej Consumer Products,2621,2582,-1.5,2111,536,858,PO-73495,2876,2024-09-02,2024-10-08,Delivered,2405,27.9,Low,240,577200
2024-11-01,MUM,SKU-011,Personal Care,Nestle India,2897,3010,3.9,3305,536,858,,0,,,Not Raised,295,2.9,High,240,70800
2024-12-01,MUM,SKU-011,Personal Care,Hindustan Unilever Ltd,2633,2252,-14.5,2028,536,858,PO-71199,2723,2024-11-07,2024-12-07,In Transit,2499,33.3,Low,240,599760
2025-01-01,MUM,SKU-011,Personal Care,ITC Limited,2245,2433,8.4,2066,536,858,PO-66114,2409,2024-12-05,2025-01-12,Delivered,2042,25.2,Low,240,490080
2025-02-01,MUM,SKU-011,Personal Care,Procter & Gamble India,2259,2384,5.5,1508,536,858,PO-94922,2689,2025-01-05,2025-02-12,Delivered,1813,22.8,Low,240,435120
2024-09-01,MUM,SKU-012,Food & Beverages,Godrej Consumer Products,2658,2727,2.6,3135,694,1111,,0,,,Not Raised,408,4.5,High,165,67320
2024-10-01,MUM,SKU-012,Food & Beverages,Godrej Consumer Products,3409,2932,-14.0,4431,694,1111,,0,,,Not Raised,1499,15.3,Low,165,247335
2024-11-01,MUM,SKU-012,Food & Beverages,Nestle India,3789,3252,-14.2,3802,694,1111,,0,,,Not Raised,550,5.1,High,165,90750
2024-12-01,MUM,SKU-012,Food & Beverages,Dabur India,3472,3365,-3.1,3020,694,1111,PO-89558,4400,2024-11-15,2024-12-16,In Transit,4055,36.2,Low,165,669075
2025-01-01,MUM,SKU-012,Food & Beverages,Emami Limited,2938,2955,0.6,2773,694,1111,PO-37677,3510,2024-12-16,2025-01-16,Delivered,3328,33.8,Low,165,549120
2025-02-01,MUM,SKU-012,Food & Beverages,Nestle India,2812,2673,-4.9,3291,694,1111,,0,,,Not Raised,618,6.9,High,165,101970
2024-09-01,MUM,SKU-013,Household,ITC Limited,2504,2331,-6.9,3158,651,1042,,0,,,Not Raised,827,10.6,Medium,410,339070
2024-10-01,MUM,SKU-013,Household,Nestle India,3507,3440,-1.9,2254,651,1042,PO-44161,3874,2024-09-07,2024-10-16,Pending,2688,23.4,Low,410,1102080
2024-11-01,MUM,SKU-013,Household,Emami Limited,3357,3387,0.9,4013,651,1042,,0,,,Not Raised,626,5.5,High,410,256660
2024-12-01,MUM,SKU-013,Household,Hindustan Unilever Ltd,3448,3144,-8.8,3463,651,1042,,0,,,Not Raised,319,3.0,High,410,130790
2025-01-01,MUM,SKU-013,Household,Emami Limited,2725,2493,-8.5,2225,651,1042,PO-74987,3466,2024-12-17,2025-01-10,Pending,3198,38.5,Low,410,1311180
2025-02-01,MUM,SKU-013,Household,Marico Industries,2674,2835,6.0,1890,651,1042,PO-16675,2682,2025-01-05,2025-02-07,Pending,1737,18.4,Low,410,712170
2024-09-01,MUM,SKU-014,Personal Care,ITC Limited,2359,2301,-2.5,2648,582,931,,0,,,Not Raised,347,4.5,High,115,39905
2024-10-01,MUM,SKU-014,Personal Care,ITC Limited,3142,2681,-14.7,3046,582,931,,0,,,Not Raised,365,4.1,High,115,41975
2024-11-01,MUM,SKU-014,Personal Care,ITC Limited,3387,3699,9.2,4078,582,931,,0,,,Not Raised,379,3.1,High,115,43585
2024-12-01,MUM,SKU-014,Personal Care,Dabur India,2969,2536,-14.6,3795,582,931,,0,,,Not Raised,1259,14.9,Low,115,144785
2025-01-01,MUM,SKU-014,Personal Care,Dabur India,2272,1992,-12.3,1902,582,931,PO-52665,2337,2024-12-16,2025-01-07,In Transit,2247,33.8,Low,115,258405
2025-02-01,MUM,SKU-014,Personal Care,Godrej Consumer Products,2217,2111,-4.8,4179,582,931,,0,,,Not Raised,2068,29.4,Low,115,237820
2024-09-01,MUM,SKU-015,Food & Beverages,Procter & Gamble India,1325,1163,-12.2,2199,335,536,,0,,,Not Raised,1036,26.7,Low,540,559440
2024-10-01,MUM,SKU-015,Food & Beverages,Godrej Consumer Products,1783,1572,-11.8,1453,335,536,PO-75296,2050,2024-09-04,2024-10-08,Delivered,1931,36.9,Low,540,1042740
2024-11-01,MUM,SKU-015,Food & Beverages,Marico Industries,1917,1935,0.9,2321,335,536,,0,,,Not Raised,386,6.0,High,540,208440
2024-12-01,MUM,SKU-015,Food & Beverages,Procter & Gamble India,1732,1488,-14.1,901,335,536,PO-95462,2025,2024-11-02,2024-12-07,In Transit,1438,29.0,Low,540,776520
2025-01-01,MUM,SKU-015,Food & Beverages,ITC Limited,1266,1316,3.9,2051,335,536,,0,,,Not Raised,735,16.8,Low,540,396900
2025-02-01,MUM,SKU-015,Food & Beverages,Emami Limited,1458,1252,-14.1,1252,335,536,,0,,,Not Raised,0,0.0,High,540,0
2024-09-01,MUM,SKU-016,Household,Emami Limited,3942,4165,5.7,3327,906,1450,PO-53642,5016,2024-08-09,2024-09-13,Delivered,4178,30.1,Low,890,3718420
2024-10-01,MUM,SKU-016,Household,Godrej Consumer Products,4440,4068,-8.4,5507,906,1450,,0,,,Not Raised,1439,10.6,Medium,890,1280710
2024-11-01,MUM,SKU-016,Household,Nestle India,4585,4196,-8.5,6388,906,1450,,0,,,Not Raised,2192,15.7,Low,890,1950880
2024-12-01,MUM,SKU-016,Household,Dabur India,4991,5230,4.8,5387,906,1450,,0,,,Not Raised,157,0.9,High,890,139730
2025-01-01,MUM,SKU-016,Household,Marico Industries,3790,3571,-5.8,2550,906,1450,PO-83099,4555,2024-12-14,2025-01-09,Pending,3534,29.7,Low,890,3145260
2025-02-01,MUM,SKU-016,Household,Emami Limited,3294,3289,-0.2,4285,906,1450,,0,,,Not Raised,996,9.1,Medium,890,886440
2024-09-01,MUM,SKU-017,Personal Care,Procter & Gamble India,2375,2376,0.0,4030,640,1025,,0,,,Not Raised,1654,20.9,Low,380,628520
2024-10-01,MUM,SKU-017,Personal Care,Nestle India,3421,3416,-0.1,4400,640,1025,,0,,,Not Raised,984,8.6,Medium,380,373920
2024-11-01,MUM,SKU-017,Personal Care,Emami Limited,3330,2975,-10.7,2999,640,1025,,0,,,Not Raised,24,0.2,High,380,9120
2024-12-01,MUM,SKU-017,Personal Care,Dabur India,3115,3272,5.0,2403,640,1025,PO-10445,3746,2024-11-07,2024-12-12,In Transit,2877,26.4,Low,380,1093260
2025-01-01,MUM,SKU-017,Personal Care,Godrej Consumer Products,2715,2603,-4.1,1919,640,1025,PO-54759,3001,2024-12-08,2025-01-08,In Transit,2317,26.7,Low,380,880460
2025-02-01,MUM,SKU-017,Personal Care,Dabur India,2504,2477,-1.1,1978,640,1025,PO-26106,3213,2025-01-13,2025-02-07,Delivered,2714,32.9,Low,380,1031320
2024-09-01,MUM,SKU-018,Food & Beverages,Godrej Consumer Products,2697,2535,-6.0,1727,628,1006,PO-28528,2704,2024-08-06,2024-09-10,Delivered,1896,22.4,Low,225,426600
2024-10-01,MUM,SKU-018,Food & Beverages,Nestle India,3643,3405,-6.5,2618,628,1006,PO-11735,4629,2024-09-15,2024-10-14,In Transit,3842,33.9,Low,225,864450
2024-11-01,MUM,SKU-018,Food & Beverages,Nestle India,3353,3244,-3.3,1965,628,1006,PO-96058,3542,2024-10-08,2024-11-06,Pending,2263,20.9,Low,225,509175
2024-12-01,MUM,SKU-018,Food & Beverages,Procter & Gamble India,3475,3378,-2.8,4334,628,1006,,0,,,Not Raised,956,8.5,Medium,225,215100
2025-01-01,MUM,SKU-018,Food & Beverages,Procter & Gamble India,2339,2262,-3.3,2871,628,1006,,0,,,Not Raised,609,8.1,Medium,225,137025
2025-02-01,MUM,SKU-018,Food & Beverages,Emami Limited,2341,2229,-4.8,2863,628,1006,,0,,,Not Raised,634,8.5,Medium,225,142650
2024-09-01,MUM,SKU-019,Household,ITC Limited,3058,2931,-4.2,4140,774,1238,,0,,,Not Raised,1209,12.4,Medium,560,677040
2024-10-01,MUM,SKU-019,Household,Marico Industries,4247,4506,6.1,4689,774,1238,,0,,,Not Raised,183,1.2,High,560,102480
2024-11-01,MUM,SKU-019,Household,Procter & Gamble India,4296,4143,-3.6,2950,774,1238,PO-19558,5180,2024-10-08,2024-11-10,Pending,3987,28.9,Low,560,2232720
2024-12-01,MUM,SKU-019,Household,Marico Industries,3929,3819,-2.8,4224,774,1238,,0,,,Not Raised,405,3.2,High,560,226800
2025-01-01,MUM,SKU-019,Household,Emami Limited,2883,3074,6.6,4561,774,1238,,0,,,Not Raised,1487,14.5,Low,560,832720
2025-02-01,MUM,SKU-019,Household,Hindustan Unilever Ltd,3039,2781,-8.5,4885,774,1238,,0,,,Not Raised,2104,22.7,Low,560,1178240
2024-09-01,MUM,SKU-020,Personal Care,Emami Limited,2148,2003,-6.8,2155,496,794,,0,,,Not Raised,152,2.3,High,195,29640
2024-10-01,MUM,SKU-020,Personal Care,ITC Limited,2894,2927,1.1,1690,496,794,PO-37052,3056,2024-09-10,2024-10-07,In Transit,1819,18.6,Low,195,354705
2024-11-01,MUM,SKU-020,Personal Care,Procter & Gamble India,2881,2797,-2.9,2614,496,794,PO-34826,3176,2024-10-08,2024-11-06,Delivered,2993,32.1,Low,195,583635
2024-12-01,MUM,SKU-020,Personal Care,ITC Limited,2520,2554,1.3,3087,496,794,,0,,,Not Raised,533,6.3,High,195,103935
2025-01-01,MUM,SKU-020,Personal Care,Hindustan Unilever Ltd,1990,1743,-12.4,2151,496,794,,0,,,Not Raised,408,7.0,Medium,195,79560
2025-02-01,MUM,SKU-020,Personal Care,ITC Limited,1849,1767,-4.4,2473,496,794,,0,,,Not Raised,706,12.0,Medium,195,137670
2024-09-01,MUM,SKU-021,Food & Beverages,Godrej Consumer Products,3318,3004,-9.5,3812,772,1235,,0,,,Not Raised,808,8.1,Medium,300,242400
2024-10-01,MUM,SKU-021,Food & Beverages,ITC Limited,4549,3948,-13.2,3164,772,1235,PO-57117,5606,2024-09-09,2024-10-15,In Transit,4822,36.6,Low,300,1446600
2024-11-01,MUM,SKU-021,Food & Beverages,Emami Limited,4157,3803,-8.5,2174,772,1235,PO-65876,4552,2024-10-15,2024-11-06,Pending,2923,23.1,Low,300,876900
2024-12-01,MUM,SKU-021,Food & Beverages,Emami Limited,3763,3593,-4.5,2533,772,1235,PO-14964,4570,2024-11-05,2024-12-06,In Transit,3510,29.3,Low,300,1053000
2025-01-01,MUM,SKU-021,Food & Beverages,Nestle India,3367,3207,-4.8,5518,772,1235,,0,,,Not Raised,2311,21.6,Low,300,693300
2025-02-01,MUM,SKU-021,Food & Beverages,Nestle India,3280,3042,-7.3,5381,772,1235,,0,,,Not Raised,2339,23.1,Low,300,701700
2024-09-01,MUM,SKU-022,Household,Nestle India,938,1013,8.0,1014,252,404,,0,,,Not Raised,1,0.0,High,740,740
2024-10-01,MUM,SKU-022,Household,ITC Limited,1464,1571,7.3,1771,252,404,,0,,,Not Raised,200,3.8,High,740,148000
2024-11-01,MUM,SKU-022,Household,Dabur India,1484,1549,4.4,1014,252,404,PO-14347,1909,2024-10-13,2024-11-07,Delivered,1374,26.6,Low,740,1016760
2024-12-01,MUM,SKU-022,Household,Marico Industries,1248,1331,6.7,1629,252,404,,0,,,Not Raised,298,6.7,High,740,220520
2025-01-01,MUM,SKU-022,Household,Marico Industries,1095,935,-14.6,770,252,404,PO-94222,1297,2024-12-15,2025-01-06,Pending,1132,36.3,Low,740,837680
2025-02-01,MUM,SKU-022,Household,Emami Limited,980,1045,6.6,1118,252,404,,0,,,Not Raised,73,2.1,High,740,54020
2024-09-01,MUM,SKU-023,Personal Care,Procter & Gamble India,1660,1566,-5.7,2999,422,675,,0,,,Not Raised,1433,27.5,Low,270,386910
2024-10-01,MUM,SKU-023,Personal Care,Hindustan Unilever Ltd,2241,1956,-12.7,1805,422,675,PO-68002,2866,2024-09-11,2024-10-07,In Transit,2715,41.6,Low,270,733050
2024-11-01,MUM,SKU-023,Personal Care,Procter & Gamble India,2485,2404,-3.3,1409,422,675,PO-85833,2876,2024-10-03,2024-11-07,In Transit,1881,23.5,Low,270,507870
2024-12-01,MUM,SKU-023,Personal Care,Nestle India,2059,2068,0.4,2233,422,675,,0,,,Not Raised,165,2.4,High,270,44550
2025-01-01,MUM,SKU-023,Personal Care,Emami Limited,1528,1318,-13.7,2725,422,675,,0,,,Not Raised,1407,32.0,Low,270,379890
2025-02-01,MUM,SKU-023,Personal Care,Nestle India,1578,1655,4.9,1989,422,675,,0,,,Not Raised,334,6.1,High,270,90180
2024-09-01,MUM,SKU-024,Food & Beverages,Godrej Consumer Products,3871,4195,8.4,4202,882,1411,,0,,,Not Raised,7,0.1,High,180,1260
2024-10-01,MUM,SKU-024,Food & Beverages,Nestle India,5138,4943,-3.8,4334,882,1411,PO-70535,5961,2024-09-11,2024-10-07,Delivered,5352,32.5,Low,180,963360
2024-11-01,MUM,SKU-024,Food & Beverages,Marico Industries,4505,3961,-12.1,3515,882,1411,PO-97899,4740,2024-10-11,2024-11-08,Delivered,4294,32.5,Low,180,772920
2024-12-01,MUM,SKU-024,Food & Beverages,Procter & Gamble India,4934,5383,9.1,3506,882,1411,PO-82177,4989,2024-11-07,2024-12-15,Pending,3112,17.3,Low,180,560160
2025-01-01,MUM,SKU-024,Food & Beverages,ITC Limited,3658,3882,6.1,3369,882,1411,PO-76304,4503,2024-12-06,2025-01-10,Delivered,3990,30.8,Low,180,718200
2025-02-01,MUM,SKU-024,Food & Beverages,Nestle India,3555,3721,4.7,3646,882,1411,PO-45336,3841,2025-01-16,2025-02-06,In Transit,3766,30.4,Low,180,677880
2024-09-01,MUM,SKU-025,Household,Procter & Gamble India,4027,3641,-9.6,4190,958,1533,,0,,,Not Raised,549,4.5,High,980,538020
2024-10-01,MUM,SKU-025,Household,Godrej Consumer Products,5151,4829,-6.3,6798,958,1533,,0,,,Not Raised,1969,12.2,Medium,980,1929620
2024-11-01,MUM,SKU-025,Household,Procter & Gamble India,5328,4901,-8.0,6522,958,1533,,0,,,Not Raised,1621,9.9,Medium,980,1588580
2024-12-01,MUM,SKU-025,Household,Hindustan Unilever Ltd,5215,4903,-6.0,2362,958,1533,PO-34678,6375,2024-11-02,2024-12-06,Pending,3834,23.5,Low,980,3757320
2025-01-01,MUM,SKU-025,Household,Hindustan Unilever Ltd,3538,3705,4.7,2736,958,1533,PO-47060,4470,2024-12-10,2025-01-11,Pending,3501,28.3,Low,980,3430980
2025-02-01,MUM,SKU-025,Household,Godrej Consumer Products,3597,3270,-9.1,6007,958,1533,,0,,,Not Raised,2737,25.1,Low,980,2682260
2024-09-01,MUM,SKU-026,Personal Care,Hindustan Unilever Ltd,1245,1238,-0.6,1104,301,481,PO-21879,1288,2024-08-15,2024-09-10,In Transit,1154,28.0,Low,155,178870
2024-10-01,MUM,SKU-026,Personal Care,Procter & Gamble India,1751,1784,1.9,2151,301,481,,0,,,Not Raised,367,6.2,High,155,56885
2024-11-01,MUM,SKU-026,Personal Care,Nestle India,1569,1336,-14.9,2074,301,481,,0,,,Not Raised,738,16.6,Low,155,114390
2024-12-01,MUM,SKU-026,Personal Care,Dabur India,1783,1876,5.2,1276,301,481,PO-27098,2150,2024-11-10,2024-12-07,In Transit,1550,24.8,Low,155,240250
2025-01-01,MUM,SKU-026,Personal Care,Procter & Gamble India,1266,1202,-5.1,2076,301,481,,0,,,Not Raised,874,21.8,Low,155,135470
2025-02-01,MUM,SKU-026,Personal Care,Hindustan Unilever Ltd,1111,970,-12.7,798,301,481,PO-18363,1294,2025-01-13,2025-02-09,Delivered,1122,34.7,Low,155,173910
2024-09-01,MUM,SKU-027,Food & Beverages,Dabur India,2537,2594,2.2,1900,637,1020,PO-16055,3141,2024-08-08,2024-09-11,In Transit,2447,28.3,Low,360,880920
2024-10-01,MUM,SKU-027,Food & Beverages,Godrej Consumer Products,3328,2920,-12.3,3567,637,1020,,0,,,Not Raised,647,6.6,High,360,232920
2024-11-01,MUM,SKU-027,Food & Beverages,Hindustan Unilever Ltd,3118,2707,-13.2,4271,637,1020,,0,,,Not Raised,1564,17.3,Low,360,563040
2024-12-01,MUM,SKU-027,Food & Beverages,Emami Limited,3102,3280,5.7,4020,637,1020,,0,,,Not Raised,740,6.8,High,360,266400
2025-01-01,MUM,SKU-027,Food & Beverages,Godrej Consumer Products,2688,2821,4.9,2242,637,1020,PO-21406,2976,2024-12-04,2025-01-09,In Transit,2397,25.5,Low,360,862920
2025-02-01,MUM,SKU-027,Food & Beverages,Dabur India,2535,2428,-4.2,2636,637,1020,,0,,,Not Raised,208,2.6,High,360,74880
2024-09-01,MUM,SKU-028,Household,Hindustan Unilever Ltd,1478,1497,1.3,1016,401,641,PO-62016,1790,2024-08-05,2024-09-13,Delivered,1309,26.2,Low,290,379610
2024-10-01,MUM,SKU-028,Household,Marico Industries,2128,2203,3.5,1004,401,641,PO-67711,2316,2024-09-11,2024-10-09,In Transit,1117,15.2,Low,290,323930
2024-11-01,MUM,SKU-028,Household,Godrej Consumer Products,2141,1863,-13.0,1541,401,641,PO-35119,2169,2024-10-02,2024-11-07,In Transit,1847,29.7,Low,290,535630
2024-12-01,MUM,SKU-028,Household,Marico Industries,2014,2071,2.8,2624,401,641,,0,,,Not Raised,553,8.0,Medium,290,160370
2025-01-01,MUM,SKU-028,Household,Marico Industries,1666,1698,1.9,1631,401,641,PO-78503,1862,2024-12-14,2025-01-11,Pending,1795,31.7,Low,290,520550
2025-02-01,MUM,SKU-028,Household,ITC Limited,1643,1770,7.7,2741,401,641,,0,,,Not Raised,971,16.5,Low,290,281590
2024-09-01,MUM,SKU-029,Personal Care,ITC Limited,2390,2466,3.2,3985,609,975,,0,,,Not Raised,1519,18.5,Low,430,653170
2024-10-01,MUM,SKU-029,Personal Care,ITC Limited,3277,2872,-12.4,3997,609,975,,0,,,Not Raised,1125,11.8,Medium,430,483750
2024-11-01,MUM,SKU-029,Personal Care,ITC Limited,3025,2766,-8.6,3580,609,975,,0,,,Not Raised,814,8.8,Medium,430,350020
2024-12-01,MUM,SKU-029,Personal Care,Procter & Gamble India,3066,3143,2.5,2928,609,975,PO-19746,3980,2024-11-07,2024-12-12,In Transit,3765,35.9,Low,430,1618950
2025-01-01,MUM,SKU-029,Personal Care,Hindustan Unilever Ltd,2641,2862,8.4,2761,609,975,PO-99442,3372,2024-12-02,2025-01-10,Delivered,3271,34.3,Low,430,1406530
2025-02-01,MUM,SKU-029,Personal Care,Marico Industries,2395,2393,-0.1,2371,609,975,PO-10644,3073,2025-01-16,2025-02-14,In Transit,3051,38.2,Low,430,1311930
2024-09-01,MUM,SKU-030,Food & Beverages,ITC Limited,2556,2177,-14.8,2033,681,1089,PO-70490,3307,2024-08-15,2024-09-13,In Transit,3163,43.6,Low,650,2055950
2024-10-01,MUM,SKU-030,Food & Beverages,Hindustan Unilever Ltd,3330,2917,-12.4,3759,681,1089,,0,,,Not Raised,842,8.7,Medium,650,547300
2024-11-01,MUM,SKU-030,Food & Beverages,ITC Limited,3393,3454,1.8,3111,681,1089,PO-69647,3934,2024-10-15,2024-11-16,Pending,3591,31.2,Low,650,2334150
2024-12-01,MUM,SKU-030,Food & Beverages,Marico Industries,3429,3718,8.4,4788,681,1089,,0,,,Not Raised,1070,8.6,Medium,650,695500
2025-01-01,MUM,SKU-030,Food & Beverages,Dabur India,2771,2603,-6.1,4375,681,1089,,0,,,Not Raised,1772,20.4,Low,650,1151800
2025-02-01,MUM,SKU-030,Food & Beverages,Emami Limited,2458,2128,-13.4,1843,681,1089,PO-17503,3029,2025-01-07,2025-02-10,Delivered,2744,38.7,Low,650,1783600
2024-09-01,BLR,SKU-001,Personal Care,Nestle India,4135,4417,6.8,5015,992,1587,,0,,,Not Raised,598,4.1,High,180,107640
2024-10-01,BLR,SKU-001,Personal Care,ITC Limited,5735,4982,-13.1,4387,992,1587,PO-26004,6217,2024-09-08,2024-10-08,In Transit,5622,33.9,Low,180,1011960
2024-11-01,BLR,SKU-001,Personal Care,Dabur India,5093,5600,10.0,3891,992,1587,PO-79228,5538,2024-10-05,2024-11-12,Delivered,3829,20.5,Low,180,689220
2024-12-01,BLR,SKU-001,Personal Care,Emami Limited,4978,4516,-9.3,6396,992,1587,,0,,,Not Raised,1880,12.5,Medium,180,338400
2025-01-01,BLR,SKU-001,Personal Care,Dabur India,4282,4584,7.1,2982,992,1587,PO-62472,4376,2024-12-15,2025-01-12,Pending,2774,18.2,Low,180,499320
2025-02-01,BLR,SKU-001,Personal Care,Godrej Consumer Products,3615,3541,-2.0,6902,992,1587,,0,,,Not Raised,3361,28.5,Low,180,604980
2024-09-01,BLR,SKU-002,Personal Care,Procter & Gamble India,2110,2163,2.5,3066,573,918,,0,,,Not Raised,903,12.5,Medium,320,288960
2024-10-01,BLR,SKU-002,Personal Care,Dabur India,2961,3027,2.2,2453,573,918,PO-52565,3091,2024-09-01,2024-10-10,In Transit,2517,24.9,Low,320,805440
2024-11-01,BLR,SKU-002,Personal Care,Hindustan Unilever Ltd,2905,3141,8.1,1648,573,918,PO-66380,3282,2024-10-09,2024-11-15,In Transit,1789,17.1,Low,320,572480
2024-12-01,BLR,SKU-002,Personal Care,ITC Limited,2809,2614,-6.9,3639,573,918,,0,,,Not Raised,1025,11.8,Medium,320,328000
2025-01-01,BLR,SKU-002,Personal Care,ITC Limited,2109,2257,7.0,2687,573,918,,0,,,Not Raised,430,5.7,High,320,137600
2025-02-01,BLR,SKU-002,Personal Care,Hindustan Unilever Ltd,2492,2518,1.0,2177,573,918,PO-75059,2809,2025-01-10,2025-02-16,Delivered,2468,29.4,Low,320,789760
2024-09-01,BLR,SKU-003,Personal Care,Godrej Consumer Products,1290,1369,6.1,837,319,511,PO-69358,1477,2024-08-04,2024-09-15,Pending,945,20.7,Low,95,89775
2024-10-01,BLR,SKU-003,Personal Care,Procter & Gamble India,1812,1564,-13.7,1622,319,511,,0,,,Not Raised,58,1.1,High,95,5510
2024-11-01,BLR,SKU-003,Personal Care,Godrej Consumer Products,1893,1738,-8.2,1834,319,511,,0,,,Not Raised,96,1.7,High,95,9120
2024-12-01,BLR,SKU-003,Personal Care,Dabur India,1772,1934,9.1,1747,319,511,PO-39215,2031,2024-11-01,2024-12-09,Delivered,1844,28.6,Low,95,175180
2025-01-01,BLR,SKU-003,Personal Care,Marico Industries,1246,1262,1.3,1769,319,511,,0,,,Not Raised,507,12.1,Medium,95,48165
2025-02-01,BLR,SKU-003,Personal Care,ITC Limited,1214,1262,4.0,1500,319,511,,0,,,Not Raised,238,5.7,High,95,22610
2024-09-01,BLR,SKU-004,Food & Beverages,Godrej Consumer Products,2527,2465,-2.5,2526,611,978,,0,,,Not Raised,61,0.7,High,210,12810
2024-10-01,BLR,SKU-004,Food & Beverages,Marico Industries,3525,3063,-13.1,3842,611,978,,0,,,Not Raised,779,7.6,Medium,210,163590
2024-11-01,BLR,SKU-004,Food & Beverages,ITC Limited,3499,3253,-7.0,2214,611,978,PO-25148,3503,2024-10-11,2024-11-13,Delivered,2464,22.7,Low,210,517440
2024-12-01,BLR,SKU-004,Food & Beverages,Godrej Consumer Products,3315,3332,0.5,3103,611,978,PO-32171,4007,2024-11-08,2024-12-16,Delivered,3778,34.0,Low,210,793380
2025-01-01,BLR,SKU-004,Food & Beverages,Godrej Consumer Products,2478,2309,-6.8,3781,611,978,,0,,,Not Raised,1472,19.1,Low,210,309120
2025-02-01,BLR,SKU-004,Food & Beverages,Nestle India,2218,2079,-6.3,4174,611,978,,0,,,Not Raised,2095,30.2,Low,210,439950
2024-09-01,BLR,SKU-005,Food & Beverages,Nestle India,874,858,-1.8,993,218,349,,0,,,Not Raised,135,4.7,High,145,19575
2024-10-01,BLR,SKU-005,Food & Beverages,Emami Limited,1154,1126,-2.4,940,218,349,PO-93289,1225,2024-09-11,2024-10-10,Delivered,1039,27.7,Low,145,150655
2024-11-01,BLR,SKU-005,Food & Beverages,Hindustan Unilever Ltd,1084,1083,-0.1,1428,218,349,,0,,,Not Raised,345,9.6,Medium,145,50025
2024-12-01,BLR,SKU-005,Food & Beverages,Emami Limited,1253,1290,3.0,1491,218,349,,0,,,Not Raised,201,4.7,High,145,29145
2025-01-01,BLR,SKU-005,Food & Beverages,Hindustan Unilever Ltd,817,794,-2.8,1202,218,349,,0,,,Not Raised,408,15.4,Low,145,59160
2025-02-01,BLR,SKU-005,Food & Beverages,Hindustan Unilever Ltd,875,860,-1.7,1296,218,349,,0,,,Not Raised,436,15.2,Low,145,63220
2024-09-01,BLR,SKU-006,Food & Beverages,Godrej Consumer Products,1331,1397,5.0,961,340,544,PO-88993,1380,2024-08-14,2024-09-13,Pending,944,20.3,Low,480,453120
2024-10-01,BLR,SKU-006,Food & Beverages,Nestle India,1703,1683,-1.2,2086,340,544,,0,,,Not Raised,403,7.2,Medium,480,193440
2024-11-01,BLR,SKU-006,Food & Beverages,Hindustan Unilever Ltd,1729,1882,8.8,1118,340,544,PO-38074,1931,2024-10-02,2024-11-08,In Transit,1167,18.6,Low,480,560160
2024-12-01,BLR,SKU-006,Food & Beverages,Emami Limited,1843,1725,-6.4,2050,340,544,,0,,,Not Raised,325,5.7,High,480,156000
2025-01-01,BLR,SKU-006,Food & Beverages,ITC Limited,1257,1123,-10.7,1567,340,544,,0,,,Not Raised,444,11.9,Medium,480,213120
2025-02-01,BLR,SKU-006,Food & Beverages,Marico Industries,1484,1358,-8.5,1125,340,544,PO-34723,1836,2025-01-02,2025-02-16,Pending,1603,35.4,Low,480,769440
2024-09-01,BLR,SKU-007,Food & Beverages,Marico Industries,2248,2088,-7.1,2881,605,968,,0,,,Not Raised,793,11.4,Medium,190,150670
2024-10-01,BLR,SKU-007,Food & Beverages,Dabur India,3505,3136,-10.5,3731,605,968,,0,,,Not Raised,595,5.7,High,190,113050
2024-11-01,BLR,SKU-007,Food & Beverages,ITC Limited,3413,2911,-14.7,2186,605,968,PO-58446,3448,2024-10-10,2024-11-13,In Transit,2723,28.1,Low,190,517370
2024-12-01,BLR,SKU-007,Food & Beverages,Dabur India,3366,3244,-3.6,3246,605,968,,0,,,Not Raised,2,0.0,High,190,380
2025-01-01,BLR,SKU-007,Food & Beverages,Godrej Consumer Products,2248,1939,-13.7,3949,605,968,,0,,,Not Raised,2010,31.1,Low,190,381900
2025-02-01,BLR,SKU-007,Food & Beverages,Godrej Consumer Products,2661,2352,-11.6,4239,605,968,,0,,,Not Raised,1887,24.1,Low,190,358530
2024-09-01,BLR,SKU-008,Household,Hindustan Unilever Ltd,3108,3317,6.7,4503,822,1315,,0,,,Not Raised,1186,10.7,Medium,350,415100
2024-10-01,BLR,SKU-008,Household,Procter & Gamble India,4762,4731,-0.7,3389,822,1315,PO-61823,5974,2024-09-01,2024-10-13,Pending,4632,29.4,Low,350,1621200
2024-11-01,BLR,SKU-008,Household,Procter & Gamble India,4258,4453,4.6,3901,822,1315,PO-78232,4846,2024-10-06,2024-11-13,Delivered,4294,28.9,Low,350,1502900
2024-12-01,BLR,SKU-008,Household,ITC Limited,4636,4055,-12.5,5765,822,1315,,0,,,Not Raised,1710,12.7,Medium,350,598500
2025-01-01,BLR,SKU-008,Household,ITC Limited,3044,2700,-11.3,2918,822,1315,,0,,,Not Raised,218,2.4,High,350,76300
2025-02-01,BLR,SKU-008,Household,Marico Industries,3027,3245,7.2,2264,822,1315,PO-53014,3622,2025-01-16,2025-02-07,Delivered,2641,24.4,Low,350,924350
2024-09-01,BLR,SKU-009,Household,Nestle India,3722,4043,8.6,5604,992,1588,,0,,,Not Raised,1561,11.6,Medium,620,967820
2024-10-01,BLR,SKU-009,Household,Procter & Gamble India,5754,5473,-4.9,5129,992,1588,PO-28275,7401,2024-09-07,2024-10-07,Delivered,7057,38.7,Low,620,4375340
2024-11-01,BLR,SKU-009,Household,Procter & Gamble India,5705,5029,-11.8,3468,992,1588,PO-78645,5996,2024-10-16,2024-11-14,In Transit,4435,26.5,Low,620,2749700
2024-12-01,BLR,SKU-009,Household,Marico Industries,5630,6033,7.2,6479,992,1588,,0,,,Not Raised,446,2.2,High,620,276520
2025-01-01,BLR,SKU-009,Household,Dabur India,3620,3772,4.2,6022,992,1588,,0,,,Not Raised,2250,17.9,Low,620,1395000
2025-02-01,BLR,SKU-009,Household,Procter & Gamble India,3737,3952,5.8,2881,992,1588,PO-72878,4275,2025-01-06,2025-02-14,In Transit,3204,24.3,Low,620,1986480
2024-09-01,BLR,SKU-010,Household,ITC Limited,3789,3338,-11.9,6440,925,1480,,0,,,Not Raised,3102,27.9,Low,275,853050
2024-10-01,BLR,SKU-010,Household,Procter & Gamble India,4921,5347,8.7,4681,925,1480,PO-68507,5128,2024-09-15,2024-10-14,Delivered,4462,25.0,Low,275,1227050
2024-11-01,BLR,SKU-010,Household,Procter & Gamble India,4565,4002,-12.3,3251,925,1480,PO-80819,5832,2024-10-08,2024-11-10,Pending,5081,38.1,Low,275,1397275
2024-12-01,BLR,SKU-010,Household,ITC Limited,4501,4325,-3.9,3457,925,1480,PO-39272,5378,2024-11-09,2024-12-14,Delivered,4510,31.3,Low,275,1240250
2025-01-01,BLR,SKU-010,Household,Dabur India,3918,3766,-3.9,5202,925,1480,,0,,,Not Raised,1436,11.4,Medium,275,394900
2025-02-01,BLR,SKU-010,Household,Dabur India,3624,3357,-7.4,3848,925,1480,,0,,,Not Raised,491,4.4,High,275,135025
2024-09-01,BLR,SKU-011,Personal Care,Hindustan Unilever Ltd,1943,2067,6.4,3558,536,858,,0,,,Not Raised,1491,21.6,Low,240,357840
2024-10-01,BLR,SKU-011,Personal Care,Godrej Consumer Products,2615,2820,7.8,3650,536,858,,0,,,Not Raised,830,8.8,Medium,240,199200
2024-11-01,BLR,SKU-011,Personal Care,ITC Limited,2982,2913,-2.3,1622,536,858,PO-97442,3164,2024-10-09,2024-11-14,Pending,1873,19.3,Low,240,449520
2024-12-01,BLR,SKU-011,Personal Care,Nestle India,2678,2618,-2.2,3005,536,858,,0,,,Not Raised,387,4.4,High,240,92880
2025-01-01,BLR,SKU-011,Personal Care,Godrej Consumer Products,2172,2251,3.6,2618,536,858,,0,,,Not Raised,367,4.9,High,240,88080
2025-02-01,BLR,SKU-011,Personal Care,Dabur India,1955,2116,8.2,3163,536,858,,0,,,Not Raised,1047,14.8,Low,240,251280
2024-09-01,BLR,SKU-012,Food & Beverages,Nestle India,2773,2767,-0.2,3511,694,1111,,0,,,Not Raised,744,8.1,Medium,165,122760
2024-10-01,BLR,SKU-012,Food & Beverages,Procter & Gamble India,4096,4009,-2.1,4121,694,1111,,0,,,Not Raised,112,0.8,High,165,18480
2024-11-01,BLR,SKU-012,Food & Beverages,Hindustan Unilever Ltd,3723,4087,9.8,3087,694,1111,PO-68490,4052,2024-10-07,2024-11-09,Delivered,3052,22.4,Low,165,503580
2024-12-01,BLR,SKU-012,Food & Beverages,Emami Limited,3954,3737,-5.5,3053,694,1111,PO-37939,5011,2024-11-15,2024-12-16,Pending,4327,34.7,Low,165,713955
2025-01-01,BLR,SKU-012,Food & Beverages,ITC Limited,2925,2656,-9.2,1999,694,1111,PO-23677,3617,2024-12-15,2025-01-12,Pending,2960,33.4,Low,165,488400
2025-02-01,BLR,SKU-012,Food & Beverages,ITC Limited,3049,3041,-0.3,2790,694,1111,PO-34944,3250,2025-01-10,2025-02-13,Delivered,2999,29.6,Low,165,494835
2024-09-01,BLR,SKU-013,Household,ITC Limited,2478,2141,-13.6,3088,651,1042,,0,,,Not Raised,947,13.3,Medium,410,388270
2024-10-01,BLR,SKU-013,Household,Marico Industries,3850,3280,-14.8,4527,651,1042,,0,,,Not Raised,1247,11.4,Medium,410,511270
2024-11-01,BLR,SKU-013,Household,Dabur India,3568,3614,1.3,1649,651,1042,PO-58636,3672,2024-10-13,2024-11-06,Delivered,1707,14.2,Low,410,699870
2024-12-01,BLR,SKU-013,Household,Dabur India,3530,3040,-13.9,2013,651,1042,PO-26643,3632,2024-11-11,2024-12-10,In Transit,2605,25.7,Low,410,1068050
2025-01-01,BLR,SKU-013,Household,Procter & Gamble India,2501,2475,-1.0,4477,651,1042,,0,,,Not Raised,2002,24.3,Low,410,820820
2025-02-01,BLR,SKU-013,Household,Hindustan Unilever Ltd,2422,2590,6.9,4443,651,1042,,0,,,Not Raised,1853,21.5,Low,410,759730
2024-09-01,BLR,SKU-014,Personal Care,Hindustan Unilever Ltd,2453,2664,8.6,3729,582,931,,0,,,Not Raised,1065,12.0,Medium,115,122475
2024-10-01,BLR,SKU-014,Personal Care,ITC Limited,3040,3261,7.3,2472,582,931,PO-26958,3874,2024-09-02,2024-10-15,Pending,3085,28.4,Low,115,354775
2024-11-01,BLR,SKU-014,Personal Care,Marico Industries,2844,2737,-3.8,1841,582,931,PO-81923,3609,2024-10-16,2024-11-15,In Transit,2713,29.7,Low,115,311995
2024-12-01,BLR,SKU-014,Personal Care,ITC Limited,3340,3648,9.2,1460,582,931,PO-84497,3574,2024-11-06,2024-12-06,Pending,1386,11.4,Medium,115,159390
2025-01-01,BLR,SKU-014,Personal Care,Emami Limited,2377,2497,5.0,4100,582,931,,0,,,Not Raised,1603,19.3,Low,115,184345
2025-02-01,BLR,SKU-014,Personal Care,Dabur India,2347,2464,5.0,4007,582,931,,0,,,Not Raised,1543,18.8,Low,115,177445
2024-09-01,BLR,SKU-015,Food & Beverages,Marico Industries,1282,1229,-4.1,2337,335,536,,0,,,Not Raised,1108,27.0,Low,540,598320
2024-10-01,BLR,SKU-015,Food & Beverages,Nestle India,1992,2063,3.6,1963,335,536,PO-14406,2458,2024-09-02,2024-10-10,In Transit,2358,34.3,Low,540,1273320
2024-11-01,BLR,SKU-015,Food & Beverages,Godrej Consumer Products,1981,1812,-8.5,2297,335,536,,0,,,Not Raised,485,8.0,Medium,540,261900
2024-12-01,BLR,SKU-015,Food & Beverages,Godrej Consumer Products,1958,2140,9.3,2288,335,536,,0,,,Not Raised,148,2.1,High,540,79920
2025-01-01,BLR,SKU-015,Food & Beverages,Emami Limited,1320,1385,4.9,1257,335,536,PO-94671,1543,2024-12-12,2025-01-06,Delivered,1415,30.6,Low,540,764100
2025-02-01,BLR,SKU-015,Food & Beverages,Procter & Gamble India,1341,1245,-7.2,1990,335,536,,0,,,Not Raised,745,18.0,Low,540,402300
2024-09-01,BLR,SKU-016,Household,Godrej Consumer Products,3288,3601,9.5,2486,906,1450,PO-92463,4160,2024-08-15,2024-09-10,Delivered,3045,25.4,Low,890,2710050
2024-10-01,BLR,SKU-016,Household,Godrej Consumer Products,4931,4669,-5.3,4257,906,1450,PO-50544,5775,2024-09-08,2024-10-10,In Transit,5363,34.5,Low,890,4773070
2024-11-01,BLR,SKU-016,Household,Dabur India,4912,4182,-14.9,2388,906,1450,PO-64046,4971,2024-10-08,2024-11-06,Delivered,3177,22.8,Low,890,2827530
2024-12-01,BLR,SKU-016,Household,Emami Limited,4653,4372,-6.0,4886,906,1450,,0,,,Not Raised,514,3.5,High,890,457460
2025-01-01,BLR,SKU-016,Household,Marico Industries,3645,3290,-9.7,5358,906,1450,,0,,,Not Raised,2068,18.9,Low,890,1840520
2025-02-01,BLR,SKU-016,Household,Emami Limited,3516,3306,-6.0,2257,906,1450,PO-27635,4563,2025-01-13,2025-02-10,In Transit,3514,31.9,Low,890,3127460
2024-09-01,BLR,SKU-017,Personal Care,Godrej Consumer Products,2468,2358,-4.5,1793,640,1025,PO-20370,2610,2024-08-16,2024-09-13,Pending,2045,26.0,Low,380,777100
2024-10-01,BLR,SKU-017,Personal Care,Godrej Consumer Products,3175,3101,-2.3,2062,640,1025,PO-17848,4025,2024-09-04,2024-10-11,Delivered,2986,28.9,Low,380,1134680
2024-11-01,BLR,SKU-017,Personal Care,Hindustan Unilever Ltd,3499,3076,-12.1,3279,640,1025,,0,,,Not Raised,203,2.0,High,380,77140
2024-12-01,BLR,SKU-017,Personal Care,Marico Industries,3327,2918,-12.3,4429,640,1025,,0,,,Not Raised,1511,15.5,Low,380,574180
2025-01-01,BLR,SKU-017,Personal Care,Dabur India,2751,2977,8.2,1755,640,1025,PO-73049,3161,2024-12-15,2025-01-16,In Transit,1939,19.5,Low,380,736820
2025-02-01,BLR,SKU-017,Personal Care,Emami Limited,2793,2712,-2.9,3894,640,1025,,0,,,Not Raised,1182,13.1,Medium,380,449160
2024-09-01,BLR,SKU-018,Food & Beverages,ITC Limited,2705,2852,5.4,4023,628,1006,,0,,,Not Raised,1171,12.3,Medium,225,263475
2024-10-01,BLR,SKU-018,Food & Beverages,Nestle India,3480,3558,2.2,4203,628,1006,,0,,,Not Raised,645,5.4,High,225,145125
2024-11-01,BLR,SKU-018,Food & Beverages,Emami Limited,3531,3108,-12.0,2892,628,1006,PO-23060,4030,2024-10-12,2024-11-11,In Transit,3814,36.8,Low,225,858150
2024-12-01,BLR,SKU-018,Food & Beverages,Nestle India,3336,3047,-8.7,2391,628,1006,PO-42937,3716,2024-11-03,2024-12-10,In Transit,3060,30.1,Low,225,688500
2025-01-01,BLR,SKU-018,Food & Beverages,Procter & Gamble India,2607,2270,-12.9,3513,628,1006,,0,,,Not Raised,1243,16.4,Low,225,279675
2025-02-01,BLR,SKU-018,Food & Beverages,Nestle India,2356,2529,7.3,1712,628,1006,PO-45632,2418,2025-01-10,2025-02-13,Pending,1601,19.0,Low,225,360225
2024-09-01,BLR,SKU-019,Household,Godrej Consumer Products,3369,3438,2.0,2894,774,1238,PO-85326,3867,2024-08-12,2024-09-15,In Transit,3323,29.0,Low,560,1860880
2024-10-01,BLR,SKU-019,Household,Dabur India,3838,4086,6.5,5258,774,1238,,0,,,Not Raised,1172,8.6,Medium,560,656320
2024-11-01,BLR,SKU-019,Household,Dabur India,4573,4926,7.7,3994,774,1238,PO-60395,4992,2024-10-17,2024-11-15,Pending,4060,24.7,Low,560,2273600
2024-12-01,BLR,SKU-019,Household,Dabur India,4045,4207,4.0,3880,774,1238,PO-83446,5133,2024-11-09,2024-12-15,Delivered,4806,34.3,Low,560,2691360
2025-01-01,BLR,SKU-019,Household,Hindustan Unilever Ltd,3245,3407,5.0,3694,774,1238,,0,,,Not Raised,287,2.5,High,560,160720
2025-02-01,BLR,SKU-019,Household,Marico Industries,3185,3086,-3.1,2763,774,1238,PO-36971,3564,2025-01-02,2025-02-12,In Transit,3241,31.5,Low,560,1814960
2024-09-01,BLR,SKU-020,Personal Care,Nestle India,1967,1694,-13.9,1783,496,794,,0,,,Not Raised,89,1.6,High,195,17355
2024-10-01,BLR,SKU-020,Personal Care,Marico Industries,2600,2575,-1.0,3229,496,794,,0,,,Not Raised,654,7.6,Medium,195,127530
2024-11-01,BLR,SKU-020,Personal Care,Marico Industries,2478,2184,-11.9,2474,496,794,,0,,,Not Raised,290,4.0,High,195,56550
2024-12-01,BLR,SKU-020,Personal Care,ITC Limited,2577,2470,-4.2,2282,496,794,PO-87113,2905,2024-11-04,2024-12-06,Pending,2717,33.0,Low,195,529815
2025-01-01,BLR,SKU-020,Personal Care,Emami Limited,1835,1646,-10.3,2060,496,794,,0,,,Not Raised,414,7.5,Medium,195,80730
2025-02-01,BLR,SKU-020,Personal Care,Procter & Gamble India,2120,1868,-11.9,2566,496,794,,0,,,Not Raised,698,11.2,Medium,195,136110
2024-09-01,BLR,SKU-021,Food & Beverages,Hindustan Unilever Ltd,2850,2732,-4.1,4001,772,1235,,0,,,Not Raised,1269,13.9,Medium,300,380700
2024-10-01,BLR,SKU-021,Food & Beverages,Marico Industries,4195,3938,-6.1,4641,772,1235,,0,,,Not Raised,703,5.4,High,300,210900
2024-11-01,BLR,SKU-021,Food & Beverages,Emami Limited,4018,3532,-12.1,4182,772,1235,,0,,,Not Raised,650,5.5,High,300,195000
2024-12-01,BLR,SKU-021,Food & Beverages,Emami Limited,4365,3942,-9.7,5156,772,1235,,0,,,Not Raised,1214,9.2,Medium,300,364200
2025-01-01,BLR,SKU-021,Food & Beverages,Marico Industries,3079,3126,1.5,5025,772,1235,,0,,,Not Raised,1899,18.2,Low,300,569700
2025-02-01,BLR,SKU-021,Food & Beverages,ITC Limited,3075,2983,-3.0,4911,772,1235,,0,,,Not Raised,1928,19.4,Low,300,578400
2024-09-01,BLR,SKU-022,Household,Marico Industries,963,904,-6.1,1151,252,404,,0,,,Not Raised,247,8.2,Medium,740,182780
2024-10-01,BLR,SKU-022,Household,Hindustan Unilever Ltd,1484,1281,-13.7,1780,252,404,,0,,,Not Raised,499,11.7,Medium,740,369260
2024-11-01,BLR,SKU-022,Household,Dabur India,1417,1331,-6.1,1772,252,404,,0,,,Not Raised,441,9.9,Medium,740,326340
2024-12-01,BLR,SKU-022,Household,Godrej Consumer Products,1395,1198,-14.1,1612,252,404,,0,,,Not Raised,414,10.4,Medium,740,306360
2025-01-01,BLR,SKU-022,Household,Procter & Gamble India,1001,931,-7.0,1054,252,404,,0,,,Not Raised,123,4.0,High,740,91020
2025-02-01,BLR,SKU-022,Household,Godrej Consumer Products,1008,1096,8.7,929,252,404,PO-97700,1233,2025-01-09,2025-02-11,In Transit,1066,29.2,Low,740,788840
2024-09-01,BLR,SKU-023,Personal Care,Emami Limited,1740,1648,-5.3,2701,422,675,,0,,,Not Raised,1053,19.2,Low,270,284310
2024-10-01,BLR,SKU-023,Personal Care,Nestle India,2146,2268,5.7,2410,422,675,,0,,,Not Raised,142,1.9,High,270,38340
2024-11-01,BLR,SKU-023,Personal Care,Marico Industries,2052,2208,7.6,1689,422,675,PO-31043,2667,2024-10-07,2024-11-09,Delivered,2148,29.2,Low,270,579960
2024-12-01,BLR,SKU-023,Personal Care,Godrej Consumer Products,2265,2340,3.3,1277,422,675,PO-98113,2689,2024-11-12,2024-12-13,In Transit,1626,20.8,Low,270,439020
2025-01-01,BLR,SKU-023,Personal Care,Emami Limited,1690,1671,-1.1,1134,422,675,PO-62832,2053,2024-12-09,2025-01-08,Pending,1516,27.2,Low,270,409320
2025-02-01,BLR,SKU-023,Personal Care,Hindustan Unilever Ltd,1526,1453,-4.8,1870,422,675,,0,,,Not Raised,417,8.6,Medium,270,112590
2024-09-01,BLR,SKU-024,Food & Beverages,Dabur India,3732,3347,-10.3,4085,882,1411,,0,,,Not Raised,738,6.6,High,180,132840
2024-10-01,BLR,SKU-024,Food & Beverages,Dabur India,4539,4053,-10.7,5947,882,1411,,0,,,Not Raised,1894,14.0,Low,180,340920
2024-11-01,BLR,SKU-024,Food & Beverages,Godrej Consumer Products,4475,4206,-6.0,2357,882,1411,PO-39351,5122,2024-10-05,2024-11-07,In Transit,3273,23.3,Low,180,589140
2024-12-01,BLR,SKU-024,Food & Beverages,ITC Limited,4743,5063,6.7,4095,882,1411,PO-65060,5490,2024-11-12,2024-12-10,In Transit,4522,26.8,Low,180,813960
2025-01-01,BLR,SKU-024,Food & Beverages,Godrej Consumer Products,3877,3842,-0.9,2391,882,1411,PO-12845,4006,2024-12-11,2025-01-16,In Transit,2555,20.0,Low,180,459900
2025-02-01,BLR,SKU-024,Food & Beverages,Godrej Consumer Products,3779,3860,2.1,5517,882,1411,,0,,,Not Raised,1657,12.9,Medium,180,298260
2024-09-01,BLR,SKU-025,Household,Marico Industries,3915,3664,-6.4,2755,958,1533,PO-79489,4627,2024-08-06,2024-09-12,Pending,3718,30.4,Low,980,3643640
2024-10-01,BLR,SKU-025,Household,ITC Limited,4721,4750,0.6,2952,958,1533,PO-35778,4796,2024-09-15,2024-10-06,Pending,2998,18.9,Low,980,2938040
2024-11-01,BLR,SKU-025,Household,Marico Industries,4880,5184,6.2,3715,958,1533,PO-49275,5958,2024-10-17,2024-11-08,Delivered,4489,26.0,Low,980,4399220
2024-12-01,BLR,SKU-025,Household,Dabur India,4896,5178,5.8,4287,958,1533,PO-22801,6159,2024-11-11,2024-12-10,Pending,5268,30.5,Low,980,5162640
2025-01-01,BLR,SKU-025,Household,Godrej Consumer Products,3873,3379,-12.8,4044,958,1533,,0,,,Not Raised,665,5.9,High,980,651700
2025-02-01,BLR,SKU-025,Household,Hindustan Unilever Ltd,4145,4158,0.3,2842,958,1533,PO-42411,5008,2025-01-08,2025-02-12,In Transit,3692,26.6,Low,980,3618160
2024-09-01,BLR,SKU-026,Personal Care,Godrej Consumer Products,1100,964,-12.4,947,301,481,PO-87348,1252,2024-08-14,2024-09-10,In Transit,1235,38.4,Low,155,191425
2024-10-01,BLR,SKU-026,Personal Care,Hindustan Unilever Ltd,1576,1724,9.4,1666,301,481,PO-58161,1588,2024-09-10,2024-10-09,Pending,1530,26.6,Low,155,237150
2024-11-01,BLR,SKU-026,Personal Care,Dabur India,1658,1568,-5.4,1346,301,481,PO-34757,1873,2024-10-09,2024-11-08,Delivered,1651,31.6,Low,155,255905
2024-12-01,BLR,SKU-026,Personal Care,Dabur India,1644,1482,-9.9,1418,301,481,PO-60450,2078,2024-11-07,2024-12-08,Pending,2014,40.8,Low,155,312170
2025-01-01,BLR,SKU-026,Personal Care,Procter & Gamble India,1141,1175,3.0,1071,301,481,PO-11275,1355,2024-12-07,2025-01-06,Pending,1251,31.9,Low,155,193905
2025-02-01,BLR,SKU-026,Personal Care,Marico Industries,1280,1321,3.2,1985,301,481,,0,,,Not Raised,664,15.1,Low,155,102920
2024-09-01,BLR,SKU-027,Food & Beverages,Nestle India,2698,2754,2.1,1772,637,1020,PO-56891,3065,2024-08-11,2024-09-07,In Transit,2083,22.7,Low,360,749880
2024-10-01,BLR,SKU-027,Food & Beverages,Nestle India,3130,3318,6.0,2608,637,1020,PO-46427,3278,2024-09-02,2024-10-15,Pending,2568,23.2,Low,360,924480
2024-11-01,BLR,SKU-027,Food & Beverages,Emami Limited,3691,3741,1.4,2464,637,1020,PO-83184,4548,2024-10-10,2024-11-13,Delivered,3271,26.2,Low,360,1177560
2024-12-01,BLR,SKU-027,Food & Beverages,Nestle India,3593,3738,4.0,3021,637,1020,PO-79018,4546,2024-11-08,2024-12-15,Delivered,3829,30.7,Low,360,1378440
2025-01-01,BLR,SKU-027,Food & Beverages,Marico Industries,2788,2678,-3.9,3079,637,1020,,0,,,Not Raised,401,4.5,High,360,144360
2025-02-01,BLR,SKU-027,Food & Beverages,ITC Limited,2426,2540,4.7,2703,637,1020,,0,,,Not Raised,163,1.9,High,360,58680
2024-09-01,BLR,SKU-028,Household,Nestle India,1460,1247,-14.6,1692,401,641,,0,,,Not Raised,445,10.7,Medium,290,129050
2024-10-01,BLR,SKU-028,Household,Emami Limited,2207,2353,6.6,2804,401,641,,0,,,Not Raised,451,5.8,High,290,130790
2024-11-01,BLR,SKU-028,Household,Hindustan Unilever Ltd,2084,2206,5.9,1504,401,641,PO-28445,2548,2024-10-02,2024-11-09,Delivered,1846,25.1,Low,290,535340
2024-12-01,BLR,SKU-028,Household,ITC Limited,1956,1672,-14.5,1111,401,641,PO-27648,2481,2024-11-02,2024-12-07,Pending,1920,34.4,Low,290,556800
2025-01-01,BLR,SKU-028,Household,Emami Limited,1634,1717,5.1,1442,401,641,PO-57764,1971,2024-12-03,2025-01-06,Delivered,1696,29.6,Low,290,491840
2025-02-01,BLR,SKU-028,Household,ITC Limited,1584,1711,8.0,1522,401,641,PO-86341,1772,2025-01-06,2025-02-11,Delivered,1583,27.8,Low,290,459070
2024-09-01,BLR,SKU-029,Personal Care,Dabur India,2297,2072,-9.8,1648,609,975,PO-58415,2351,2024-08-14,2024-09-11,Pending,1927,27.9,Low,430,828610
2024-10-01,BLR,SKU-029,Personal Care,ITC Limited,3223,3419,6.1,4256,609,975,,0,,,Not Raised,837,7.3,Medium,430,359910
2024-11-01,BLR,SKU-029,Personal Care,ITC Limited,3498,3390,-3.1,3495,609,975,,0,,,Not Raised,105,0.9,High,430,45150
2024-12-01,BLR,SKU-029,Personal Care,Hindustan Unilever Ltd,3613,3697,2.3,2268,609,975,PO-75492,3819,2024-11-02,2024-12-11,In Transit,2390,19.4,Low,430,1027700
2025-01-01,BLR,SKU-029,Personal Care,Marico Industries,2682,2284,-14.8,4225,609,975,,0,,,Not Raised,1941,25.5,Low,430,834630
2025-02-01,BLR,SKU-029,Personal Care,Marico Industries,2299,2076,-9.7,3903,609,975,,0,,,Not Raised,1827,26.4,Low,430,785610
2024-09-01,BLR,SKU-030,Food & Beverages,Dabur India,2893,2935,1.5,1907,681,1089,PO-84144,3661,2024-08-17,2024-09-07,Pending,2633,26.9,Low,650,1711450
2024-10-01,BLR,SKU-030,Food & Beverages,Nestle India,3436,3055,-11.1,4337,681,1089,,0,,,Not Raised,1282,12.6,Medium,650,833300
2024-11-01,BLR,SKU-030,Food & Beverages,Dabur India,3985,3545,-11.0,4007,681,1089,,0,,,Not Raised,462,3.9,High,650,300300
2024-12-01,BLR,SKU-030,Food & Beverages,Emami Limited,3321,2822,-15.0,1887,681,1089,PO-62803,3843,2024-11-06,2024-12-10,Pending,2908,30.9,Low,650,1890200
2025-01-01,BLR,SKU-030,Food & Beverages,Hindustan Unilever Ltd,2480,2675,7.9,2657,681,1089,PO-46273,2543,2024-12-09,2025-01-09,In Transit,2525,28.3,Low,650,1641250
2025-02-01,BLR,SKU-030,Food & Beverages,Hindustan Unilever Ltd,2903,2528,-12.9,4347,681,1089,,0,,,Not Raised,1819,21.6,Low,650,1182350
