trndte,trlr_id,yard_loc,warehouse,shift
2024-11-12 09:39:33,TRL-3243,YARD,BLR,Shift A
2024-11-12 10:03:15,TRL-3243,DOCK,BLR,Shift A
2024-12-20 09:26:02,TRL-9515,YARD,BLR,Shift B
2024-12-20 10:33:23,TRL-9515,DOCK,BLR,Shift B
2024-12-09 07:51:00,TRL-1850,YARD,MUM,Shift B
2024-12-09 08:07:49,TRL-1850,DOCK,MUM,Shift B
2024-10-22 17:07:07,TRL-4771,YARD,BLR,Shift B
2024-10-22 18:07:56,TRL-4771,DOCK,BLR,Shift B
2024-12-02 10:53:32,TRL-3194,YARD,MUM,Shift A
2024-12-02 11:30:28,TRL-3194,DOCK,MUM,Shift A
2024-09-19 09:32:48,TRL-3359,YARD,BLR,Shift B
2024-09-19 10:06:01,TRL-3359,DOCK,BLR,Shift B
2024-11-09 08:24:06,TRL-8286,YARD,MUM,Shift C
2024-11-09 09:33:56,TRL-8286,DOCK,MUM,Shift C
2024-12-19 15:12:33,TRL-3556,YARD,DEL,Shift A
2024-12-19 15:31:45,TRL-3556,DOCK,DEL,Shift A
2024-10-01 10:37:27,TRL-5419,YARD,BLR,Shift A
2024-10-01 10:57:15,TRL-5419,DOCK,BLR,Shift A
2024-12-07 18:40:10,TRL-7466,YARD,BLR,Shift C
2024-12-07 19:25:10,TRL-7466,DOCK,BLR,Shift C
2024-11-03 21:01:45,TRL-8295,YARD,MUM,Shift A
2024-11-03 21:46:24,TRL-8295,DOCK,MUM,Shift A
2025-01-19 17:39:33,TRL-7668,YARD,BLR,Shift C
2025-01-19 18:11:01,TRL-7668,DOCK,BLR,Shift C
2024-11-27 05:14:38,TRL-3303,YARD,DEL,Shift C
2024-11-27 06:43:05,TRL-3303,DOCK,DEL,Shift C
2025-01-23 08:26:10,TRL-9523,YARD,BLR,Shift A
2025-01-23 08:56:12,TRL-9523,DOCK,BLR,Shift A
2025-02-17 17:01:14,TRL-2848,YARD,MUM,Shift C
2025-02-17 18:30:21,TRL-2848,DOCK,MUM,Shift C
2024-09-30 07:58:16,TRL-3482,YARD,DEL,Shift C
2024-09-30 09:14:53,TRL-3482,DOCK,DEL,Shift C
2024-09-04 12:19:55,TRL-1802,YARD,DEL,Shift B
2024-09-04 13:25:36,TRL-1802,DOCK,DEL,Shift B
2024-09-17 06:48:43,TRL-5787,YARD,DEL,Shift C
2024-09-17 08:12:34,TRL-5787,DOCK,DEL,Shift C
2024-10-03 20:48:41,TRL-3072,YARD,DEL,Shift A
2024-10-03 22:04:57,TRL-3072,DOCK,DEL,Shift A
2025-02-16 10:39:52,TRL-9898,YARD,MUM,Shift B
2025-02-16 11:10:12,TRL-9898,DOCK,MUM,Shift B
2024-09-20 20:29:06,TRL-4481,YARD,MUM,Shift B
2024-09-20 21:47:47,TRL-4481,DOCK,MUM,Shift B
2024-11-09 08:08:38,TRL-7242,YARD,BLR,Shift B
2024-11-09 09:34:39,TRL-7242,DOCK,BLR,Shift B
2024-09-16 07:48:21,TRL-9347,YARD,BLR,Shift A
2024-09-16 09:13:44,TRL-9347,DOCK,BLR,Shift A
2025-01-20 06:01:17,TRL-9851,YARD,DEL,Shift A
2025-01-20 06:46:41,TRL-9851,DOCK,DEL,Shift A
2025-01-24 19:57:16,TRL-2405,YARD,DEL,Shift A
2025-01-24 20:27:46,TRL-2405,DOCK,DEL,Shift A
2024-11-10 09:44:15,TRL-1142,YARD,MUM,Shift B
2024-11-10 10:47:15,TRL-1142,DOCK,MUM,Shift B
2025-02-20 08:23:23,TRL-5148,YARD,DEL,Shift A
2025-02-20 09:47:11,TRL-5148,DOCK,DEL,Shift A
2024-11-11 05:01:06,TRL-8124,YARD,MUM,Shift C
2024-11-11 05:26:04,TRL-8124,DOCK,MUM,Shift C
2024-09-06 14:19:06,TRL-7069,YARD,MUM,Shift A
2024-09-06 14:55:05,TRL-7069,DOCK,MUM,Shift A
2024-11-21 16:56:15,TRL-1851,YARD,BLR,Shift C
2024-11-21 18:16:16,TRL-1851,DOCK,BLR,Shift C
2025-01-21 19:21:36,TRL-3385,YARD,BLR,Shift A
2025-01-21 20:23:13,TRL-3385,DOCK,BLR,Shift A
2024-11-14 14:49:36,TRL-2533,YARD,BLR,Shift A
2024-11-14 16:14:23,TRL-2533,DOCK,BLR,Shift A
2025-02-07 21:05:41,TRL-7130,YARD,DEL,Shift A
2025-02-07 22:22:32,TRL-7130,DOCK,DEL,Shift A
2024-10-18 18:49:50,TRL-1014,YARD,DEL,Shift A
2024-10-18 19:12:57,TRL-1014,DOCK,DEL,Shift A
2025-02-11 20:40:12,TRL-6436,YARD,BLR,Shift A
2025-02-11 21:24:33,TRL-6436,DOCK,BLR,Shift A
2024-11-12 13:00:48,TRL-8785,YARD,BLR,Shift B
2024-11-12 14:14:49,TRL-8785,DOCK,BLR,Shift B
2024-12-17 12:24:17,TRL-9693,YARD,DEL,Shift B
2024-12-17 13:31:06,TRL-9693,DOCK,DEL,Shift B
2024-12-19 15:03:49,TRL-1983,YARD,MUM,Shift C
2024-12-19 16:24:38,TRL-1983,DOCK,MUM,Shift C
2025-01-01 20:08:44,TRL-4551,YARD,BLR,Shift A
2025-01-01 21:18:45,TRL-4551,DOCK,BLR,Shift A
2024-10-27 13:01:06,TRL-1585,YARD,MUM,Shift B
2024-10-27 13:35:14,TRL-1585,DOCK,MUM,Shift B
2024-10-31 17:07:56,TRL-2116,YARD,BLR,Shift C
2024-10-31 17:44:04,TRL-2116,DOCK,BLR,Shift C
2024-12-06 08:52:24,TRL-5455,YARD,DEL,Shift A
2024-12-06 09:12:11,TRL-5455,DOCK,DEL,Shift A
2024-10-23 08:21:42,TRL-7646,YARD,BLR,Shift B
2024-10-23 09:43:43,TRL-7646,DOCK,BLR,Shift B
2025-01-09 17:25:16,TRL-6569,YARD,MUM,Shift B
2025-01-09 18:31:47,TRL-6569,DOCK,MUM,Shift B
2025-01-13 17:31:15,TRL-6409,YARD,DEL,Shift A
2025-01-13 18:25:25,TRL-6409,DOCK,DEL,Shift A
2025-01-25 15:17:52,TRL-2688,YARD,MUM,Shift B
2025-01-25 16:11:29,TRL-2688,DOCK,MUM,Shift B
2024-09-07 14:00:26,TRL-4559,YARD,BLR,Shift A
2024-09-07 14:38:42,TRL-4559,DOCK,BLR,Shift A
2024-11-20 17:18:10,TRL-6238,YARD,DEL,Shift B
2024-11-20 18:11:05,TRL-6238,DOCK,DEL,Shift B
2024-10-05 18:23:19,TRL-4229,YARD,MUM,Shift C
2024-10-05 19:25:09,TRL-4229,DOCK,MUM,Shift C
2024-11-01 12:18:41,TRL-1196,YARD,DEL,Shift C
2024-11-01 13:42:50,TRL-1196,DOCK,DEL,Shift C
2024-09-05 16:13:00,TRL-9459,YARD,BLR,Shift A
2024-09-05 16:56:36,TRL-9459,DOCK,BLR,Shift A
2024-10-12 19:08:55,TRL-8329,YARD,BLR,Shift A
2024-10-12 20:00:26,TRL-8329,DOCK,BLR,Shift A
2025-02-01 11:24:55,TRL-8385,YARD,MUM,Shift C
2025-02-01 11:59:35,TRL-8385,DOCK,MUM,Shift C
2024-12-27 16:44:21,TRL-2494,YARD,DEL,Shift B
2024-12-27 17:02:08,TRL-2494,DOCK,DEL,Shift B
2024-10-01 13:00:10,TRL-8579,YARD,BLR,Shift C
2024-10-01 13:22:52,TRL-8579,DOCK,BLR,Shift C
2025-01-08 14:19:56,TRL-9636,YARD,MUM,Shift A
2025-01-08 15:16:50,TRL-9636,DOCK,MUM,Shift A
2025-01-28 06:43:27,TRL-4345,YARD,BLR,Shift B
2025-01-28 07:51:04,TRL-4345,DOCK,BLR,Shift B
2024-11-25 13:35:10,TRL-8142,YARD,MUM,Shift C
2024-11-25 13:58:10,TRL-8142,DOCK,MUM,Shift C
2024-12-31 11:36:29,TRL-9453,YARD,MUM,Shift B
2024-12-31 12:23:18,TRL-9453,DOCK,MUM,Shift B
2024-09-10 17:19:03,TRL-9476,YARD,BLR,Shift C
2024-09-10 17:42:30,TRL-9476,DOCK,BLR,Shift C
2025-02-14 19:41:33,TRL-8700,YARD,DEL,Shift C
2025-02-14 20:29:26,TRL-8700,DOCK,DEL,Shift C
2024-11-12 19:24:17,TRL-9541,YARD,BLR,Shift B
2024-11-12 20:29:04,TRL-9541,DOCK,BLR,Shift B
2024-12-25 14:41:42,TRL-3618,YARD,BLR,Shift A
2024-12-25 15:01:37,TRL-3618,DOCK,BLR,Shift A
2025-01-03 17:41:04,TRL-1682,YARD,MUM,Shift A
2025-01-03 18:20:07,TRL-1682,DOCK,MUM,Shift A
2024-12-24 07:09:19,TRL-1460,YARD,BLR,Shift B
2024-12-24 08:37:02,TRL-1460,DOCK,BLR,Shift B
2024-12-10 12:50:39,TRL-9786,YARD,DEL,Shift A
2024-12-10 13:33:46,TRL-9786,DOCK,DEL,Shift A
2024-09-28 19:04:49,TRL-5187,YARD,DEL,Shift A
2024-09-28 20:08:05,TRL-5187,DOCK,DEL,Shift A
2024-10-19 07:43:00,TRL-2097,YARD,BLR,Shift B
2024-10-19 08:24:04,TRL-2097,DOCK,BLR,Shift B
2024-12-30 20:24:22,TRL-6360,YARD,MUM,Shift B
2024-12-30 21:32:17,TRL-6360,DOCK,MUM,Shift B
2024-11-01 12:04:16,TRL-9936,YARD,MUM,Shift C
2024-11-01 12:37:47,TRL-9936,DOCK,MUM,Shift C
2025-01-10 20:45:17,TRL-4922,YARD,BLR,Shift C
2025-01-10 21:43:40,TRL-4922,DOCK,BLR,Shift C
2025-02-09 16:38:12,TRL-9342,YARD,BLR,Shift A
2025-02-09 17:14:22,TRL-9342,DOCK,BLR,Shift A
2024-12-07 14:36:04,TRL-7355,YARD,DEL,Shift B
2024-12-07 15:40:31,TRL-7355,DOCK,DEL,Shift B
2024-12-05 07:21:27,TRL-2544,YARD,DEL,Shift A
2024-12-05 08:44:21,TRL-2544,DOCK,DEL,Shift A
2025-01-03 06:27:00,TRL-8896,YARD,MUM,Shift A
2025-01-03 07:23:58,TRL-8896,DOCK,MUM,Shift A
2024-10-02 07:27:19,TRL-2090,YARD,DEL,Shift C
2024-10-02 08:07:05,TRL-2090,DOCK,DEL,Shift C
2025-02-08 12:10:40,TRL-5385,YARD,MUM,Shift A
2025-02-08 12:57:44,TRL-5385,DOCK,MUM,Shift A
2024-10-22 06:48:36,TRL-8944,YARD,DEL,Shift A
2024-10-22 08:08:46,TRL-8944,DOCK,DEL,Shift A
2025-01-22 08:12:59,TRL-1070,YARD,DEL,Shift A
2025-01-22 08:43:09,TRL-1070,DOCK,DEL,Shift A
2024-09-07 11:07:00,TRL-3484,YARD,DEL,Shift A
2024-09-07 12:00:39,TRL-3484,DOCK,DEL,Shift A
2024-12-06 14:42:49,TRL-4350,YARD,DEL,Shift C
2024-12-06 16:05:23,TRL-4350,DOCK,DEL,Shift C
2024-10-02 13:44:15,TRL-8569,YARD,MUM,Shift C
2024-10-02 14:35:10,TRL-8569,DOCK,MUM,Shift C
2025-02-01 14:12:10,TRL-7295,YARD,BLR,Shift C
2025-02-01 15:11:36,TRL-7295,DOCK,BLR,Shift C
2024-12-29 13:31:21,TRL-4636,YARD,DEL,Shift A
2024-12-29 14:10:05,TRL-4636,DOCK,DEL,Shift A
2024-09-27 16:42:41,TRL-7078,YARD,DEL,Shift A
2024-09-27 17:50:56,TRL-7078,DOCK,DEL,Shift A
2025-02-04 09:52:36,TRL-3696,YARD,BLR,Shift C
2025-02-04 10:17:02,TRL-3696,DOCK,BLR,Shift C
2025-01-24 18:42:49,TRL-9484,YARD,MUM,Shift A
2025-01-24 20:08:34,TRL-9484,DOCK,MUM,Shift A
2024-10-18 19:50:12,TRL-7987,YARD,MUM,Shift A
2024-10-18 21:17:49,TRL-7987,DOCK,MUM,Shift A
2024-10-13 11:27:27,TRL-1072,YARD,MUM,Shift B
2024-10-13 12:17:29,TRL-1072,DOCK,MUM,Shift B
2024-12-25 13:55:49,TRL-4120,YARD,MUM,Shift B
2024-12-25 14:50:57,TRL-4120,DOCK,MUM,Shift B
2024-09-18 07:30:52,TRL-8731,YARD,DEL,Shift A
2024-09-18 08:52:19,TRL-8731,DOCK,DEL,Shift A
2024-12-13 19:31:55,TRL-1130,YARD,DEL,Shift C
2024-12-13 20:21:10,TRL-1130,DOCK,DEL,Shift C
2024-12-15 06:30:06,TRL-4666,YARD,MUM,Shift B
2024-12-15 07:49:58,TRL-4666,DOCK,MUM,Shift B
2024-10-31 11:55:31,TRL-3734,YARD,MUM,Shift A
2024-10-31 13:10:01,TRL-3734,DOCK,MUM,Shift A
2024-10-10 10:09:55,TRL-8686,YARD,DEL,Shift A
2024-10-10 11:33:54,TRL-8686,DOCK,DEL,Shift A
2024-10-12 14:12:03,TRL-2899,YARD,BLR,Shift B
2024-10-12 15:32:57,TRL-2899,DOCK,BLR,Shift B
2024-11-16 07:48:03,TRL-9212,YARD,DEL,Shift A
2024-11-16 08:13:33,TRL-9212,DOCK,DEL,Shift A
2025-01-06 14:06:54,TRL-3101,YARD,DEL,Shift B
2025-01-06 15:16:50,TRL-3101,DOCK,DEL,Shift B
2025-01-16 15:27:17,TRL-9256,YARD,BLR,Shift B
2025-01-16 15:57:09,TRL-9256,DOCK,BLR,Shift B
2025-02-22 20:56:05,TRL-2007,YARD,MUM,Shift A
2025-02-22 21:44:16,TRL-2007,DOCK,MUM,Shift A
2025-01-25 13:14:43,TRL-2358,YARD,BLR,Shift C
2025-01-25 13:35:12,TRL-2358,DOCK,BLR,Shift C
2024-10-22 09:00:56,TRL-3319,YARD,DEL,Shift C
2024-10-22 10:20:14,TRL-3319,DOCK,DEL,Shift C
2025-02-08 08:48:57,TRL-3307,YARD,BLR,Shift A
2025-02-08 09:26:05,TRL-3307,DOCK,BLR,Shift A
2024-11-15 17:56:38,TRL-5755,YARD,DEL,Shift A
2024-11-15 18:27:52,TRL-5755,DOCK,DEL,Shift A
2024-12-09 15:18:02,TRL-1849,YARD,MUM,Shift C
2024-12-09 16:28:26,TRL-1849,DOCK,MUM,Shift C
2024-09-25 17:08:47,TRL-8920,YARD,BLR,Shift C
2024-09-25 18:13:26,TRL-8920,DOCK,BLR,Shift C
2025-01-09 12:38:35,TRL-8694,YARD,MUM,Shift A
2025-01-09 13:50:23,TRL-8694,DOCK,MUM,Shift A
2024-12-27 15:52:46,TRL-7999,YARD,MUM,Shift A
2024-12-27 16:58:36,TRL-7999,DOCK,MUM,Shift A
2024-09-14 09:41:08,TRL-8778,YARD,DEL,Shift C
2024-09-14 10:24:20,TRL-8778,DOCK,DEL,Shift C
2024-12-02 09:09:12,TRL-8118,YARD,MUM,Shift A
2024-12-02 10:22:05,TRL-8118,DOCK,MUM,Shift A
2025-01-01 06:25:11,TRL-7596,YARD,BLR,Shift C
2025-01-01 07:14:19,TRL-7596,DOCK,BLR,Shift C
2025-01-21 12:38:59,TRL-5849,YARD,DEL,Shift C
2025-01-21 13:39:31,TRL-5849,DOCK,DEL,Shift C
2024-11-17 09:24:34,TRL-7187,YARD,BLR,Shift B
2024-11-17 10:43:40,TRL-7187,DOCK,BLR,Shift B
2025-02-16 12:20:09,TRL-4191,YARD,MUM,Shift C
2025-02-16 13:33:34,TRL-4191,DOCK,MUM,Shift C
2024-11-11 18:54:59,TRL-1263,YARD,MUM,Shift A
2024-11-11 19:56:06,TRL-1263,DOCK,MUM,Shift A
2024-12-25 11:58:22,TRL-7007,YARD,BLR,Shift C
2024-12-25 12:25:28,TRL-7007,DOCK,BLR,Shift C
2024-10-08 20:54:02,TRL-5612,YARD,BLR,Shift C
2024-10-08 22:23:00,TRL-5612,DOCK,BLR,Shift C
2024-09-22 14:44:53,TRL-7223,YARD,MUM,Shift A
2024-09-22 15:53:19,TRL-7223,DOCK,MUM,Shift A
2024-11-09 16:37:24,TRL-4215,YARD,MUM,Shift C
2024-11-09 17:26:49,TRL-4215,DOCK,MUM,Shift C
2024-09-20 14:36:26,TRL-4281,YARD,DEL,Shift B
2024-09-20 15:05:06,TRL-4281,DOCK,DEL,Shift B
2025-01-06 06:02:39,TRL-2445,YARD,DEL,Shift B
2025-01-06 06:23:20,TRL-2445,DOCK,DEL,Shift B
2025-01-29 08:08:15,TRL-5233,YARD,BLR,Shift B
2025-01-29 09:37:03,TRL-5233,DOCK,BLR,Shift B
2024-09-17 19:08:24,TRL-1217,YARD,DEL,Shift C
2024-09-17 19:24:59,TRL-1217,DOCK,DEL,Shift C
2025-02-10 10:48:13,TRL-5661,YARD,BLR,Shift A
2025-02-10 11:53:35,TRL-5661,DOCK,BLR,Shift A
2024-09-14 20:13:36,TRL-7903,YARD,BLR,Shift C
2024-09-14 21:25:46,TRL-7903,DOCK,BLR,Shift C
2025-01-04 09:58:12,TRL-6481,YARD,BLR,Shift B
2025-01-04 11:12:20,TRL-6481,DOCK,BLR,Shift B
2024-11-23 17:56:47,TRL-2872,YARD,MUM,Shift C
2024-11-23 19:19:52,TRL-2872,DOCK,MUM,Shift C
2025-02-10 12:31:39,TRL-6386,YARD,DEL,Shift C
2025-02-10 13:42:32,TRL-6386,DOCK,DEL,Shift C
2025-01-11 06:20:23,TRL-2575,YARD,MUM,Shift A
2025-01-11 06:40:34,TRL-2575,DOCK,MUM,Shift A
2024-10-07 19:33:52,TRL-3480,YARD,DEL,Shift A
2024-10-07 19:49:32,TRL-3480,DOCK,DEL,Shift A
2024-12-27 19:51:21,TRL-9256,YARD,DEL,Shift A
2024-12-27 20:16:26,TRL-9256,DOCK,DEL,Shift A
2024-09-15 05:49:26,TRL-6712,YARD,DEL,Shift A
2024-09-15 06:47:19,TRL-6712,DOCK,DEL,Shift A
2025-02-07 16:43:56,TRL-4423,YARD,MUM,Shift B
2025-02-07 17:18:33,TRL-4423,DOCK,MUM,Shift B
2025-02-04 13:55:51,TRL-8679,YARD,MUM,Shift A
2025-02-04 14:55:41,TRL-8679,DOCK,MUM,Shift A
2025-01-27 16:55:24,TRL-4330,YARD,BLR,Shift B
2025-01-27 17:34:17,TRL-4330,DOCK,BLR,Shift B
2024-10-31 13:52:10,TRL-9316,YARD,DEL,Shift C
2024-10-31 15:00:41,TRL-9316,DOCK,DEL,Shift C
2025-01-08 09:12:29,TRL-6868,YARD,BLR,Shift B
2025-01-08 10:34:33,TRL-6868,DOCK,BLR,Shift B
2024-10-05 16:04:51,TRL-4062,YARD,BLR,Shift B
2024-10-05 16:41:07,TRL-4062,DOCK,BLR,Shift B
2025-02-17 10:49:40,TRL-7601,YARD,DEL,Shift A
2025-02-17 11:47:25,TRL-7601,DOCK,DEL,Shift A
2024-09-16 07:15:53,TRL-5131,YARD,BLR,Shift C
2024-09-16 07:49:04,TRL-5131,DOCK,BLR,Shift C
2024-11-14 11:05:39,TRL-9279,YARD,MUM,Shift A
2024-11-14 12:34:31,TRL-9279,DOCK,MUM,Shift A
2024-10-22 21:06:36,TRL-7346,YARD,DEL,Shift B
2024-10-22 22:12:30,TRL-7346,DOCK,DEL,Shift B
2025-01-10 13:12:06,TRL-4933,YARD,BLR,Shift A
2025-01-10 13:28:49,TRL-4933,DOCK,BLR,Shift A
2025-01-12 12:14:48,TRL-4402,YARD,DEL,Shift C
2025-01-12 13:40:28,TRL-4402,DOCK,DEL,Shift C
2025-01-31 16:59:37,TRL-9107,YARD,MUM,Shift B
2025-01-31 17:25:01,TRL-9107,DOCK,MUM,Shift B
2025-02-13 19:52:19,TRL-7679,YARD,BLR,Shift B
2025-02-13 20:34:40,TRL-7679,DOCK,BLR,Shift B
2025-02-21 19:48:15,TRL-9494,YARD,BLR,Shift C
2025-02-21 20:26:31,TRL-9494,DOCK,BLR,Shift C
2025-01-18 08:06:37,TRL-9826,YARD,BLR,Shift A
2025-01-18 08:41:24,TRL-9826,DOCK,BLR,Shift A
2025-01-11 11:13:33,TRL-3727,YARD,DEL,Shift B
2025-01-11 12:05:54,TRL-3727,DOCK,DEL,Shift B
2025-01-18 06:36:28,TRL-3105,YARD,MUM,Shift B
2025-01-18 06:51:39,TRL-3105,DOCK,MUM,Shift B
2024-12-27 18:53:16,TRL-1563,YARD,MUM,Shift C
2024-12-27 20:14:18,TRL-1563,DOCK,MUM,Shift C
2024-09-07 18:49:22,TRL-3314,YARD,BLR,Shift A
2024-09-07 19:45:19,TRL-3314,DOCK,BLR,Shift A
2025-02-19 13:39:29,TRL-1813,YARD,DEL,Shift A
2025-02-19 14:17:17,TRL-1813,DOCK,DEL,Shift A
2024-12-23 10:47:23,TRL-7176,YARD,BLR,Shift B
2024-12-23 11:26:21,TRL-7176,DOCK,BLR,Shift B
2024-11-20 19:27:36,TRL-1394,YARD,MUM,Shift C
2024-11-20 20:40:01,TRL-1394,DOCK,MUM,Shift C
2025-01-15 12:28:27,TRL-5584,YARD,DEL,Shift B
2025-01-15 13:45:14,TRL-5584,DOCK,DEL,Shift B
2024-09-18 14:57:24,TRL-9118,YARD,BLR,Shift A
2024-09-18 15:42:26,TRL-9118,DOCK,BLR,Shift A
2024-12-08 15:36:10,TRL-4324,YARD,DEL,Shift A
2024-12-08 15:55:26,TRL-4324,DOCK,DEL,Shift A
2024-10-31 21:01:28,TRL-4246,YARD,MUM,Shift C
2024-10-31 21:40:29,TRL-4246,DOCK,MUM,Shift C
2025-02-17 10:35:27,TRL-7894,YARD,MUM,Shift B
2025-02-17 11:58:40,TRL-7894,DOCK,MUM,Shift B
2024-09-14 15:55:24,TRL-7248,YARD,MUM,Shift A
2024-09-14 17:03:51,TRL-7248,DOCK,MUM,Shift A
2025-02-18 17:11:42,TRL-4289,YARD,DEL,Shift B
2025-02-18 17:33:24,TRL-4289,DOCK,DEL,Shift B
2025-01-09 10:04:24,TRL-1953,YARD,DEL,Shift C
2025-01-09 11:13:34,TRL-1953,DOCK,DEL,Shift C
2024-10-10 05:34:54,TRL-1858,YARD,BLR,Shift A
2024-10-10 06:51:27,TRL-1858,DOCK,BLR,Shift A
2024-09-06 15:51:33,TRL-4846,YARD,BLR,Shift A
2024-09-06 16:48:01,TRL-4846,DOCK,BLR,Shift A
2025-01-17 12:03:13,TRL-9536,YARD,DEL,Shift B
2025-01-17 13:12:45,TRL-9536,DOCK,DEL,Shift B
2024-09-25 11:35:35,TRL-6074,YARD,MUM,Shift B
2024-09-25 13:03:07,TRL-6074,DOCK,MUM,Shift B
2024-10-27 20:08:15,TRL-3842,YARD,BLR,Shift C
2024-10-27 21:11:31,TRL-3842,DOCK,BLR,Shift C
2025-02-03 08:49:43,TRL-4778,YARD,MUM,Shift B
2025-02-03 09:57:08,TRL-4778,DOCK,MUM,Shift B
2025-01-08 18:36:34,TRL-5565,YARD,BLR,Shift A
2025-01-08 19:16:41,TRL-5565,DOCK,BLR,Shift A
2025-01-06 09:04:10,TRL-3944,YARD,DEL,Shift B
2025-01-06 10:10:23,TRL-3944,DOCK,DEL,Shift B
2024-12-11 12:41:35,TRL-4770,YARD,DEL,Shift C
2024-12-11 14:05:50,TRL-4770,DOCK,DEL,Shift C
2024-09-08 07:30:31,TRL-4614,YARD,BLR,Shift A
2024-09-08 08:18:46,TRL-4614,DOCK,BLR,Shift A
2024-10-16 09:26:04,TRL-7958,YARD,DEL,Shift A
2024-10-16 09:59:14,TRL-7958,DOCK,DEL,Shift A
2025-02-02 14:48:37,TRL-7840,YARD,MUM,Shift B
2025-02-02 15:16:23,TRL-7840,DOCK,MUM,Shift B
2024-11-24 14:59:10,TRL-1405,YARD,BLR,Shift C
2024-11-24 16:13:19,TRL-1405,DOCK,BLR,Shift C
2024-12-11 11:06:44,TRL-2349,YARD,BLR,Shift A
2024-12-11 12:35:36,TRL-2349,DOCK,BLR,Shift A
2024-12-15 16:58:39,TRL-8030,YARD,MUM,Shift A
2024-12-15 17:18:39,TRL-8030,DOCK,MUM,Shift A
2025-01-11 20:57:47,TRL-5965,YARD,MUM,Shift C
2025-01-11 21:47:11,TRL-5965,DOCK,MUM,Shift C
2024-09-14 14:24:26,TRL-5201,YARD,MUM,Shift B
2024-09-14 15:13:46,TRL-5201,DOCK,MUM,Shift B
2024-12-07 13:15:31,TRL-1061,YARD,BLR,Shift B
2024-12-07 14:38:52,TRL-1061,DOCK,BLR,Shift B
2024-12-28 19:41:44,TRL-4609,YARD,MUM,Shift A
2024-12-28 21:11:14,TRL-4609,DOCK,MUM,Shift A
2024-11-30 17:10:07,TRL-2446,YARD,BLR,Shift A
2024-11-30 18:38:34,TRL-2446,DOCK,BLR,Shift A
2024-12-13 06:48:29,TRL-9986,YARD,DEL,Shift C
2024-12-13 07:54:03,TRL-9986,DOCK,DEL,Shift C
2024-10-21 12:09:44,TRL-5006,YARD,DEL,Shift C
2024-10-21 13:29:23,TRL-5006,DOCK,DEL,Shift C
2024-10-18 19:57:20,TRL-8088,YARD,MUM,Shift B
2024-10-18 21:22:04,TRL-8088,DOCK,MUM,Shift B
2024-12-12 12:28:51,TRL-8337,YARD,MUM,Shift A
2024-12-12 13:21:38,TRL-8337,DOCK,MUM,Shift A
2025-02-09 06:59:59,TRL-3285,YARD,DEL,Shift B
2025-02-09 07:56:48,TRL-3285,DOCK,DEL,Shift B
2025-01-05 07:28:47,TRL-3044,YARD,MUM,Shift A
2025-01-05 08:06:54,TRL-3044,DOCK,MUM,Shift A
2024-10-02 09:59:19,TRL-7917,YARD,BLR,Shift A
2024-10-02 10:31:46,TRL-7917,DOCK,BLR,Shift A
2024-09-11 12:06:51,TRL-7687,YARD,BLR,Shift B
2024-09-11 13:26:36,TRL-7687,DOCK,BLR,Shift B
2025-02-08 08:19:38,TRL-1471,YARD,BLR,Shift B
2025-02-08 09:29:16,TRL-1471,DOCK,BLR,Shift B
2025-01-26 10:05:00,TRL-7644,YARD,BLR,Shift C
2025-01-26 10:52:02,TRL-7644,DOCK,BLR,Shift C
2024-11-05 19:08:30,TRL-2610,YARD,DEL,Shift A
2024-11-05 20:00:38,TRL-2610,DOCK,DEL,Shift A
2024-11-14 18:15:09,TRL-7522,YARD,DEL,Shift B
2024-11-14 19:19:30,TRL-7522,DOCK,DEL,Shift B
2025-01-18 12:27:12,TRL-9891,YARD,BLR,Shift A
2025-01-18 13:12:53,TRL-9891,DOCK,BLR,Shift A
2024-09-28 17:24:10,TRL-4869,YARD,MUM,Shift B
2024-09-28 18:20:01,TRL-4869,DOCK,MUM,Shift B
2024-11-12 08:43:03,TRL-6857,YARD,BLR,Shift A
2024-11-12 09:04:38,TRL-6857,DOCK,BLR,Shift A
2024-09-26 05:01:49,TRL-7496,YARD,DEL,Shift B
2024-09-26 06:15:29,TRL-7496,DOCK,DEL,Shift B
2024-09-29 07:53:34,TRL-3645,YARD,DEL,Shift C
2024-09-29 09:17:53,TRL-3645,DOCK,DEL,Shift C
2025-02-16 08:44:09,TRL-3816,YARD,BLR,Shift A
2025-02-16 09:11:04,TRL-3816,DOCK,BLR,Shift A
2024-12-22 11:11:50,TRL-7965,YARD,DEL,Shift B
2024-12-22 11:59:27,TRL-7965,DOCK,DEL,Shift B
2024-10-24 14:44:58,TRL-9433,YARD,BLR,Shift B
2024-10-24 15:38:34,TRL-9433,DOCK,BLR,Shift B
2024-09-07 12:34:36,TRL-4190,YARD,BLR,Shift A
2024-09-07 13:37:52,TRL-4190,DOCK,BLR,Shift A
2024-09-25 06:14:18,TRL-2402,YARD,DEL,Shift A
2024-09-25 07:43:30,TRL-2402,DOCK,DEL,Shift A
2024-09-26 10:53:23,TRL-6322,YARD,BLR,Shift A
2024-09-26 11:22:25,TRL-6322,DOCK,BLR,Shift A
2024-12-24 16:56:31,TRL-9810,YARD,BLR,Shift A
2024-12-24 17:11:34,TRL-9810,DOCK,BLR,Shift A
2024-12-01 13:53:22,TRL-5774,YARD,DEL,Shift C
2024-12-01 14:52:08,TRL-5774,DOCK,DEL,Shift C
2024-11-11 14:17:43,TRL-6209,YARD,DEL,Shift C
2024-11-11 15:12:52,TRL-6209,DOCK,DEL,Shift C
2025-01-13 06:25:29,TRL-3221,YARD,DEL,Shift C
2025-01-13 07:06:05,TRL-3221,DOCK,DEL,Shift C
2024-11-24 10:02:22,TRL-8808,YARD,BLR,Shift B
2024-11-24 10:52:13,TRL-8808,DOCK,BLR,Shift B
2024-12-30 20:10:51,TRL-8107,YARD,DEL,Shift A
2024-12-30 21:38:56,TRL-8107,DOCK,DEL,Shift A
2024-12-07 16:02:26,TRL-9126,YARD,BLR,Shift A
2024-12-07 16:39:39,TRL-9126,DOCK,BLR,Shift A
2024-09-03 19:19:42,TRL-9995,YARD,BLR,Shift A
2024-09-03 20:43:06,TRL-9995,DOCK,BLR,Shift A
2024-09-14 19:21:53,TRL-7051,YARD,DEL,Shift A
2024-09-14 20:16:47,TRL-7051,DOCK,DEL,Shift A
2025-02-19 09:21:53,TRL-6195,YARD,DEL,Shift A
2025-02-19 10:46:12,TRL-6195,DOCK,DEL,Shift A
2024-10-01 09:11:35,TRL-5766,YARD,DEL,Shift C
2024-10-01 10:24:34,TRL-5766,DOCK,DEL,Shift C
2024-09-16 09:26:57,TRL-2791,YARD,DEL,Shift B
2024-09-16 10:11:00,TRL-2791,DOCK,DEL,Shift B
2024-12-27 14:22:48,TRL-8910,YARD,DEL,Shift C
2024-12-27 15:21:30,TRL-8910,DOCK,DEL,Shift C
2025-02-01 12:08:36,TRL-2146,YARD,BLR,Shift B
2025-02-01 13:07:52,TRL-2146,DOCK,BLR,Shift B
2024-12-30 06:19:59,TRL-6775,YARD,MUM,Shift B
2024-12-30 07:01:18,TRL-6775,DOCK,MUM,Shift B
2025-02-06 15:12:44,TRL-2520,YARD,MUM,Shift B
2025-02-06 16:07:41,TRL-2520,DOCK,MUM,Shift B
2024-09-08 12:31:00,TRL-2315,YARD,DEL,Shift C
2024-09-08 12:54:33,TRL-2315,DOCK,DEL,Shift C
2025-01-16 12:03:21,TRL-6052,YARD,MUM,Shift A
2025-01-16 12:50:29,TRL-6052,DOCK,MUM,Shift A
2024-12-12 10:47:01,TRL-1918,YARD,DEL,Shift C
2024-12-12 11:29:05,TRL-1918,DOCK,DEL,Shift C
2024-10-25 21:03:25,TRL-1714,YARD,BLR,Shift B
2024-10-25 22:12:17,TRL-1714,DOCK,BLR,Shift B
2025-02-11 10:48:16,TRL-4008,YARD,MUM,Shift B
2025-02-11 11:23:29,TRL-4008,DOCK,MUM,Shift B
2025-02-20 12:56:14,TRL-3964,YARD,MUM,Shift C
2025-02-20 14:22:19,TRL-3964,DOCK,MUM,Shift C
2025-02-20 16:26:25,TRL-9049,YARD,DEL,Shift B
2025-02-20 17:29:22,TRL-9049,DOCK,DEL,Shift B
2025-02-04 11:02:25,TRL-1815,YARD,BLR,Shift A
2025-02-04 11:34:53,TRL-1815,DOCK,BLR,Shift A
2025-02-12 19:38:32,TRL-1272,YARD,MUM,Shift C
2025-02-12 20:04:07,TRL-1272,DOCK,MUM,Shift C
2024-12-27 18:02:50,TRL-4214,YARD,DEL,Shift A
2024-12-27 18:27:05,TRL-4214,DOCK,DEL,Shift A
2024-12-27 07:22:56,TRL-3456,YARD,BLR,Shift B
2024-12-27 08:25:27,TRL-3456,DOCK,BLR,Shift B
2025-02-07 20:42:32,TRL-2045,YARD,DEL,Shift C
2025-02-07 21:35:34,TRL-2045,DOCK,DEL,Shift C
2025-01-20 10:13:25,TRL-1591,YARD,DEL,Shift B
2025-01-20 10:49:03,TRL-1591,DOCK,DEL,Shift B
2024-09-27 05:42:01,TRL-1376,YARD,BLR,Shift B
2024-09-27 06:46:38,TRL-1376,DOCK,BLR,Shift B
2024-12-05 21:10:32,TRL-6646,YARD,DEL,Shift A
2024-12-05 22:40:11,TRL-6646,DOCK,DEL,Shift A
2024-12-18 19:22:23,TRL-3655,YARD,DEL,Shift B
2024-12-18 20:41:12,TRL-3655,DOCK,DEL,Shift B
2024-09-23 12:31:22,TRL-7685,YARD,DEL,Shift C
2024-09-23 13:02:10,TRL-7685,DOCK,DEL,Shift C
2024-10-05 05:53:49,TRL-2950,YARD,DEL,Shift C
2024-10-05 06:50:52,TRL-2950,DOCK,DEL,Shift C
2025-01-23 12:40:12,TRL-7298,YARD,DEL,Shift B
2025-01-23 14:01:40,TRL-7298,DOCK,DEL,Shift B
2025-01-25 17:53:15,TRL-1223,YARD,DEL,Shift C
2025-01-25 19:19:40,TRL-1223,DOCK,DEL,Shift C
2024-11-11 13:33:09,TRL-4204,YARD,MUM,Shift B
2024-11-11 14:58:40,TRL-4204,DOCK,MUM,Shift B
2025-01-06 18:39:49,TRL-5287,YARD,MUM,Shift B
2025-01-06 19:07:46,TRL-5287,DOCK,MUM,Shift B
2024-12-25 09:29:39,TRL-7306,YARD,MUM,Shift B
2024-12-25 10:37:56,TRL-7306,DOCK,MUM,Shift B
2024-10-21 21:15:05,TRL-3275,YARD,DEL,Shift B
2024-10-21 22:22:42,TRL-3275,DOCK,DEL,Shift B
2024-09-13 09:01:53,TRL-8392,YARD,MUM,Shift C
2024-09-13 09:34:49,TRL-8392,DOCK,MUM,Shift C
2024-10-14 20:51:29,TRL-5723,YARD,DEL,Shift C
2024-10-14 21:58:46,TRL-5723,DOCK,DEL,Shift C
2024-10-06 15:35:48,TRL-6351,YARD,BLR,Shift C
2024-10-06 16:57:06,TRL-6351,DOCK,BLR,Shift C
2024-12-31 10:57:09,TRL-2507,YARD,MUM,Shift C
2024-12-31 12:09:20,TRL-2507,DOCK,MUM,Shift C
2024-09-18 11:43:46,TRL-5998,YARD,MUM,Shift A
2024-09-18 13:09:43,TRL-5998,DOCK,MUM,Shift A
2024-10-07 17:29:13,TRL-7020,YARD,BLR,Shift A
2024-10-07 18:35:05,TRL-7020,DOCK,BLR,Shift A
2025-01-16 16:34:59,TRL-9127,YARD,DEL,Shift B
2025-01-16 16:53:42,TRL-9127,DOCK,DEL,Shift B
2024-10-20 17:04:20,TRL-7232,YARD,BLR,Shift B
2024-10-20 18:27:04,TRL-7232,DOCK,BLR,Shift B
2024-10-05 12:51:49,TRL-4412,YARD,MUM,Shift B
2024-10-05 13:55:15,TRL-4412,DOCK,MUM,Shift B
2024-11-28 12:39:37,TRL-5147,YARD,DEL,Shift B
2024-11-28 13:11:01,TRL-5147,DOCK,DEL,Shift B
2024-12-27 10:09:54,TRL-6411,YARD,MUM,Shift C
2024-12-27 10:29:49,TRL-6411,DOCK,MUM,Shift C
2024-09-11 14:01:27,TRL-7239,YARD,MUM,Shift C
2024-09-11 14:48:38,TRL-7239,DOCK,MUM,Shift C
2024-10-06 06:31:22,TRL-9994,YARD,DEL,Shift C
2024-10-06 07:36:03,TRL-9994,DOCK,DEL,Shift C
2025-01-06 12:22:56,TRL-7862,YARD,BLR,Shift A
2025-01-06 13:47:29,TRL-7862,DOCK,BLR,Shift A
2025-02-16 18:37:35,TRL-9423,YARD,DEL,Shift A
2025-02-16 19:42:33,TRL-9423,DOCK,DEL,Shift A
2024-12-10 06:43:59,TRL-5385,YARD,DEL,Shift C
2024-12-10 07:13:51,TRL-5385,DOCK,DEL,Shift C
2025-02-05 17:00:17,TRL-5860,YARD,BLR,Shift A
2025-02-05 18:10:53,TRL-5860,DOCK,BLR,Shift A
2024-12-17 09:14:59,TRL-4746,YARD,BLR,Shift C
2024-12-17 10:40:28,TRL-4746,DOCK,BLR,Shift C
2024-09-27 18:25:08,TRL-6786,YARD,DEL,Shift B
2024-09-27 19:21:09,TRL-6786,DOCK,DEL,Shift B
2024-11-23 12:32:17,TRL-8028,YARD,DEL,Shift C
2024-11-23 12:59:17,TRL-8028,DOCK,DEL,Shift C
2024-12-10 19:36:23,TRL-7823,YARD,MUM,Shift B
2024-12-10 20:07:34,TRL-7823,DOCK,MUM,Shift B
2024-09-29 13:31:10,TRL-7416,YARD,DEL,Shift C
2024-09-29 14:24:59,TRL-7416,DOCK,DEL,Shift C
2025-01-05 08:55:02,TRL-4937,YARD,BLR,Shift C
2025-01-05 09:12:13,TRL-4937,DOCK,BLR,Shift C
2025-01-15 18:10:20,TRL-8548,YARD,BLR,Shift A
2025-01-15 18:52:42,TRL-8548,DOCK,BLR,Shift A
2025-02-13 20:25:16,TRL-8716,YARD,BLR,Shift C
2025-02-13 21:49:35,TRL-8716,DOCK,BLR,Shift C
2024-11-02 08:13:05,TRL-5763,YARD,BLR,Shift B
2024-11-02 08:40:00,TRL-5763,DOCK,BLR,Shift B
2024-12-16 05:13:16,TRL-7693,YARD,DEL,Shift C
2024-12-16 06:28:34,TRL-7693,DOCK,DEL,Shift C
2024-12-28 11:13:13,TRL-4578,YARD,MUM,Shift C
2024-12-28 12:30:24,TRL-4578,DOCK,MUM,Shift C
2025-02-12 19:03:28,TRL-5125,YARD,DEL,Shift A
2025-02-12 19:36:45,TRL-5125,DOCK,DEL,Shift A
2024-12-29 20:10:55,TRL-8055,YARD,DEL,Shift A
2024-12-29 21:17:42,TRL-8055,DOCK,DEL,Shift A
2024-09-06 16:15:59,TRL-9774,YARD,BLR,Shift B
2024-09-06 16:57:41,TRL-9774,DOCK,BLR,Shift B
2024-12-13 12:34:16,TRL-6006,YARD,MUM,Shift C
2024-12-13 13:49:14,TRL-6006,DOCK,MUM,Shift C
2024-11-23 17:24:50,TRL-6917,YARD,BLR,Shift A
2024-11-23 17:42:13,TRL-6917,DOCK,BLR,Shift A
2024-12-01 14:26:08,TRL-3865,YARD,BLR,Shift B
2024-12-01 15:01:19,TRL-3865,DOCK,BLR,Shift B
2024-12-08 08:29:40,TRL-8593,YARD,DEL,Shift C
2024-12-08 09:39:37,TRL-8593,DOCK,DEL,Shift C
2024-12-27 08:31:28,TRL-1134,YARD,BLR,Shift B
2024-12-27 09:20:48,TRL-1134,DOCK,BLR,Shift B
2024-12-10 13:40:16,TRL-5593,YARD,BLR,Shift C
2024-12-10 15:04:05,TRL-5593,DOCK,BLR,Shift C
2025-01-20 17:46:46,TRL-4213,YARD,DEL,Shift A
2025-01-20 18:05:11,TRL-4213,DOCK,DEL,Shift A
2024-12-21 10:29:55,TRL-8658,YARD,DEL,Shift B
2024-12-21 11:01:57,TRL-8658,DOCK,DEL,Shift B
2025-01-28 15:11:03,TRL-9028,YARD,BLR,Shift A
2025-01-28 16:29:23,TRL-9028,DOCK,BLR,Shift A
2024-12-01 10:19:29,TRL-6156,YARD,BLR,Shift B
2024-12-01 11:22:06,TRL-6156,DOCK,BLR,Shift B
2024-11-04 20:18:16,TRL-6658,YARD,BLR,Shift C
2024-11-04 21:20:25,TRL-6658,DOCK,BLR,Shift C
2024-11-14 08:02:33,TRL-1078,YARD,MUM,Shift B
2024-11-14 08:59:43,TRL-1078,DOCK,MUM,Shift B
2024-10-25 17:19:06,TRL-1468,YARD,DEL,Shift B
2024-10-25 18:05:43,TRL-1468,DOCK,DEL,Shift B
2024-09-09 13:32:32,TRL-6489,YARD,MUM,Shift A
2024-09-09 15:01:59,TRL-6489,DOCK,MUM,Shift A
2024-09-08 13:33:07,TRL-2801,YARD,MUM,Shift B
2024-09-08 13:51:00,TRL-2801,DOCK,MUM,Shift B
2024-11-19 15:12:11,TRL-3173,YARD,BLR,Shift A
2024-11-19 16:19:28,TRL-3173,DOCK,BLR,Shift A
2024-11-22 16:58:29,TRL-1079,YARD,BLR,Shift C
2024-11-22 18:27:55,TRL-1079,DOCK,BLR,Shift C
2024-10-27 17:10:42,TRL-1379,YARD,BLR,Shift C
2024-10-27 17:39:34,TRL-1379,DOCK,BLR,Shift C
2024-12-30 17:26:29,TRL-2543,YARD,DEL,Shift B
2024-12-30 17:57:12,TRL-2543,DOCK,DEL,Shift B
2024-11-14 15:08:58,TRL-4718,YARD,BLR,Shift A
2024-11-14 15:34:24,TRL-4718,DOCK,BLR,Shift A
2024-11-21 09:41:12,TRL-8602,YARD,MUM,Shift A
2024-11-21 10:16:03,TRL-8602,DOCK,MUM,Shift A
2024-11-21 13:41:14,TRL-4809,YARD,MUM,Shift C
2024-11-21 14:52:31,TRL-4809,DOCK,MUM,Shift C
2025-01-10 16:09:46,TRL-6416,YARD,BLR,Shift A
2025-01-10 16:30:40,TRL-6416,DOCK,BLR,Shift A
2024-12-06 13:22:56,TRL-2647,YARD,BLR,Shift A
2024-12-06 13:48:36,TRL-2647,DOCK,BLR,Shift A
2024-10-08 13:00:42,TRL-6776,YARD,BLR,Shift A
2024-10-08 13:17:53,TRL-6776,DOCK,BLR,Shift A
2024-12-06 09:10:37,TRL-3733,YARD,DEL,Shift B
2024-12-06 09:52:27,TRL-3733,DOCK,DEL,Shift B
2025-01-29 14:18:17,TRL-8548,YARD,BLR,Shift B
2025-01-29 14:44:27,TRL-8548,DOCK,BLR,Shift B
2024-11-30 12:55:48,TRL-8112,YARD,DEL,Shift C
2024-11-30 13:39:19,TRL-8112,DOCK,DEL,Shift C
2024-12-18 18:08:51,TRL-4001,YARD,BLR,Shift C
2024-12-18 18:49:38,TRL-4001,DOCK,BLR,Shift C
2025-02-02 08:22:04,TRL-1837,YARD,DEL,Shift A
2025-02-02 09:04:19,TRL-1837,DOCK,DEL,Shift A
2024-10-31 13:05:28,TRL-4660,YARD,BLR,Shift B
2024-10-31 13:34:53,TRL-4660,DOCK,BLR,Shift B
2024-12-29 15:25:23,TRL-6735,YARD,MUM,Shift C
2024-12-29 16:02:19,TRL-6735,DOCK,MUM,Shift C
2025-01-10 19:10:27,TRL-2314,YARD,BLR,Shift A
2025-01-10 20:12:50,TRL-2314,DOCK,BLR,Shift A
2025-01-16 13:28:47,TRL-8067,YARD,MUM,Shift C
2025-01-16 14:43:38,TRL-8067,DOCK,MUM,Shift C
2025-02-03 20:21:01,TRL-2324,YARD,DEL,Shift C
2025-02-03 20:53:25,TRL-2324,DOCK,DEL,Shift C
2024-12-17 11:29:05,TRL-2536,YARD,BLR,Shift A
2024-12-17 12:19:49,TRL-2536,DOCK,BLR,Shift A
2024-12-07 14:35:32,TRL-5987,YARD,BLR,Shift B
2024-12-07 15:52:41,TRL-5987,DOCK,BLR,Shift B
2024-10-27 14:19:19,TRL-6122,YARD,BLR,Shift C
2024-10-27 15:25:38,TRL-6122,DOCK,BLR,Shift C
2024-09-18 10:17:19,TRL-8434,YARD,BLR,Shift B
2024-09-18 10:34:39,TRL-8434,DOCK,BLR,Shift B
2025-02-17 13:56:59,TRL-7846,YARD,BLR,Shift B
2025-02-17 14:47:31,TRL-7846,DOCK,BLR,Shift B
2024-09-25 11:56:17,TRL-9909,YARD,DEL,Shift A
2024-09-25 12:42:27,TRL-9909,DOCK,DEL,Shift A
2025-01-31 11:48:05,TRL-4273,YARD,BLR,Shift A
2025-01-31 12:36:15,TRL-4273,DOCK,BLR,Shift A
2024-10-05 19:37:08,TRL-7312,YARD,DEL,Shift A
2024-10-05 21:06:57,TRL-7312,DOCK,DEL,Shift A
2024-09-11 13:11:59,TRL-3300,YARD,BLR,Shift C
2024-09-11 14:17:04,TRL-3300,DOCK,BLR,Shift C
2024-09-27 12:19:12,TRL-8792,YARD,MUM,Shift B
2024-09-27 13:46:26,TRL-8792,DOCK,MUM,Shift B
2024-10-24 08:23:02,TRL-3732,YARD,DEL,Shift C
2024-10-24 09:09:56,TRL-3732,DOCK,DEL,Shift C
2024-09-05 19:00:22,TRL-2663,YARD,BLR,Shift A
2024-09-05 20:11:51,TRL-2663,DOCK,BLR,Shift A
2024-10-30 17:43:59,TRL-1470,YARD,BLR,Shift B
2024-10-30 18:18:17,TRL-1470,DOCK,BLR,Shift B
2024-09-06 16:28:43,TRL-2941,YARD,MUM,Shift A
2024-09-06 17:56:53,TRL-2941,DOCK,MUM,Shift A
2024-10-21 13:00:37,TRL-8242,YARD,BLR,Shift B
2024-10-21 13:27:36,TRL-8242,DOCK,BLR,Shift B
2025-01-24 13:39:23,TRL-1970,YARD,BLR,Shift A
2025-01-24 14:37:12,TRL-1970,DOCK,BLR,Shift A
2024-11-18 10:23:50,TRL-2373,YARD,BLR,Shift C
2024-11-18 11:41:15,TRL-2373,DOCK,BLR,Shift C
2024-09-08 12:51:12,TRL-4940,YARD,MUM,Shift A
2024-09-08 14:05:27,TRL-4940,DOCK,MUM,Shift A
2024-09-23 12:54:10,TRL-4848,YARD,MUM,Shift B
2024-09-23 13:53:59,TRL-4848,DOCK,MUM,Shift B
2024-11-01 11:26:28,TRL-2208,YARD,DEL,Shift C
2024-11-01 12:37:19,TRL-2208,DOCK,DEL,Shift C
2024-10-16 09:41:27,TRL-1971,YARD,BLR,Shift A
2024-10-16 10:21:37,TRL-1971,DOCK,BLR,Shift A
2024-12-14 13:40:42,TRL-6405,YARD,MUM,Shift C
2024-12-14 14:41:51,TRL-6405,DOCK,MUM,Shift C
2025-01-16 20:18:32,TRL-9844,YARD,MUM,Shift A
2025-01-16 21:42:21,TRL-9844,DOCK,MUM,Shift A
2025-02-03 12:39:15,TRL-3048,YARD,BLR,Shift A
2025-02-03 13:47:02,TRL-3048,DOCK,BLR,Shift A
2024-11-20 11:48:33,TRL-7861,YARD,DEL,Shift A
2024-11-20 12:20:37,TRL-7861,DOCK,DEL,Shift A
2024-12-22 19:21:13,TRL-2637,YARD,MUM,Shift A
2024-12-22 20:47:38,TRL-2637,DOCK,MUM,Shift A
2024-10-29 09:43:37,TRL-4527,YARD,BLR,Shift A
2024-10-29 10:57:14,TRL-4527,DOCK,BLR,Shift A
2024-10-19 08:33:11,TRL-9700,YARD,MUM,Shift C
2024-10-19 09:27:58,TRL-9700,DOCK,MUM,Shift C
2024-09-29 09:50:18,TRL-1630,YARD,BLR,Shift A
2024-09-29 10:42:57,TRL-1630,DOCK,BLR,Shift A
2024-11-26 07:58:38,TRL-2481,YARD,MUM,Shift B
2024-11-26 08:35:30,TRL-2481,DOCK,MUM,Shift B
2024-10-04 19:58:46,TRL-3494,YARD,MUM,Shift C
2024-10-04 20:24:39,TRL-3494,DOCK,MUM,Shift C
2024-10-14 17:31:29,TRL-4969,YARD,MUM,Shift C
2024-10-14 18:08:49,TRL-4969,DOCK,MUM,Shift C
2024-11-01 15:28:19,TRL-1756,YARD,BLR,Shift C
2024-11-01 15:54:10,TRL-1756,DOCK,BLR,Shift C
2024-09-26 07:40:07,TRL-3878,YARD,BLR,Shift C
2024-09-26 08:49:17,TRL-3878,DOCK,BLR,Shift C
2025-01-06 09:27:53,TRL-2754,YARD,BLR,Shift B
2025-01-06 10:02:02,TRL-2754,DOCK,BLR,Shift B
2025-01-24 10:30:55,TRL-8723,YARD,DEL,Shift A
2025-01-24 11:43:26,TRL-8723,DOCK,DEL,Shift A
2025-01-15 07:54:33,TRL-8234,YARD,BLR,Shift A
2025-01-15 08:44:32,TRL-8234,DOCK,BLR,Shift A
2024-09-20 16:58:03,TRL-2047,YARD,BLR,Shift A
2024-09-20 18:06:55,TRL-2047,DOCK,BLR,Shift A
2025-01-15 15:12:27,TRL-5797,YARD,MUM,Shift C
2025-01-15 15:29:16,TRL-5797,DOCK,MUM,Shift C
2024-12-05 09:03:25,TRL-5673,YARD,MUM,Shift C
2024-12-05 09:37:49,TRL-5673,DOCK,MUM,Shift C
2024-09-17 20:05:22,TRL-2393,YARD,BLR,Shift B
2024-09-17 21:24:10,TRL-2393,DOCK,BLR,Shift B
2025-02-19 09:23:24,TRL-4327,YARD,DEL,Shift B
2025-02-19 10:00:50,TRL-4327,DOCK,DEL,Shift B
2024-10-14 17:11:08,TRL-8141,YARD,MUM,Shift C
2024-10-14 17:54:04,TRL-8141,DOCK,MUM,Shift C
2024-11-24 15:39:20,TRL-2385,YARD,MUM,Shift C
2024-11-24 16:45:45,TRL-2385,DOCK,MUM,Shift C
2024-11-13 14:03:05,TRL-3568,YARD,MUM,Shift B
2024-11-13 15:31:40,TRL-3568,DOCK,MUM,Shift B
2024-09-11 12:35:48,TRL-8926,YARD,BLR,Shift A
2024-09-11 12:59:42,TRL-8926,DOCK,BLR,Shift A
2025-01-05 08:43:28,TRL-2756,YARD,DEL,Shift A
2025-01-05 08:59:39,TRL-2756,DOCK,DEL,Shift A
2024-12-17 20:31:57,TRL-3409,YARD,MUM,Shift C
2024-12-17 21:30:47,TRL-3409,DOCK,MUM,Shift C
2025-01-19 15:19:54,TRL-8662,YARD,MUM,Shift A
2025-01-19 15:44:23,TRL-8662,DOCK,MUM,Shift A
2024-10-07 11:42:04,TRL-6566,YARD,MUM,Shift B
2024-10-07 13:05:17,TRL-6566,DOCK,MUM,Shift B
2024-10-23 13:19:14,TRL-4500,YARD,DEL,Shift B
2024-10-23 14:12:25,TRL-4500,DOCK,DEL,Shift B
2024-12-05 11:57:27,TRL-8001,YARD,DEL,Shift B
2024-12-05 13:03:50,TRL-8001,DOCK,DEL,Shift B
2024-09-14 19:41:18,TRL-2366,YARD,BLR,Shift A
2024-09-14 20:00:19,TRL-2366,DOCK,BLR,Shift A
2024-10-02 10:18:50,TRL-9248,YARD,MUM,Shift C
2024-10-02 10:50:58,TRL-9248,DOCK,MUM,Shift C
2024-12-08 17:13:16,TRL-3549,YARD,BLR,Shift C
2024-12-08 17:35:36,TRL-3549,DOCK,BLR,Shift C
2024-09-30 06:58:35,TRL-5033,YARD,MUM,Shift A
2024-09-30 07:56:07,TRL-5033,DOCK,MUM,Shift A
2025-01-09 13:00:34,TRL-2237,YARD,DEL,Shift A
2025-01-09 13:39:44,TRL-2237,DOCK,DEL,Shift A
2025-01-09 10:18:43,TRL-4568,YARD,BLR,Shift A
2025-01-09 11:08:15,TRL-4568,DOCK,BLR,Shift A
2024-09-24 18:28:18,TRL-8930,YARD,MUM,Shift B
2024-09-24 19:41:15,TRL-8930,DOCK,MUM,Shift B
2025-02-17 09:04:35,TRL-6881,YARD,BLR,Shift A
2025-02-17 10:01:56,TRL-6881,DOCK,BLR,Shift A
2024-09-21 14:22:21,TRL-8392,YARD,DEL,Shift C
2024-09-21 14:37:25,TRL-8392,DOCK,DEL,Shift C
2024-10-21 06:38:39,TRL-5784,YARD,BLR,Shift B
2024-10-21 07:57:25,TRL-5784,DOCK,BLR,Shift B
2025-01-03 08:28:23,TRL-2326,YARD,DEL,Shift C
2025-01-03 09:48:08,TRL-2326,DOCK,DEL,Shift C
2024-10-31 17:43:56,TRL-1925,YARD,DEL,Shift C
2024-10-31 18:19:29,TRL-1925,DOCK,DEL,Shift C
2024-09-14 16:48:47,TRL-1837,YARD,DEL,Shift A
2024-09-14 18:04:26,TRL-1837,DOCK,DEL,Shift A
2025-01-18 13:29:50,TRL-3909,YARD,DEL,Shift B
2025-01-18 13:54:39,TRL-3909,DOCK,DEL,Shift B
2024-12-21 10:38:50,TRL-7181,YARD,MUM,Shift B
2024-12-21 11:54:21,TRL-7181,DOCK,MUM,Shift B
2024-12-17 10:37:05,TRL-4998,YARD,BLR,Shift A
2024-12-17 11:29:09,TRL-4998,DOCK,BLR,Shift A
2024-09-25 07:31:52,TRL-1560,YARD,BLR,Shift B
2024-09-25 08:42:43,TRL-1560,DOCK,BLR,Shift B
2025-02-19 18:22:36,TRL-6073,YARD,DEL,Shift B
2025-02-19 19:03:33,TRL-6073,DOCK,DEL,Shift B
2024-10-05 09:14:20,TRL-1905,YARD,MUM,Shift A
2024-10-05 10:13:55,TRL-1905,DOCK,MUM,Shift A
2024-09-23 15:53:45,TRL-9241,YARD,MUM,Shift C
2024-09-23 16:42:41,TRL-9241,DOCK,MUM,Shift C
2024-09-12 17:27:38,TRL-7497,YARD,MUM,Shift B
2024-09-12 18:00:27,TRL-7497,DOCK,MUM,Shift B
2025-01-29 12:53:01,TRL-1778,YARD,BLR,Shift A
2025-01-29 13:08:39,TRL-1778,DOCK,BLR,Shift A
2024-10-04 18:33:56,TRL-4370,YARD,MUM,Shift A
2024-10-04 19:19:32,TRL-4370,DOCK,MUM,Shift A
2025-02-06 18:16:33,TRL-8524,YARD,BLR,Shift B
2025-02-06 18:57:38,TRL-8524,DOCK,BLR,Shift B
2024-11-02 16:33:53,TRL-2127,YARD,MUM,Shift A
2024-11-02 17:42:12,TRL-2127,DOCK,MUM,Shift A
2025-02-13 09:29:39,TRL-3395,YARD,BLR,Shift A
2025-02-13 10:43:48,TRL-3395,DOCK,BLR,Shift A
2025-02-08 06:05:06,TRL-9875,YARD,MUM,Shift C
2025-02-08 06:27:19,TRL-9875,DOCK,MUM,Shift C
2024-12-18 21:38:48,TRL-2237,YARD,BLR,Shift A
2024-12-18 22:56:03,TRL-2237,DOCK,BLR,Shift A
2024-10-12 10:39:36,TRL-3165,YARD,MUM,Shift B
2024-10-12 11:07:32,TRL-3165,DOCK,MUM,Shift B
2024-11-11 11:06:40,TRL-1794,YARD,BLR,Shift C
2024-11-11 11:45:11,TRL-1794,DOCK,BLR,Shift C
2024-12-25 14:12:52,TRL-4992,YARD,DEL,Shift B
2024-12-25 14:48:55,TRL-4992,DOCK,DEL,Shift B
2024-09-11 14:14:31,TRL-1984,YARD,BLR,Shift B
2024-09-11 15:10:25,TRL-1984,DOCK,BLR,Shift B
2025-01-27 19:18:15,TRL-3616,YARD,DEL,Shift C
2025-01-27 19:33:28,TRL-3616,DOCK,DEL,Shift C
2025-01-19 10:56:19,TRL-4850,YARD,DEL,Shift A
2025-01-19 12:00:37,TRL-4850,DOCK,DEL,Shift A
2024-10-06 06:58:12,TRL-3769,YARD,BLR,Shift C
2024-10-06 08:12:54,TRL-3769,DOCK,BLR,Shift C
2024-11-27 20:43:56,TRL-3847,YARD,BLR,Shift B
2024-11-27 21:56:45,TRL-3847,DOCK,BLR,Shift B
2024-12-27 10:55:26,TRL-4227,YARD,BLR,Shift B
2024-12-27 12:05:16,TRL-4227,DOCK,BLR,Shift B
2025-01-04 06:24:59,TRL-7336,YARD,MUM,Shift A
2025-01-04 06:49:06,TRL-7336,DOCK,MUM,Shift A
2025-01-24 16:29:59,TRL-7735,YARD,MUM,Shift A
2025-01-24 17:16:08,TRL-7735,DOCK,MUM,Shift A
2025-01-25 18:20:08,TRL-1148,YARD,BLR,Shift C
2025-01-25 19:15:26,TRL-1148,DOCK,BLR,Shift C
2024-10-18 10:30:10,TRL-2408,YARD,MUM,Shift A
2024-10-18 11:55:32,TRL-2408,DOCK,MUM,Shift A
2025-02-19 09:27:37,TRL-8846,YARD,BLR,Shift C
2025-02-19 10:37:59,TRL-8846,DOCK,BLR,Shift C
2024-09-25 14:50:32,TRL-1206,YARD,MUM,Shift C
2024-09-25 16:01:42,TRL-1206,DOCK,MUM,Shift C
2024-09-10 08:45:25,TRL-6017,YARD,MUM,Shift A
2024-09-10 09:36:52,TRL-6017,DOCK,MUM,Shift A
2025-01-24 12:48:27,TRL-8899,YARD,MUM,Shift B
2025-01-24 13:06:54,TRL-8899,DOCK,MUM,Shift B
2024-10-07 16:31:46,TRL-1379,YARD,MUM,Shift A
2024-10-07 16:56:28,TRL-1379,DOCK,MUM,Shift A
2024-10-30 07:14:21,TRL-5210,YARD,MUM,Shift A
2024-10-30 08:23:08,TRL-5210,DOCK,MUM,Shift A
2024-10-02 15:57:34,TRL-1825,YARD,BLR,Shift B
2024-10-02 17:21:03,TRL-1825,DOCK,BLR,Shift B
2024-12-31 16:48:10,TRL-8483,YARD,BLR,Shift B
2024-12-31 17:35:41,TRL-8483,DOCK,BLR,Shift B
2024-11-29 11:39:09,TRL-5407,YARD,BLR,Shift A
2024-11-29 12:21:32,TRL-5407,DOCK,BLR,Shift A
2024-10-16 14:15:35,TRL-1451,YARD,BLR,Shift C
2024-10-16 15:20:55,TRL-1451,DOCK,BLR,Shift C
2024-09-06 18:33:21,TRL-6253,YARD,MUM,Shift B
2024-09-06 19:01:52,TRL-6253,DOCK,MUM,Shift B
2024-09-12 12:39:31,TRL-8516,YARD,MUM,Shift C
2024-09-12 13:34:11,TRL-8516,DOCK,MUM,Shift C
2024-12-01 05:50:09,TRL-2325,YARD,DEL,Shift B
2024-12-01 06:13:24,TRL-2325,DOCK,DEL,Shift B
2024-12-12 12:25:39,TRL-2318,YARD,BLR,Shift A
2024-12-12 13:00:30,TRL-2318,DOCK,BLR,Shift A
2025-02-07 20:33:11,TRL-5979,YARD,BLR,Shift C
2025-02-07 21:07:38,TRL-5979,DOCK,BLR,Shift C
2024-11-29 16:58:37,TRL-6953,YARD,DEL,Shift A
2024-11-29 17:59:01,TRL-6953,DOCK,DEL,Shift A
2024-10-22 05:53:47,TRL-3322,YARD,BLR,Shift B
2024-10-22 06:38:26,TRL-3322,DOCK,BLR,Shift B
2025-02-18 18:30:23,TRL-6544,YARD,DEL,Shift B
2025-02-18 19:47:05,TRL-6544,DOCK,DEL,Shift B
2024-10-14 18:19:35,TRL-4048,YARD,MUM,Shift C
2024-10-14 19:06:40,TRL-4048,DOCK,MUM,Shift C
2025-02-16 13:57:26,TRL-2282,YARD,DEL,Shift B
2025-02-16 14:45:22,TRL-2282,DOCK,DEL,Shift B
2025-01-08 08:03:18,TRL-2905,YARD,MUM,Shift B
2025-01-08 09:14:56,TRL-2905,DOCK,MUM,Shift B
2024-12-15 20:15:16,TRL-9208,YARD,MUM,Shift C
2024-12-15 21:01:24,TRL-9208,DOCK,MUM,Shift C
2024-12-14 06:49:50,TRL-3316,YARD,MUM,Shift C
2024-12-14 07:22:52,TRL-3316,DOCK,MUM,Shift C
2025-02-19 09:44:36,TRL-6806,YARD,DEL,Shift B
2025-02-19 10:07:35,TRL-6806,DOCK,DEL,Shift B
2024-12-10 07:35:02,TRL-7581,YARD,BLR,Shift B
2024-12-10 08:52:13,TRL-7581,DOCK,BLR,Shift B
2024-10-05 09:59:04,TRL-8219,YARD,BLR,Shift A
2024-10-05 10:30:28,TRL-8219,DOCK,BLR,Shift A
2025-02-15 08:15:42,TRL-1413,YARD,BLR,Shift A
2025-02-15 08:57:57,TRL-1413,DOCK,BLR,Shift A
2025-02-02 18:21:32,TRL-4399,YARD,DEL,Shift A
2025-02-02 18:43:55,TRL-4399,DOCK,DEL,Shift A
2024-09-15 14:53:19,TRL-9920,YARD,DEL,Shift A
2024-09-15 15:44:09,TRL-9920,DOCK,DEL,Shift A
2024-09-28 19:26:22,TRL-5693,YARD,BLR,Shift A
2024-09-28 19:53:48,TRL-5693,DOCK,BLR,Shift A
2024-10-24 09:04:29,TRL-3290,YARD,MUM,Shift C
2024-10-24 10:11:02,TRL-3290,DOCK,MUM,Shift C
2024-12-19 05:31:35,TRL-5729,YARD,DEL,Shift C
2024-12-19 06:15:08,TRL-5729,DOCK,DEL,Shift C
2024-09-17 09:38:09,TRL-2127,YARD,BLR,Shift B
2024-09-17 10:15:26,TRL-2127,DOCK,BLR,Shift B
2024-10-26 13:06:52,TRL-7405,YARD,BLR,Shift C
2024-10-26 13:35:03,TRL-7405,DOCK,BLR,Shift C
2024-12-26 15:48:32,TRL-7951,YARD,DEL,Shift A
2024-12-26 16:58:05,TRL-7951,DOCK,DEL,Shift A
2024-10-29 07:42:56,TRL-1013,YARD,MUM,Shift B
2024-10-29 09:09:17,TRL-1013,DOCK,MUM,Shift B
2024-10-05 08:12:23,TRL-2809,YARD,MUM,Shift A
2024-10-05 09:27:47,TRL-2809,DOCK,MUM,Shift A
2024-10-21 14:54:52,TRL-7817,YARD,MUM,Shift A
2024-10-21 15:17:07,TRL-7817,DOCK,MUM,Shift A
2024-12-25 15:39:40,TRL-5885,YARD,DEL,Shift C
2024-12-25 16:41:37,TRL-5885,DOCK,DEL,Shift C
2025-01-17 12:18:00,TRL-2675,YARD,BLR,Shift C
2025-01-17 12:46:55,TRL-2675,DOCK,BLR,Shift C
2025-01-02 16:32:15,TRL-9378,YARD,BLR,Shift A
2025-01-02 16:55:42,TRL-9378,DOCK,BLR,Shift A
2025-02-10 12:47:30,TRL-7500,YARD,MUM,Shift C
2025-02-10 13:57:47,TRL-7500,DOCK,MUM,Shift C
2025-02-07 20:15:20,TRL-4394,YARD,BLR,Shift C
2025-02-07 20:49:58,TRL-4394,DOCK,BLR,Shift C
2024-10-17 16:44:45,TRL-1445,YARD,DEL,Shift A
2024-10-17 17:28:52,TRL-1445,DOCK,DEL,Shift A
2024-11-23 11:22:24,TRL-7178,YARD,BLR,Shift A
2024-11-23 12:50:40,TRL-7178,DOCK,BLR,Shift A
2025-01-17 19:31:08,TRL-7348,YARD,DEL,Shift B
2025-01-17 20:24:25,TRL-7348,DOCK,DEL,Shift B
2024-09-30 08:53:38,TRL-8914,YARD,DEL,Shift C
2024-09-30 09:24:52,TRL-8914,DOCK,DEL,Shift C
2024-12-19 14:33:44,TRL-4790,YARD,DEL,Shift B
2024-12-19 14:50:51,TRL-4790,DOCK,DEL,Shift B
2025-02-20 18:12:52,TRL-9868,YARD,MUM,Shift A
2025-02-20 19:04:20,TRL-9868,DOCK,MUM,Shift A
2024-10-09 11:32:01,TRL-4732,YARD,MUM,Shift C
2024-10-09 12:41:41,TRL-4732,DOCK,MUM,Shift C
2024-11-08 10:44:07,TRL-2290,YARD,MUM,Shift B
2024-11-08 11:24:57,TRL-2290,DOCK,MUM,Shift B
2024-09-08 12:27:40,TRL-3967,YARD,BLR,Shift B
2024-09-08 13:54:04,TRL-3967,DOCK,BLR,Shift B
2024-12-26 10:39:51,TRL-2861,YARD,MUM,Shift C
2024-12-26 11:43:08,TRL-2861,DOCK,MUM,Shift C
2024-11-24 08:03:17,TRL-8906,YARD,MUM,Shift B
2024-11-24 08:47:01,TRL-8906,DOCK,MUM,Shift B
2025-01-05 12:41:54,TRL-4654,YARD,BLR,Shift B
2025-01-05 13:01:43,TRL-4654,DOCK,BLR,Shift B
2024-12-27 20:30:34,TRL-5329,YARD,MUM,Shift C
2024-12-27 21:13:51,TRL-5329,DOCK,MUM,Shift C
2024-10-29 10:25:12,TRL-3378,YARD,BLR,Shift A
2024-10-29 10:47:15,TRL-3378,DOCK,BLR,Shift A
2024-10-09 09:22:33,TRL-9900,YARD,BLR,Shift A
2024-10-09 09:50:19,TRL-9900,DOCK,BLR,Shift A
2024-11-18 18:10:44,TRL-9414,YARD,DEL,Shift C
2024-11-18 18:46:47,TRL-9414,DOCK,DEL,Shift C
2025-01-07 07:24:10,TRL-3032,YARD,DEL,Shift A
2025-01-07 07:53:36,TRL-3032,DOCK,DEL,Shift A
2024-09-17 08:21:50,TRL-2433,YARD,MUM,Shift C
2024-09-17 08:45:23,TRL-2433,DOCK,MUM,Shift C
2025-01-17 17:12:00,TRL-7561,YARD,DEL,Shift B
2025-01-17 17:31:00,TRL-7561,DOCK,DEL,Shift B
2024-09-28 14:29:03,TRL-8871,YARD,MUM,Shift A
2024-09-28 15:34:50,TRL-8871,DOCK,MUM,Shift A
2025-01-09 10:00:31,TRL-9615,YARD,DEL,Shift C
2025-01-09 11:10:11,TRL-9615,DOCK,DEL,Shift C
2024-12-02 10:43:32,TRL-9530,YARD,DEL,Shift C
2024-12-02 11:17:26,TRL-9530,DOCK,DEL,Shift C
2024-10-13 17:07:46,TRL-8816,YARD,DEL,Shift C
2024-10-13 18:06:23,TRL-8816,DOCK,DEL,Shift C
2024-10-04 20:11:28,TRL-8353,YARD,DEL,Shift B
2024-10-04 21:11:29,TRL-8353,DOCK,DEL,Shift B
2024-09-26 09:30:28,TRL-6172,YARD,DEL,Shift B
2024-09-26 10:55:12,TRL-6172,DOCK,DEL,Shift B
2024-10-30 17:25:21,TRL-3208,YARD,BLR,Shift C
2024-10-30 18:17:07,TRL-3208,DOCK,BLR,Shift C
2024-10-21 14:31:04,TRL-2808,YARD,MUM,Shift C
2024-10-21 15:27:02,TRL-2808,DOCK,MUM,Shift C
2024-12-04 18:05:46,TRL-7704,YARD,DEL,Shift B
2024-12-04 19:34:51,TRL-7704,DOCK,DEL,Shift B
2024-12-20 10:51:26,TRL-6831,YARD,MUM,Shift A
2024-12-20 12:01:45,TRL-6831,DOCK,MUM,Shift A
2024-10-09 11:30:48,TRL-9757,YARD,BLR,Shift B
2024-10-09 11:53:27,TRL-9757,DOCK,BLR,Shift B
2024-11-01 20:10:15,TRL-1154,YARD,BLR,Shift B
2024-11-01 20:31:01,TRL-1154,DOCK,BLR,Shift B
2024-11-13 08:42:45,TRL-4461,YARD,MUM,Shift B
2024-11-13 09:57:48,TRL-4461,DOCK,MUM,Shift B
2024-10-17 12:01:00,TRL-6134,YARD,DEL,Shift B
2024-10-17 13:20:37,TRL-6134,DOCK,DEL,Shift B
2024-11-29 18:19:21,TRL-2551,YARD,MUM,Shift B
2024-11-29 18:49:21,TRL-2551,DOCK,MUM,Shift B
2024-09-10 08:30:57,TRL-2542,YARD,MUM,Shift B
2024-09-10 09:30:40,TRL-2542,DOCK,MUM,Shift B
2025-01-23 19:06:44,TRL-7005,YARD,MUM,Shift B
2025-01-23 19:55:22,TRL-7005,DOCK,MUM,Shift B
2025-02-01 05:16:15,TRL-3916,YARD,MUM,Shift B
2025-02-01 06:36:15,TRL-3916,DOCK,MUM,Shift B
2024-11-04 10:24:03,TRL-7789,YARD,MUM,Shift C
2024-11-04 11:10:26,TRL-7789,DOCK,MUM,Shift C
2025-01-13 20:20:40,TRL-5998,YARD,MUM,Shift A
2025-01-13 21:06:27,TRL-5998,DOCK,MUM,Shift A
2025-02-22 10:25:14,TRL-8995,YARD,MUM,Shift B
2025-02-22 11:18:16,TRL-8995,DOCK,MUM,Shift B
2025-02-09 16:51:12,TRL-2452,YARD,MUM,Shift C
2025-02-09 18:09:08,TRL-2452,DOCK,MUM,Shift C
2025-02-18 14:22:00,TRL-4461,YARD,MUM,Shift A
2025-02-18 15:40:58,TRL-4461,DOCK,MUM,Shift A
2025-01-10 10:24:23,TRL-1877,YARD,BLR,Shift C
2025-01-10 11:19:09,TRL-1877,DOCK,BLR,Shift C
2024-10-10 08:42:45,TRL-3731,YARD,DEL,Shift A
2024-10-10 09:01:18,TRL-3731,DOCK,DEL,Shift A
2025-02-03 09:07:36,TRL-4394,YARD,MUM,Shift B
2025-02-03 10:24:20,TRL-4394,DOCK,MUM,Shift B
2024-09-10 11:30:17,TRL-9185,YARD,DEL,Shift B
2024-09-10 12:17:14,TRL-9185,DOCK,DEL,Shift B
2024-11-19 19:07:51,TRL-9089,YARD,DEL,Shift C
2024-11-19 19:36:59,TRL-9089,DOCK,DEL,Shift C
2024-09-26 10:39:39,TRL-3813,YARD,DEL,Shift B
2024-09-26 11:23:49,TRL-3813,DOCK,DEL,Shift B
2024-10-16 09:17:48,TRL-4186,YARD,DEL,Shift A
2024-10-16 10:41:52,TRL-4186,DOCK,DEL,Shift A
2025-01-03 18:43:11,TRL-4966,YARD,MUM,Shift B
2025-01-03 19:33:26,TRL-4966,DOCK,MUM,Shift B
2025-02-14 18:00:05,TRL-9632,YARD,MUM,Shift A
2025-02-14 18:35:09,TRL-9632,DOCK,MUM,Shift A
2024-10-13 19:45:03,TRL-1600,YARD,DEL,Shift B
2024-10-13 21:03:38,TRL-1600,DOCK,DEL,Shift B
2024-11-28 16:37:00,TRL-6086,YARD,MUM,Shift A
2024-11-28 17:37:09,TRL-6086,DOCK,MUM,Shift A
2025-02-13 17:15:35,TRL-1922,YARD,MUM,Shift A
2025-02-13 18:06:17,TRL-1922,DOCK,MUM,Shift A
2024-12-17 18:30:34,TRL-3676,YARD,DEL,Shift C
2024-12-17 19:12:21,TRL-3676,DOCK,DEL,Shift C
2024-11-02 05:59:25,TRL-5847,YARD,MUM,Shift A
2024-11-02 06:53:06,TRL-5847,DOCK,MUM,Shift A
2024-12-06 08:22:31,TRL-6454,YARD,MUM,Shift A
2024-12-06 08:54:23,TRL-6454,DOCK,MUM,Shift A
2024-12-10 09:19:23,TRL-7899,YARD,MUM,Shift B
2024-12-10 10:25:23,TRL-7899,DOCK,MUM,Shift B
2024-11-03 14:43:34,TRL-9981,YARD,DEL,Shift A
2024-11-03 16:00:52,TRL-9981,DOCK,DEL,Shift A
2024-11-07 06:41:50,TRL-3509,YARD,MUM,Shift B
2024-11-07 08:00:37,TRL-3509,DOCK,MUM,Shift B
2024-11-05 14:15:10,TRL-4568,YARD,BLR,Shift C
2024-11-05 15:17:34,TRL-4568,DOCK,BLR,Shift C
2024-11-24 18:27:02,TRL-3383,YARD,MUM,Shift C
2024-11-24 19:40:19,TRL-3383,DOCK,MUM,Shift C
2024-11-09 14:30:15,TRL-6603,YARD,MUM,Shift A
2024-11-09 15:18:05,TRL-6603,DOCK,MUM,Shift A
2024-11-08 09:53:52,TRL-5461,YARD,DEL,Shift C
2024-11-08 11:11:23,TRL-5461,DOCK,DEL,Shift C
2024-12-01 07:45:28,TRL-4018,YARD,BLR,Shift A
2024-12-01 08:42:17,TRL-4018,DOCK,BLR,Shift A
2024-09-22 09:12:49,TRL-2093,YARD,BLR,Shift C
2024-09-22 10:23:14,TRL-2093,DOCK,BLR,Shift C
2024-09-10 06:58:16,TRL-5162,YARD,DEL,Shift B
2024-09-10 08:18:20,TRL-5162,DOCK,DEL,Shift B
2024-09-14 19:04:59,TRL-3940,YARD,BLR,Shift B
2024-09-14 20:21:24,TRL-3940,DOCK,BLR,Shift B
2024-09-08 18:04:00,TRL-3985,YARD,DEL,Shift B
2024-09-08 18:33:05,TRL-3985,DOCK,DEL,Shift B
2025-02-21 08:12:05,TRL-1611,YARD,BLR,Shift A
2025-02-21 09:19:17,TRL-1611,DOCK,BLR,Shift A
2024-10-21 12:35:32,TRL-7474,YARD,MUM,Shift C
2024-10-21 13:33:23,TRL-7474,DOCK,MUM,Shift C
2024-12-23 07:29:27,TRL-5278,YARD,DEL,Shift A
2024-12-23 08:03:48,TRL-5278,DOCK,DEL,Shift A
2025-01-11 06:44:47,TRL-4406,YARD,DEL,Shift C
2025-01-11 07:57:43,TRL-4406,DOCK,DEL,Shift C
2024-10-19 19:38:49,TRL-5123,YARD,BLR,Shift A
2024-10-19 20:11:20,TRL-5123,DOCK,BLR,Shift A
2024-10-27 08:30:42,TRL-6143,YARD,MUM,Shift B
2024-10-27 09:02:01,TRL-6143,DOCK,MUM,Shift B
2025-01-05 10:59:23,TRL-1863,YARD,BLR,Shift A
2025-01-05 11:32:33,TRL-1863,DOCK,BLR,Shift A
2024-10-21 19:22:13,TRL-8705,YARD,DEL,Shift C
2024-10-21 20:07:12,TRL-8705,DOCK,DEL,Shift C
2024-10-02 07:44:50,TRL-6532,YARD,MUM,Shift B
2024-10-02 09:11:40,TRL-6532,DOCK,MUM,Shift B
2024-09-06 07:00:58,TRL-1755,YARD,MUM,Shift B
2024-09-06 08:00:00,TRL-1755,DOCK,MUM,Shift B
2024-09-17 14:32:11,TRL-6011,YARD,BLR,Shift A
2024-09-17 15:53:19,TRL-6011,DOCK,BLR,Shift A
2024-12-23 05:32:31,TRL-9820,YARD,BLR,Shift C
2024-12-23 05:57:41,TRL-9820,DOCK,BLR,Shift C
2024-12-15 12:58:58,TRL-5547,YARD,MUM,Shift C
2024-12-15 13:16:22,TRL-5547,DOCK,MUM,Shift C
2024-10-17 08:46:32,TRL-3880,YARD,BLR,Shift B
2024-10-17 09:09:36,TRL-3880,DOCK,BLR,Shift B
2024-09-12 17:50:12,TRL-8920,YARD,DEL,Shift B
2024-09-12 19:03:25,TRL-8920,DOCK,DEL,Shift B
2025-01-16 15:24:46,TRL-4083,YARD,DEL,Shift B
2025-01-16 16:28:34,TRL-4083,DOCK,DEL,Shift B
2024-09-30 09:18:43,TRL-2522,YARD,BLR,Shift A
2024-09-30 10:03:45,TRL-2522,DOCK,BLR,Shift A
2024-11-29 19:44:32,TRL-2054,YARD,DEL,Shift A
2024-11-29 21:05:20,TRL-2054,DOCK,DEL,Shift A
2024-10-11 18:49:24,TRL-4535,YARD,MUM,Shift C
2024-10-11 19:39:41,TRL-4535,DOCK,MUM,Shift C
2024-12-27 08:34:02,TRL-8025,YARD,BLR,Shift A
2024-12-27 08:51:11,TRL-8025,DOCK,BLR,Shift A
2024-09-18 17:59:16,TRL-3229,YARD,BLR,Shift C
2024-09-18 18:50:10,TRL-3229,DOCK,BLR,Shift C
2025-01-17 16:05:11,TRL-4708,YARD,MUM,Shift A
2025-01-17 16:42:12,TRL-4708,DOCK,MUM,Shift A
2024-11-19 06:47:34,TRL-1183,YARD,BLR,Shift B
2024-11-19 08:11:33,TRL-1183,DOCK,BLR,Shift B
2024-11-30 19:23:26,TRL-6007,YARD,BLR,Shift A
2024-11-30 20:27:13,TRL-6007,DOCK,BLR,Shift A
2024-12-03 05:39:04,TRL-3797,YARD,MUM,Shift A
2024-12-03 06:57:53,TRL-3797,DOCK,MUM,Shift A
2024-11-19 11:04:50,TRL-5429,YARD,BLR,Shift C
2024-11-19 12:11:27,TRL-5429,DOCK,BLR,Shift C
2024-10-09 16:18:23,TRL-9605,YARD,MUM,Shift B
2024-10-09 16:50:35,TRL-9605,DOCK,MUM,Shift B
2025-01-24 14:53:32,TRL-2004,YARD,BLR,Shift A
2025-01-24 15:59:03,TRL-2004,DOCK,BLR,Shift A
2025-01-12 19:21:15,TRL-5024,YARD,BLR,Shift A
2025-01-12 20:31:15,TRL-5024,DOCK,BLR,Shift A
2024-12-06 14:56:31,TRL-8108,YARD,MUM,Shift C
2024-12-06 15:34:39,TRL-8108,DOCK,MUM,Shift C
2024-10-19 19:50:22,TRL-1236,YARD,MUM,Shift A
2024-10-19 21:12:14,TRL-1236,DOCK,MUM,Shift A
2025-02-06 07:43:17,TRL-2636,YARD,MUM,Shift A
2025-02-06 08:57:36,TRL-2636,DOCK,MUM,Shift A
2025-01-23 07:14:49,TRL-5754,YARD,DEL,Shift C
2025-01-23 07:42:25,TRL-5754,DOCK,DEL,Shift C
2024-09-26 10:25:21,TRL-5435,YARD,BLR,Shift C
2024-09-26 11:30:33,TRL-5435,DOCK,BLR,Shift C
2024-12-25 08:49:29,TRL-1504,YARD,DEL,Shift C
2024-12-25 09:56:28,TRL-1504,DOCK,DEL,Shift C
2024-11-08 06:58:44,TRL-5008,YARD,BLR,Shift C
2024-11-08 07:41:19,TRL-5008,DOCK,BLR,Shift C
2024-09-17 10:41:36,TRL-6040,YARD,MUM,Shift B
2024-09-17 11:27:27,TRL-6040,DOCK,MUM,Shift B
2025-01-11 18:43:39,TRL-2488,YARD,BLR,Shift C
2025-01-11 19:48:46,TRL-2488,DOCK,BLR,Shift C
2025-01-23 16:07:41,TRL-9433,YARD,MUM,Shift A
2025-01-23 17:11:59,TRL-9433,DOCK,MUM,Shift A
2025-01-18 12:41:02,TRL-6510,YARD,BLR,Shift B
2025-01-18 14:10:15,TRL-6510,DOCK,BLR,Shift B
2024-12-01 18:38:47,TRL-1132,YARD,BLR,Shift C
2024-12-01 19:53:59,TRL-1132,DOCK,BLR,Shift C
2025-01-25 12:10:23,TRL-5669,YARD,BLR,Shift A
2025-01-25 12:48:33,TRL-5669,DOCK,BLR,Shift A
2025-02-06 12:03:45,TRL-6759,YARD,MUM,Shift A
2025-02-06 13:05:19,TRL-6759,DOCK,MUM,Shift A
2025-01-19 07:47:44,TRL-2064,YARD,BLR,Shift B
2025-01-19 08:37:47,TRL-2064,DOCK,BLR,Shift B
2024-10-18 20:46:28,TRL-6241,YARD,BLR,Shift A
2024-10-18 22:03:46,TRL-6241,DOCK,BLR,Shift A
2024-09-25 19:38:36,TRL-3199,YARD,MUM,Shift A
2024-09-25 20:56:30,TRL-3199,DOCK,MUM,Shift A
2024-11-12 14:31:20,TRL-2529,YARD,BLR,Shift A
2024-11-12 15:33:50,TRL-2529,DOCK,BLR,Shift A
2024-11-09 20:11:11,TRL-1914,YARD,BLR,Shift B
2024-11-09 21:34:22,TRL-1914,DOCK,BLR,Shift B
2025-02-13 16:47:03,TRL-3934,YARD,MUM,Shift B
2025-02-13 18:06:33,TRL-3934,DOCK,MUM,Shift B
2024-09-14 11:20:35,TRL-2156,YARD,BLR,Shift A
2024-09-14 12:23:48,TRL-2156,DOCK,BLR,Shift A
2024-10-15 11:52:55,TRL-6215,YARD,DEL,Shift B
2024-10-15 12:31:52,TRL-6215,DOCK,DEL,Shift B
2025-01-02 10:29:26,TRL-5377,YARD,MUM,Shift C
2025-01-02 11:40:38,TRL-5377,DOCK,MUM,Shift C
2024-11-21 21:15:57,TRL-3874,YARD,DEL,Shift A
2024-11-21 22:18:30,TRL-3874,DOCK,DEL,Shift A
2024-09-17 11:04:06,TRL-3859,YARD,DEL,Shift B
2024-09-17 11:55:07,TRL-3859,DOCK,DEL,Shift B
2025-02-17 16:10:58,TRL-7252,YARD,BLR,Shift B
2025-02-17 17:09:41,TRL-7252,DOCK,BLR,Shift B
2024-11-07 11:17:33,TRL-7937,YARD,DEL,Shift B
2024-11-07 11:45:32,TRL-7937,DOCK,DEL,Shift B
2025-01-20 18:17:26,TRL-3750,YARD,MUM,Shift A
2025-01-20 18:58:27,TRL-3750,DOCK,MUM,Shift A
2025-01-24 18:19:19,TRL-4796,YARD,DEL,Shift B
2025-01-24 19:03:05,TRL-4796,DOCK,DEL,Shift B
2025-01-26 11:58:59,TRL-5096,YARD,BLR,Shift C
2025-01-26 13:16:35,TRL-5096,DOCK,BLR,Shift C
2025-02-08 07:56:27,TRL-9876,YARD,DEL,Shift A
2025-02-08 09:08:02,TRL-9876,DOCK,DEL,Shift A
2024-11-16 13:06:38,TRL-1266,YARD,BLR,Shift C
2024-11-16 14:21:06,TRL-1266,DOCK,BLR,Shift C
2025-01-23 09:12:21,TRL-6006,YARD,MUM,Shift C
2025-01-23 09:48:22,TRL-6006,DOCK,MUM,Shift C
2025-02-24 08:55:14,TRL-3437,YARD,DEL,Shift B
2025-02-24 09:10:23,TRL-3437,DOCK,DEL,Shift B
2024-12-23 15:48:22,TRL-7957,YARD,MUM,Shift C
2024-12-23 16:16:41,TRL-7957,DOCK,MUM,Shift C
2024-09-22 18:41:23,TRL-4077,YARD,DEL,Shift C
2024-09-22 19:27:08,TRL-4077,DOCK,DEL,Shift C
2025-01-04 17:57:45,TRL-4302,YARD,MUM,Shift A
2025-01-04 19:03:20,TRL-4302,DOCK,MUM,Shift A
2025-01-27 08:37:00,TRL-9827,YARD,MUM,Shift C
2025-01-27 09:09:15,TRL-9827,DOCK,MUM,Shift C
2025-02-09 11:07:37,TRL-4901,YARD,DEL,Shift A
2025-02-09 11:38:16,TRL-4901,DOCK,DEL,Shift A
2025-01-13 15:40:12,TRL-7077,YARD,DEL,Shift B
2025-01-13 17:05:37,TRL-7077,DOCK,DEL,Shift B
2024-11-12 10:33:18,TRL-9631,YARD,MUM,Shift A
2024-11-12 11:21:00,TRL-9631,DOCK,MUM,Shift A
2025-02-18 05:17:36,TRL-5168,YARD,MUM,Shift B
2025-02-18 05:35:23,TRL-5168,DOCK,MUM,Shift B
2024-11-29 17:45:35,TRL-8121,YARD,BLR,Shift B
2024-11-29 19:01:12,TRL-8121,DOCK,BLR,Shift B
2025-01-08 19:22:02,TRL-5718,YARD,DEL,Shift C
2025-01-08 19:58:21,TRL-5718,DOCK,DEL,Shift C
2024-09-13 20:51:32,TRL-3893,YARD,MUM,Shift A
2024-09-13 22:17:18,TRL-3893,DOCK,MUM,Shift A
2025-01-03 07:38:27,TRL-3188,YARD,BLR,Shift A
2025-01-03 08:18:10,TRL-3188,DOCK,BLR,Shift A
2024-10-20 09:33:10,TRL-1341,YARD,BLR,Shift A
2024-10-20 10:08:20,TRL-1341,DOCK,BLR,Shift A
2024-10-01 09:16:29,TRL-6570,YARD,MUM,Shift B
2024-10-01 10:14:48,TRL-6570,DOCK,MUM,Shift B
2025-02-03 16:09:30,TRL-6691,YARD,BLR,Shift C
2025-02-03 17:37:33,TRL-6691,DOCK,BLR,Shift C
2024-12-30 14:02:59,TRL-9569,YARD,MUM,Shift A
2024-12-30 15:32:08,TRL-9569,DOCK,MUM,Shift A
2024-10-20 19:50:28,TRL-5456,YARD,DEL,Shift C
2024-10-20 21:08:43,TRL-5456,DOCK,DEL,Shift C
2024-10-27 21:02:39,TRL-1135,YARD,BLR,Shift A
2024-10-27 22:00:20,TRL-1135,DOCK,BLR,Shift A
2024-10-26 14:18:51,TRL-7913,YARD,MUM,Shift B
2024-10-26 14:58:21,TRL-7913,DOCK,MUM,Shift B
2024-12-30 12:47:37,TRL-6287,YARD,BLR,Shift A
2024-12-30 13:09:49,TRL-6287,DOCK,BLR,Shift A
