shipment_id,arrdte,last_rcpt_conf_dte,last_upd_dt,warehouse,supplier_code,sku,received_qty,invoice_no,shift,team
SHP-00001,2024-11-12 10:46:33,2024-11-12 11:52:45,2024-11-12 14:47:11,BLR,SUP-001,SKU-018,378,INV-697339,Shift A,Team 1
SHP-00002,2024-12-20 10:23:02,2024-12-20 12:01:45,2024-12-20 14:55:04,BLR,SUP-008,SKU-026,1980,INV-902434,Shift B,Team 2
SHP-00003,2024-12-09 09:09:00,2024-12-09 10:10:33,2024-12-09 15:10:35,MUM,SUP-004,SKU-024,1140,INV-971532,Shift B,Team 3
SHP-00004,2024-10-22 18:50:07,2024-10-22 20:00:57,2024-10-23 00:49:37,BLR,SUP-002,SKU-008,1783,INV-575542,Shift B,Team 1
SHP-00005,2024-12-02 11:24:32,2024-12-02 13:21:38,2024-12-02 13:02:12,MUM,SUP-002,SKU-020,1500,INV-927154,Shift A,Team 2
SHP-00006,2024-09-19 11:31:48,2024-09-19 13:15:40,2024-09-19 18:03:54,BLR,SUP-001,SKU-011,1021,INV-312960,Shift B,Team 1
SHP-00007,2024-11-09 10:06:06,2024-11-09 11:44:30,2024-11-09 15:08:44,MUM,SUP-008,SKU-014,1395,INV-315531,Shift C,Team 2
SHP-00008,2024-12-19 17:00:33,2024-12-19 18:37:49,2024-12-19 21:10:06,DEL,SUP-004,SKU-020,1158,INV-867870,Shift A,Team 1
SHP-00009,2024-10-01 11:37:27,2024-10-01 13:15:56,2024-10-01 15:33:08,BLR,SUP-005,SKU-024,739,INV-198873,Shift A,Team 3
SHP-00010,2024-12-07 20:02:10,2024-12-07 20:33:18,2024-12-07 21:35:13,BLR,SUP-006,SKU-025,1286,INV-302376,Shift C,Team 3
SHP-00011,2024-11-03 21:22:45,2024-11-03 23:20:00,2024-11-04 04:07:10,MUM,SUP-003,SKU-003,1757,INV-515129,Shift A,Team 2
SHP-00012,2025-01-19 19:19:33,2025-01-19 20:04:34,2025-01-19 22:24:46,BLR,SUP-005,SKU-023,838,INV-171114,Shift C,Team 1
SHP-00013,2024-11-27 07:14:38,2024-11-27 08:05:35,2024-11-27 13:55:05,DEL,SUP-001,SKU-023,1492,INV-859338,Shift C,Team 2
SHP-00014,2025-01-23 09:40:10,2025-01-23 10:22:13,2025-01-23 13:52:14,BLR,SUP-005,SKU-008,1806,INV-169504,Shift A,Team 1
SHP-00015,2025-02-17 17:29:14,2025-02-17 18:43:46,2025-02-17 23:13:51,MUM,SUP-005,SKU-004,709,INV-204548,Shift C,Team 1
SHP-00016,2024-09-30 08:21:16,2024-09-30 09:24:40,2024-09-30 10:48:42,DEL,SUP-002,SKU-003,1743,INV-162387,Shift C,Team 2
SHP-00017,2024-09-04 14:11:55,2024-09-04 15:09:47,2024-09-04 19:59:10,DEL,SUP-003,SKU-023,1696,INV-251202,Shift B,Team 3
SHP-00018,2024-09-17 08:12:43,2024-09-17 08:45:15,2024-09-17 15:25:28,DEL,SUP-008,SKU-030,1946,INV-258359,Shift C,Team 2
SHP-00019,2024-10-03 21:57:41,2024-10-03 23:45:35,2024-10-04 05:21:33,DEL,SUP-004,SKU-014,1546,INV-292237,Shift A,Team 2
SHP-00020,2025-02-16 11:25:52,2025-02-16 12:40:30,2025-02-16 13:23:59,MUM,SUP-003,SKU-025,348,INV-294534,Shift B,Team 1
SHP-00021,2024-09-20 21:43:06,2024-09-20 23:33:13,2024-09-21 00:48:31,MUM,SUP-004,SKU-023,819,INV-280765,Shift B,Team 1
SHP-00022,2024-11-09 08:30:38,2024-11-09 10:15:12,2024-11-09 10:39:28,BLR,SUP-004,SKU-018,518,INV-420317,Shift B,Team 3
SHP-00023,2024-09-16 08:29:21,2024-09-16 10:01:14,2024-09-16 12:34:44,BLR,SUP-008,SKU-025,467,INV-112582,Shift A,Team 3
SHP-00024,2025-01-20 07:38:17,2025-01-20 09:10:47,2025-01-20 11:32:03,DEL,SUP-003,SKU-018,503,INV-916878,Shift A,Team 1
SHP-00025,2025-01-24 21:46:16,2025-01-24 23:26:25,2025-01-25 02:50:19,DEL,SUP-007,SKU-030,684,INV-856486,Shift A,Team 1
SHP-00026,2024-11-10 10:46:15,2024-11-10 11:33:57,2024-11-10 15:41:54,MUM,SUP-001,SKU-013,1986,INV-110461,Shift B,Team 2
SHP-00027,2025-02-20 10:00:23,2025-02-20 10:58:33,2025-02-20 14:21:40,DEL,SUP-008,SKU-012,1513,INV-355218,Shift A,Team 2
SHP-00028,2024-11-11 06:37:06,2024-11-11 07:57:47,2024-11-11 13:51:01,MUM,SUP-008,SKU-012,1692,INV-326689,Shift C,Team 2
SHP-00029,2024-09-06 15:32:06,2024-09-06 17:09:51,2024-09-06 17:34:19,MUM,SUP-008,SKU-012,1083,INV-280003,Shift A,Team 1
SHP-00030,2024-11-21 17:30:15,2024-11-21 18:48:54,2024-11-21 19:39:33,BLR,SUP-001,SKU-023,805,INV-879348,Shift C,Team 2
SHP-00031,2025-01-21 20:14:36,2025-01-21 21:43:33,2025-01-22 03:03:03,BLR,SUP-003,SKU-020,1540,INV-225777,Shift A,Team 2
SHP-00032,2024-11-14 16:21:36,2024-11-14 18:14:35,2024-11-14 19:45:26,BLR,SUP-007,SKU-011,391,INV-930836,Shift A,Team 2
SHP-00033,2025-02-07 21:31:41,2025-02-07 22:16:44,2025-02-07 23:41:38,DEL,SUP-002,SKU-007,1671,INV-596984,Shift A,Team 2
SHP-00034,2024-10-18 19:18:50,2024-10-18 20:10:52,2024-10-18 22:21:18,DEL,SUP-003,SKU-002,1341,INV-965130,Shift A,Team 2
SHP-00035,2025-02-11 21:37:12,2025-02-11 23:18:00,2025-02-12 00:52:44,BLR,SUP-003,SKU-029,525,INV-478059,Shift A,Team 1
SHP-00036,2024-11-12 14:04:48,2024-11-12 14:36:11,2024-11-12 19:28:04,BLR,SUP-004,SKU-008,756,INV-716261,Shift B,Team 1
SHP-00037,2024-12-17 14:15:17,2024-12-17 15:51:13,2024-12-17 16:36:22,DEL,SUP-001,SKU-014,997,INV-711677,Shift B,Team 2
SHP-00038,2024-12-19 16:32:49,2024-12-19 17:42:58,2024-12-19 22:29:55,MUM,SUP-003,SKU-026,1435,INV-494083,Shift C,Team 1
SHP-00039,2025-01-01 21:35:44,2025-01-01 22:22:10,2025-01-02 00:20:42,BLR,SUP-006,SKU-019,1355,INV-431146,Shift A,Team 1
SHP-00040,2024-10-27 13:57:06,2024-10-27 15:09:25,2024-10-27 20:59:21,MUM,SUP-008,SKU-029,976,INV-731953,Shift B,Team 3
SHP-00041,2024-10-31 17:34:56,2024-10-31 19:32:17,2024-10-31 22:25:31,BLR,SUP-005,SKU-008,608,INV-461702,Shift C,Team 2
SHP-00042,2024-12-06 09:42:24,2024-12-06 10:43:58,2024-12-06 14:42:46,DEL,SUP-003,SKU-024,1671,INV-210906,Shift A,Team 3
SHP-00043,2024-10-23 09:30:42,2024-10-23 10:29:28,2024-10-23 15:00:58,BLR,SUP-002,SKU-025,817,INV-279022,Shift B,Team 3
SHP-00044,2025-01-09 17:54:16,2025-01-09 19:53:41,2025-01-10 00:41:23,MUM,SUP-007,SKU-014,1884,INV-367700,Shift B,Team 3
SHP-00045,2025-01-13 18:15:15,2025-01-13 20:04:21,2025-01-13 22:19:19,DEL,SUP-007,SKU-015,1092,INV-233066,Shift A,Team 2
SHP-00046,2025-01-25 16:12:52,2025-01-25 16:48:09,2025-01-25 19:59:26,MUM,SUP-005,SKU-001,1212,INV-427115,Shift B,Team 2
SHP-00047,2024-09-07 15:21:26,2024-09-07 16:58:52,2024-09-07 16:59:57,BLR,SUP-002,SKU-025,692,INV-691978,Shift A,Team 3
SHP-00048,2024-11-20 18:23:10,2024-11-20 19:19:24,2024-11-20 20:04:53,DEL,SUP-003,SKU-018,1287,INV-189919,Shift B,Team 2
SHP-00049,2024-10-05 18:48:19,2024-10-05 19:54:39,2024-10-05 20:34:01,MUM,SUP-004,SKU-007,643,INV-512130,Shift C,Team 3
SHP-00050,2024-11-01 12:51:41,2024-11-01 14:36:42,2024-11-01 18:06:48,DEL,SUP-004,SKU-023,1293,INV-392135,Shift C,Team 2
SHP-00051,2024-09-05 17:13:00,2024-09-05 18:07:20,2024-09-05 21:46:33,BLR,SUP-001,SKU-002,717,INV-628660,Shift A,Team 1
SHP-00052,2024-10-12 19:42:55,2024-10-12 21:39:48,2024-10-12 22:33:33,BLR,SUP-005,SKU-008,442,INV-552663,Shift A,Team 1
SHP-00053,2025-02-01 12:54:55,2025-02-01 13:25:48,2025-02-01 18:42:07,MUM,SUP-003,SKU-025,625,INV-308983,Shift C,Team 3
SHP-00054,2024-12-27 18:21:21,2024-12-27 20:15:50,2024-12-27 22:48:21,DEL,SUP-001,SKU-002,674,INV-476731,Shift B,Team 1
SHP-00055,2024-10-01 14:44:10,2024-10-01 16:22:42,2024-10-01 21:30:29,BLR,SUP-001,SKU-003,322,INV-119056,Shift C,Team 3
SHP-00056,2025-01-08 16:07:56,2025-01-08 17:49:20,2025-01-08 19:53:37,MUM,SUP-007,SKU-020,281,INV-575463,Shift A,Team 3
SHP-00057,2025-01-28 08:04:27,2025-01-28 08:34:53,2025-01-28 10:14:29,BLR,SUP-002,SKU-030,769,INV-227211,Shift B,Team 1
SHP-00058,2024-11-25 14:06:10,2024-11-25 14:36:24,2024-11-25 18:02:23,MUM,SUP-002,SKU-022,1020,INV-503159,Shift C,Team 3
SHP-00059,2024-12-31 12:45:29,2024-12-31 14:29:20,2024-12-31 18:01:29,MUM,SUP-008,SKU-021,1105,INV-311331,Shift B,Team 3
SHP-00060,2024-09-10 18:33:03,2024-09-10 20:03:38,2024-09-11 01:02:27,BLR,SUP-008,SKU-023,524,INV-875959,Shift C,Team 3
SHP-00061,2025-02-14 20:50:33,2025-02-14 21:21:21,2025-02-14 22:36:40,DEL,SUP-006,SKU-009,1050,INV-414784,Shift C,Team 1
SHP-00062,2024-11-12 20:09:17,2024-11-12 21:57:16,2024-11-13 03:18:41,BLR,SUP-008,SKU-011,1813,INV-370546,Shift B,Team 1
SHP-00063,2024-12-25 15:53:42,2024-12-25 16:25:46,2024-12-25 17:38:19,BLR,SUP-005,SKU-015,859,INV-817537,Shift A,Team 1
SHP-00064,2025-01-03 19:33:04,2025-01-03 21:23:11,2025-01-03 23:39:30,MUM,SUP-004,SKU-013,1559,INV-567318,Shift A,Team 1
SHP-00065,2024-12-24 08:11:19,2024-12-24 08:48:59,2024-12-24 12:49:44,BLR,SUP-006,SKU-028,1540,INV-828029,Shift B,Team 2
SHP-00066,2024-12-10 13:36:39,2024-12-10 15:14:59,2024-12-10 18:07:06,DEL,SUP-005,SKU-025,1199,INV-257371,Shift A,Team 1
SHP-00067,2024-09-28 20:09:49,2024-09-28 21:52:16,2024-09-29 01:28:45,DEL,SUP-002,SKU-010,259,INV-480652,Shift A,Team 2
SHP-00068,2024-10-19 09:18:00,2024-10-19 10:12:59,2024-10-19 15:22:33,BLR,SUP-008,SKU-028,983,INV-437276,Shift B,Team 3
SHP-00069,2024-12-30 21:40:22,2024-12-30 22:32:54,2024-12-31 02:48:58,MUM,SUP-005,SKU-012,1403,INV-524067,Shift B,Team 2
SHP-00070,2024-11-01 13:11:16,2024-11-01 13:46:06,2024-11-01 15:34:38,MUM,SUP-003,SKU-010,1632,INV-379966,Shift C,Team 3
SHP-00071,2025-01-10 21:36:17,2025-01-10 22:18:50,2025-01-10 23:12:04,BLR,SUP-002,SKU-026,921,INV-822173,Shift C,Team 1
SHP-00072,2025-02-09 17:18:12,2025-02-09 18:46:56,2025-02-10 00:19:38,BLR,SUP-005,SKU-015,268,INV-101183,Shift A,Team 2
SHP-00073,2024-12-07 15:47:04,2024-12-07 17:04:51,2024-12-07 18:07:44,DEL,SUP-002,SKU-027,1186,INV-621017,Shift B,Team 3
SHP-00074,2024-12-05 08:40:27,2024-12-05 09:22:42,2024-12-05 12:07:22,DEL,SUP-006,SKU-009,1298,INV-768124,Shift A,Team 2
SHP-00075,2025-01-03 07:29:00,2025-01-03 09:24:35,2025-01-03 10:51:10,MUM,SUP-008,SKU-021,329,INV-118241,Shift A,Team 2
SHP-00076,2024-10-02 09:14:19,2024-10-02 10:40:06,2024-10-02 11:15:42,DEL,SUP-003,SKU-005,995,INV-678457,Shift C,Team 2
SHP-00077,2025-02-08 13:24:40,2025-02-08 14:05:08,2025-02-08 15:33:15,MUM,SUP-002,SKU-008,1951,INV-758864,Shift A,Team 3
SHP-00078,2024-10-22 08:25:36,2024-10-22 09:26:44,2024-10-22 15:46:26,DEL,SUP-007,SKU-003,1557,INV-219980,Shift A,Team 1
SHP-00079,2025-01-22 10:11:59,2025-01-22 10:57:32,2025-01-22 14:29:15,DEL,SUP-007,SKU-005,1815,INV-528236,Shift A,Team 1
SHP-00080,2024-09-07 13:07:00,2024-09-07 14:27:33,2024-09-07 15:07:42,DEL,SUP-008,SKU-019,863,INV-190875,Shift A,Team 1
SHP-00081,2024-12-06 15:22:49,2024-12-06 16:59:55,2024-12-06 21:13:14,DEL,SUP-003,SKU-024,1804,INV-695379,Shift C,Team 3
SHP-00082,2024-10-02 14:26:15,2024-10-02 15:27:50,2024-10-02 18:30:03,MUM,SUP-005,SKU-029,365,INV-658211,Shift C,Team 2
SHP-00083,2025-02-01 15:27:10,2025-02-01 17:03:21,2025-02-01 17:01:19,BLR,SUP-006,SKU-023,434,INV-335288,Shift C,Team 2
SHP-00084,2024-12-29 14:23:21,2024-12-29 15:58:38,2024-12-29 17:45:41,DEL,SUP-005,SKU-011,1074,INV-786913,Shift A,Team 1
SHP-00085,2024-09-27 18:36:41,2024-09-27 19:44:23,2024-09-28 01:58:56,DEL,SUP-005,SKU-018,1350,INV-501415,Shift A,Team 1
SHP-00086,2025-02-04 10:52:36,2025-02-04 11:52:34,2025-02-04 16:06:33,BLR,SUP-008,SKU-017,635,INV-854113,Shift C,Team 3
SHP-00087,2025-01-24 19:49:49,2025-01-24 21:46:35,2025-01-25 03:13:42,MUM,SUP-003,SKU-020,1547,INV-372077,Shift A,Team 2
SHP-00088,2024-10-18 20:23:12,2024-10-18 21:31:10,2024-10-19 01:14:12,MUM,SUP-007,SKU-013,342,INV-660734,Shift A,Team 1
SHP-00089,2024-10-13 12:56:27,2024-10-13 14:34:34,2024-10-13 20:04:55,MUM,SUP-003,SKU-003,307,INV-966176,Shift B,Team 3
SHP-00090,2024-12-25 14:15:49,2024-12-25 15:21:17,2024-12-25 21:28:47,MUM,SUP-007,SKU-017,433,INV-988462,Shift B,Team 3
SHP-00091,2024-09-18 08:06:52,2024-09-18 10:01:00,2024-09-18 14:28:11,DEL,SUP-007,SKU-009,792,INV-260057,Shift A,Team 2
SHP-00092,2024-12-13 21:12:55,2024-12-13 23:09:00,2024-12-14 04:37:00,DEL,SUP-008,SKU-001,1141,INV-528626,Shift C,Team 2
SHP-00093,2024-12-15 08:01:06,2024-12-15 09:47:05,2024-12-15 12:34:56,MUM,SUP-005,SKU-023,941,INV-596296,Shift B,Team 1
SHP-00094,2024-10-31 13:16:31,2024-10-31 14:38:33,2024-10-31 18:44:58,MUM,SUP-006,SKU-017,1496,INV-115775,Shift A,Team 2
SHP-00095,2024-10-10 11:27:55,2024-10-10 12:07:43,2024-10-10 18:48:54,DEL,SUP-008,SKU-003,562,INV-415974,Shift A,Team 1
SHP-00096,2024-10-12 14:47:03,2024-10-12 16:34:49,2024-10-12 17:41:45,BLR,SUP-005,SKU-021,820,INV-156253,Shift B,Team 3
SHP-00097,2024-11-16 08:45:03,2024-11-16 10:21:33,2024-11-16 12:45:59,DEL,SUP-003,SKU-017,987,INV-215828,Shift A,Team 1
SHP-00098,2025-01-06 15:54:54,2025-01-06 17:22:15,2025-01-06 19:25:58,DEL,SUP-006,SKU-004,1860,INV-271575,Shift B,Team 2
SHP-00099,2025-01-16 16:36:17,2025-01-16 17:21:46,2025-01-16 21:33:13,BLR,SUP-005,SKU-014,1786,INV-939940,Shift B,Team 3
SHP-00100,2025-02-22 21:17:05,2025-02-22 22:56:04,2025-02-23 03:41:42,MUM,SUP-008,SKU-003,1393,INV-911713,Shift A,Team 3
SHP-00101,2025-01-25 13:52:43,2025-01-25 15:10:31,2025-01-25 18:40:52,BLR,SUP-001,SKU-027,1713,INV-998812,Shift C,Team 2
SHP-00102,2024-10-22 10:51:56,2024-10-22 11:42:13,2024-10-22 13:46:00,DEL,SUP-005,SKU-007,663,INV-624752,Shift C,Team 1
SHP-00103,2025-02-08 09:32:57,2025-02-08 10:50:29,2025-02-08 15:23:35,BLR,SUP-007,SKU-025,1479,INV-662917,Shift A,Team 2
SHP-00104,2024-11-15 19:18:38,2024-11-15 21:06:36,2024-11-15 23:14:30,DEL,SUP-002,SKU-008,1293,INV-956223,Shift A,Team 1
SHP-00105,2024-12-09 16:22:02,2024-12-09 17:06:31,2024-12-09 18:57:27,MUM,SUP-005,SKU-020,483,INV-305597,Shift C,Team 3
SHP-00106,2024-09-25 18:56:47,2024-09-25 20:38:58,2024-09-25 22:07:12,BLR,SUP-001,SKU-029,1251,INV-224218,Shift C,Team 2
SHP-00107,2025-01-09 13:10:35,2025-01-09 14:35:36,2025-01-09 14:58:56,MUM,SUP-007,SKU-011,402,INV-104394,Shift A,Team 2
SHP-00108,2024-12-27 16:27:46,2024-12-27 18:01:59,2024-12-27 18:48:59,MUM,SUP-007,SKU-009,641,INV-155439,Shift A,Team 1
SHP-00109,2024-09-14 10:14:08,2024-09-14 12:14:06,2024-09-14 12:42:53,DEL,SUP-008,SKU-027,1223,INV-677512,Shift C,Team 3
SHP-00110,2024-12-02 10:13:12,2024-12-02 12:09:26,2024-12-02 15:20:47,MUM,SUP-005,SKU-022,1568,INV-134009,Shift A,Team 1
SHP-00111,2025-01-01 08:23:11,2025-01-01 10:17:30,2025-01-01 11:40:24,BLR,SUP-004,SKU-012,1814,INV-212132,Shift C,Team 2
SHP-00112,2025-01-21 13:03:59,2025-01-21 14:27:04,2025-01-21 19:03:06,DEL,SUP-007,SKU-027,1795,INV-147801,Shift C,Team 1
SHP-00113,2024-11-17 10:51:34,2024-11-17 12:29:45,2024-11-17 17:40:02,BLR,SUP-003,SKU-010,1255,INV-897504,Shift B,Team 3
SHP-00114,2025-02-16 13:16:09,2025-02-16 15:14:09,2025-02-16 19:03:39,MUM,SUP-005,SKU-012,1094,INV-203307,Shift C,Team 3
SHP-00115,2024-11-11 19:16:59,2024-11-11 21:15:02,2024-11-11 22:29:33,MUM,SUP-006,SKU-027,569,INV-482372,Shift A,Team 3
SHP-00116,2024-12-25 12:37:22,2024-12-25 13:25:55,2024-12-25 14:50:45,BLR,SUP-004,SKU-028,922,INV-454101,Shift C,Team 1
SHP-00117,2024-10-08 21:31:02,2024-10-08 22:03:04,2024-10-09 03:15:15,BLR,SUP-008,SKU-008,1794,INV-647971,Shift C,Team 1
SHP-00118,2024-09-22 16:31:53,2024-09-22 18:12:01,2024-09-22 20:51:41,MUM,SUP-001,SKU-013,843,INV-849793,Shift A,Team 2
SHP-00119,2024-11-09 18:36:24,2024-11-09 19:43:48,2024-11-09 20:46:42,MUM,SUP-002,SKU-016,609,INV-917047,Shift C,Team 2
SHP-00120,2024-09-20 16:24:26,2024-09-20 17:08:21,2024-09-20 23:45:46,DEL,SUP-007,SKU-010,1943,INV-363522,Shift B,Team 2
SHP-00121,2025-01-06 07:36:39,2025-01-06 08:54:51,2025-01-06 13:45:37,DEL,SUP-004,SKU-018,465,INV-142276,Shift B,Team 2
SHP-00122,2025-01-29 08:59:15,2025-01-29 09:38:48,2025-01-29 13:50:44,BLR,SUP-003,SKU-015,1154,INV-937045,Shift B,Team 3
SHP-00123,2024-09-17 20:26:24,2024-09-17 22:01:27,2024-09-17 22:01:47,DEL,SUP-006,SKU-030,1652,INV-588135,Shift C,Team 1
SHP-00124,2025-02-10 12:09:13,2025-02-10 13:37:50,2025-02-10 13:44:31,BLR,SUP-005,SKU-017,1512,INV-303585,Shift A,Team 1
SHP-00125,2024-09-14 20:39:36,2024-09-14 22:36:21,2024-09-15 03:25:05,BLR,SUP-002,SKU-019,742,INV-509681,Shift C,Team 1
SHP-00126,2025-01-04 11:21:12,2025-01-04 12:25:48,2025-01-04 17:35:21,BLR,SUP-007,SKU-013,809,INV-678275,Shift B,Team 2
SHP-00127,2024-11-23 18:26:47,2024-11-23 19:56:46,2024-11-23 21:30:14,MUM,SUP-008,SKU-017,1350,INV-815380,Shift C,Team 2
SHP-00128,2025-02-10 12:55:39,2025-02-10 14:21:25,2025-02-10 14:49:31,DEL,SUP-006,SKU-027,870,INV-830838,Shift C,Team 1
SHP-00129,2025-01-11 06:45:23,2025-01-11 07:20:19,2025-01-11 08:47:35,MUM,SUP-007,SKU-019,922,INV-412676,Shift A,Team 2
SHP-00130,2024-10-07 20:46:52,2024-10-07 22:00:05,2024-10-07 22:43:02,DEL,SUP-004,SKU-025,1025,INV-481659,Shift A,Team 3
SHP-00131,2024-12-27 20:15:21,2024-12-27 21:08:34,2024-12-28 00:53:31,DEL,SUP-005,SKU-004,463,INV-989753,Shift A,Team 3
SHP-00132,2024-09-15 07:20:26,2024-09-15 08:00:33,2024-09-15 13:19:44,DEL,SUP-004,SKU-011,1846,INV-705958,Shift A,Team 2
SHP-00133,2025-02-07 18:28:56,2025-02-07 19:25:17,2025-02-07 23:13:59,MUM,SUP-001,SKU-018,1203,INV-110715,Shift B,Team 1
SHP-00134,2025-02-04 14:58:51,2025-02-04 16:22:54,2025-02-04 20:54:44,MUM,SUP-001,SKU-024,305,INV-431761,Shift A,Team 1
SHP-00135,2025-01-27 17:43:24,2025-01-27 18:46:33,2025-01-27 20:06:27,BLR,SUP-008,SKU-014,1614,INV-854655,Shift B,Team 3
SHP-00136,2024-10-31 15:16:10,2024-10-31 16:21:06,2024-10-31 20:04:11,DEL,SUP-004,SKU-017,971,INV-342313,Shift C,Team 3
SHP-00137,2025-01-08 10:34:29,2025-01-08 11:25:26,2025-01-08 17:14:59,BLR,SUP-002,SKU-025,791,INV-103292,Shift B,Team 1
SHP-00138,2024-10-05 16:37:51,2024-10-05 18:27:05,2024-10-05 23:03:07,BLR,SUP-008,SKU-029,1008,INV-541042,Shift B,Team 1
SHP-00139,2025-02-17 12:09:40,2025-02-17 13:53:29,2025-02-17 16:36:16,DEL,SUP-007,SKU-030,1351,INV-997080,Shift A,Team 2
SHP-00140,2024-09-16 08:24:53,2024-09-16 09:44:32,2024-09-16 12:44:58,BLR,SUP-002,SKU-016,405,INV-243461,Shift C,Team 1
SHP-00141,2024-11-14 12:17:39,2024-11-14 14:09:20,2024-11-14 19:13:45,MUM,SUP-002,SKU-019,675,INV-240494,Shift A,Team 3
SHP-00142,2024-10-22 22:02:36,2024-10-22 23:23:15,2024-10-23 01:46:33,DEL,SUP-006,SKU-029,276,INV-479878,Shift B,Team 1
SHP-00143,2025-01-10 13:51:06,2025-01-10 15:45:36,2025-01-10 17:36:36,BLR,SUP-008,SKU-015,1527,INV-268586,Shift A,Team 3
SHP-00144,2025-01-12 12:45:48,2025-01-12 13:29:37,2025-01-12 16:33:48,DEL,SUP-007,SKU-004,578,INV-895217,Shift C,Team 2
SHP-00145,2025-01-31 18:47:37,2025-01-31 19:55:41,2025-02-01 00:55:26,MUM,SUP-003,SKU-002,1567,INV-138460,Shift B,Team 1
SHP-00146,2025-02-13 21:06:19,2025-02-13 21:38:46,2025-02-14 01:15:16,BLR,SUP-008,SKU-008,648,INV-228453,Shift B,Team 2
SHP-00147,2025-02-21 20:26:15,2025-02-21 22:04:11,2025-02-22 02:46:14,BLR,SUP-004,SKU-026,367,INV-604526,Shift C,Team 3
SHP-00148,2025-01-18 09:08:37,2025-01-18 09:47:25,2025-01-18 11:00:39,BLR,SUP-004,SKU-017,1104,INV-655825,Shift A,Team 1
SHP-00149,2025-01-11 13:05:33,2025-01-11 14:02:14,2025-01-11 19:55:28,DEL,SUP-005,SKU-010,1681,INV-627700,Shift B,Team 3
SHP-00150,2025-01-18 07:33:28,2025-01-18 08:19:46,2025-01-18 11:48:43,MUM,SUP-003,SKU-030,1166,INV-448474,Shift B,Team 2
SHP-00151,2024-12-27 20:41:16,2024-12-27 21:47:31,2024-12-28 02:17:57,MUM,SUP-008,SKU-022,1991,INV-294968,Shift C,Team 3
SHP-00152,2024-09-07 19:11:22,2024-09-07 21:11:06,2024-09-08 01:41:35,BLR,SUP-007,SKU-022,1672,INV-362848,Shift A,Team 1
SHP-00153,2025-02-19 14:10:29,2025-02-19 16:00:48,2025-02-19 18:20:48,DEL,SUP-003,SKU-007,337,INV-601465,Shift A,Team 3
SHP-00154,2024-12-23 11:09:23,2024-12-23 12:09:50,2024-12-23 13:53:44,BLR,SUP-007,SKU-028,1789,INV-599004,Shift B,Team 3
SHP-00155,2024-11-20 20:58:36,2024-11-20 22:22:56,2024-11-20 23:18:25,MUM,SUP-007,SKU-009,324,INV-857109,Shift C,Team 2
SHP-00156,2025-01-15 13:14:27,2025-01-15 14:21:02,2025-01-15 18:23:07,DEL,SUP-001,SKU-005,814,INV-936062,Shift B,Team 3
SHP-00157,2024-09-18 15:31:24,2024-09-18 16:48:30,2024-09-18 22:32:04,BLR,SUP-004,SKU-008,722,INV-284932,Shift A,Team 3
SHP-00158,2024-12-08 17:29:10,2024-12-08 18:32:31,2024-12-08 20:59:38,DEL,SUP-001,SKU-028,349,INV-463701,Shift A,Team 3
SHP-00159,2024-10-31 21:51:28,2024-10-31 23:36:33,2024-11-01 02:30:25,MUM,SUP-008,SKU-030,696,INV-309730,Shift C,Team 2
SHP-00160,2025-02-17 12:18:27,2025-02-17 14:14:35,2025-02-17 18:15:39,MUM,SUP-008,SKU-017,1218,INV-549906,Shift B,Team 1
SHP-00161,2024-09-14 17:31:24,2024-09-14 19:02:46,2024-09-14 20:54:32,MUM,SUP-007,SKU-030,1396,INV-572102,Shift A,Team 3
SHP-00162,2025-02-18 17:32:42,2025-02-18 18:56:17,2025-02-18 21:53:13,DEL,SUP-006,SKU-027,1200,INV-460984,Shift B,Team 1
SHP-00163,2025-01-09 10:31:24,2025-01-09 11:08:19,2025-01-09 14:38:28,DEL,SUP-001,SKU-027,1934,INV-352958,Shift C,Team 2
SHP-00164,2024-10-10 07:01:54,2024-10-10 07:48:11,2024-10-10 09:24:53,BLR,SUP-007,SKU-012,323,INV-885990,Shift A,Team 2
SHP-00165,2024-09-06 16:19:33,2024-09-06 17:05:46,2024-09-06 22:11:51,BLR,SUP-003,SKU-027,1629,INV-774721,Shift A,Team 2
SHP-00166,2025-01-17 12:37:13,2025-01-17 14:15:46,2025-01-17 14:44:24,DEL,SUP-006,SKU-026,1012,INV-782883,Shift B,Team 2
SHP-00167,2024-09-25 13:03:35,2024-09-25 15:00:46,2024-09-25 18:12:01,MUM,SUP-003,SKU-023,550,INV-159985,Shift B,Team 1
SHP-00168,2024-10-27 21:35:15,2024-10-27 22:54:08,2024-10-28 02:47:18,BLR,SUP-005,SKU-019,1173,INV-977815,Shift C,Team 2
SHP-00169,2025-02-03 09:51:43,2025-02-03 10:42:40,2025-02-03 14:49:29,MUM,SUP-002,SKU-006,1354,INV-976133,Shift B,Team 3
SHP-00170,2025-01-08 19:04:34,2025-01-08 20:27:11,2025-01-08 20:37:24,BLR,SUP-003,SKU-014,675,INV-131025,Shift A,Team 3
SHP-00171,2025-01-06 10:43:10,2025-01-06 12:39:40,2025-01-06 14:41:55,DEL,SUP-001,SKU-019,1553,INV-200301,Shift B,Team 1
SHP-00172,2024-12-11 13:07:35,2024-12-11 14:01:46,2024-12-11 18:41:53,DEL,SUP-001,SKU-001,831,INV-542816,Shift C,Team 1
SHP-00173,2024-09-08 09:11:31,2024-09-08 10:22:04,2024-09-08 15:54:07,BLR,SUP-001,SKU-028,988,INV-326531,Shift A,Team 2
SHP-00174,2024-10-16 09:57:04,2024-10-16 11:07:10,2024-10-16 16:59:39,DEL,SUP-006,SKU-016,498,INV-818537,Shift A,Team 1
SHP-00175,2025-02-02 15:58:37,2025-02-02 16:46:28,2025-02-02 19:13:27,MUM,SUP-008,SKU-013,880,INV-292455,Shift B,Team 2
SHP-00176,2024-11-24 16:24:10,2024-11-24 17:14:19,2024-11-24 20:09:48,BLR,SUP-008,SKU-011,563,INV-267677,Shift C,Team 2
SHP-00177,2024-12-11 11:43:44,2024-12-11 12:52:44,2024-12-11 17:55:27,BLR,SUP-001,SKU-019,1317,INV-666158,Shift A,Team 3
SHP-00178,2024-12-15 18:24:39,2024-12-15 19:30:27,2024-12-15 20:06:22,MUM,SUP-005,SKU-010,695,INV-163822,Shift A,Team 2
SHP-00179,2025-01-11 22:56:47,2025-01-12 00:21:56,2025-01-12 04:08:28,MUM,SUP-006,SKU-012,1636,INV-214007,Shift C,Team 3
SHP-00180,2024-09-14 16:22:26,2024-09-14 17:46:52,2024-09-14 19:11:17,MUM,SUP-003,SKU-013,1741,INV-894936,Shift B,Team 1
SHP-00181,2024-12-07 14:19:31,2024-12-07 14:57:21,2024-12-07 19:04:15,BLR,SUP-002,SKU-012,250,INV-962187,Shift B,Team 1
SHP-00182,2024-12-28 20:10:44,2024-12-28 20:45:02,2024-12-28 23:46:02,MUM,SUP-007,SKU-012,1175,INV-162389,Shift A,Team 2
SHP-00183,2024-11-30 17:34:07,2024-11-30 18:44:51,2024-11-30 23:22:47,BLR,SUP-003,SKU-017,557,INV-575652,Shift A,Team 3
SHP-00184,2024-12-13 07:35:29,2024-12-13 08:37:31,2024-12-13 12:57:30,DEL,SUP-008,SKU-007,1120,INV-377636,Shift C,Team 3
SHP-00185,2024-10-21 12:30:44,2024-10-21 13:34:21,2024-10-21 17:46:18,DEL,SUP-001,SKU-016,1280,INV-630228,Shift C,Team 2
SHP-00186,2024-10-18 21:20:20,2024-10-18 21:50:35,2024-10-19 00:38:49,MUM,SUP-006,SKU-010,1458,INV-890141,Shift B,Team 1
SHP-00187,2024-12-12 14:07:51,2024-12-12 15:26:58,2024-12-12 16:38:55,MUM,SUP-002,SKU-021,1300,INV-692492,Shift A,Team 3
SHP-00188,2025-02-09 07:31:59,2025-02-09 08:18:45,2025-02-09 09:18:43,DEL,SUP-006,SKU-001,1192,INV-914355,Shift B,Team 1
SHP-00189,2025-01-05 09:23:47,2025-01-05 10:18:57,2025-01-05 14:36:53,MUM,SUP-001,SKU-002,762,INV-713187,Shift A,Team 1
SHP-00190,2024-10-02 11:36:19,2024-10-02 12:37:40,2024-10-02 18:29:52,BLR,SUP-004,SKU-012,1310,INV-281732,Shift A,Team 1
SHP-00191,2024-09-11 13:59:51,2024-09-11 14:35:54,2024-09-11 16:57:56,BLR,SUP-006,SKU-004,1788,INV-783646,Shift B,Team 2
SHP-00192,2025-02-08 10:15:38,2025-02-08 10:50:58,2025-02-08 16:52:53,BLR,SUP-004,SKU-007,1849,INV-454046,Shift B,Team 2
SHP-00193,2025-01-26 11:27:00,2025-01-26 12:58:28,2025-01-26 17:43:38,BLR,SUP-007,SKU-005,1736,INV-709112,Shift C,Team 3
SHP-00194,2024-11-05 20:33:30,2024-11-05 21:29:08,2024-11-06 02:54:34,DEL,SUP-004,SKU-016,491,INV-891730,Shift A,Team 1
SHP-00195,2024-11-14 18:51:09,2024-11-14 19:47:40,2024-11-15 01:36:13,DEL,SUP-003,SKU-019,205,INV-720857,Shift B,Team 1
SHP-00196,2025-01-18 13:14:12,2025-01-18 14:32:34,2025-01-18 14:46:49,BLR,SUP-004,SKU-016,749,INV-228396,Shift A,Team 2
SHP-00197,2024-09-28 18:39:10,2024-09-28 19:17:18,2024-09-29 00:40:07,MUM,SUP-001,SKU-006,1103,INV-565914,Shift B,Team 3
SHP-00198,2024-11-12 09:06:03,2024-11-12 10:57:44,2024-11-12 12:57:28,BLR,SUP-003,SKU-003,961,INV-159183,Shift A,Team 1
SHP-00199,2024-09-26 07:00:49,2024-09-26 08:15:30,2024-09-26 09:58:12,DEL,SUP-008,SKU-022,1111,INV-582120,Shift B,Team 3
SHP-00200,2024-09-29 09:11:34,2024-09-29 09:55:58,2024-09-29 12:55:23,DEL,SUP-007,SKU-010,480,INV-291105,Shift C,Team 2
SHP-00201,2025-02-16 10:19:09,2025-02-16 11:40:07,2025-02-16 15:39:52,BLR,SUP-006,SKU-030,1043,INV-752354,Shift A,Team 3
SHP-00202,2024-12-22 12:26:50,2024-12-22 13:32:26,2024-12-22 14:44:31,DEL,SUP-004,SKU-009,1520,INV-204726,Shift B,Team 2
SHP-00203,2024-10-24 16:32:58,2024-10-24 17:39:02,2024-10-24 19:26:32,BLR,SUP-005,SKU-002,1805,INV-596450,Shift B,Team 1
SHP-00204,2024-09-07 13:51:36,2024-09-07 15:07:23,2024-09-07 19:22:00,BLR,SUP-005,SKU-013,1962,INV-501704,Shift A,Team 1
SHP-00205,2024-09-25 07:24:18,2024-09-25 09:14:26,2024-09-25 13:06:45,DEL,SUP-008,SKU-017,786,INV-947932,Shift A,Team 1
SHP-00206,2024-09-26 11:34:23,2024-09-26 12:57:45,2024-09-26 13:06:00,BLR,SUP-005,SKU-007,1854,INV-430726,Shift A,Team 2
SHP-00207,2024-12-24 18:33:31,2024-12-24 19:18:29,2024-12-24 20:25:31,BLR,SUP-006,SKU-015,1453,INV-824653,Shift A,Team 2
SHP-00208,2024-12-01 15:27:22,2024-12-01 16:25:58,2024-12-01 19:05:02,DEL,SUP-003,SKU-024,730,INV-205242,Shift C,Team 3
SHP-00209,2024-11-11 15:49:43,2024-11-11 16:41:07,2024-11-11 17:57:32,DEL,SUP-008,SKU-016,1132,INV-608679,Shift C,Team 2
SHP-00210,2025-01-13 07:26:29,2025-01-13 08:19:58,2025-01-13 12:46:04,DEL,SUP-003,SKU-001,700,INV-492546,Shift C,Team 3
SHP-00211,2024-11-24 11:23:22,2024-11-24 12:05:11,2024-11-24 14:23:50,BLR,SUP-004,SKU-019,963,INV-842597,Shift B,Team 3
SHP-00212,2024-12-30 21:11:51,2024-12-30 22:10:46,2024-12-31 03:29:06,DEL,SUP-002,SKU-010,870,INV-719394,Shift A,Team 3
SHP-00213,2024-12-07 17:10:26,2024-12-07 17:41:07,2024-12-08 00:14:24,BLR,SUP-008,SKU-018,1757,INV-616568,Shift A,Team 2
SHP-00214,2024-09-03 20:03:42,2024-09-03 21:08:06,2024-09-04 00:31:05,BLR,SUP-004,SKU-024,1689,INV-345868,Shift A,Team 3
SHP-00215,2024-09-14 21:15:53,2024-09-14 22:36:07,2024-09-15 02:18:07,DEL,SUP-006,SKU-012,1138,INV-747507,Shift A,Team 1
SHP-00216,2025-02-19 09:44:53,2025-02-19 11:19:22,2025-02-19 13:17:24,DEL,SUP-007,SKU-028,845,INV-388292,Shift A,Team 3
SHP-00217,2024-10-01 09:46:35,2024-10-01 11:01:54,2024-10-01 13:16:40,DEL,SUP-004,SKU-018,933,INV-969838,Shift C,Team 3
SHP-00218,2024-09-16 11:25:57,2024-09-16 13:05:41,2024-09-16 13:57:47,DEL,SUP-008,SKU-003,1656,INV-241532,Shift B,Team 1
SHP-00219,2024-12-27 15:52:48,2024-12-27 17:08:31,2024-12-27 17:29:17,DEL,SUP-003,SKU-026,486,INV-790447,Shift C,Team 1
SHP-00220,2025-02-01 12:45:36,2025-02-01 14:38:45,2025-02-01 16:26:04,BLR,SUP-006,SKU-001,332,INV-872919,Shift B,Team 1
SHP-00221,2024-12-30 07:29:59,2024-12-30 08:35:15,2024-12-30 13:42:51,MUM,SUP-003,SKU-016,260,INV-292483,Shift B,Team 1
SHP-00222,2025-02-06 16:40:44,2025-02-06 17:58:44,2025-02-06 22:42:32,MUM,SUP-007,SKU-010,1221,INV-276163,Shift B,Team 2
SHP-00223,2024-09-08 14:13:00,2024-09-08 15:20:00,2024-09-08 16:44:57,DEL,SUP-005,SKU-012,1358,INV-289037,Shift C,Team 1
SHP-00224,2025-01-16 13:30:21,2025-01-16 15:25:28,2025-01-16 15:32:59,MUM,SUP-004,SKU-008,526,INV-386813,Shift A,Team 2
SHP-00225,2024-12-12 12:30:01,2024-12-12 13:15:46,2024-12-12 17:25:08,DEL,SUP-001,SKU-019,851,INV-734896,Shift C,Team 3
SHP-00226,2024-10-25 21:23:25,2024-10-25 22:08:44,2024-10-26 01:23:43,BLR,SUP-001,SKU-018,832,INV-240906,Shift B,Team 2
SHP-00227,2025-02-11 11:41:16,2025-02-11 13:33:56,2025-02-11 13:11:21,MUM,SUP-001,SKU-002,244,INV-708921,Shift B,Team 2
SHP-00228,2025-02-20 14:22:14,2025-02-20 14:58:14,2025-02-20 17:02:08,MUM,SUP-001,SKU-010,860,INV-119674,Shift C,Team 1
SHP-00229,2025-02-20 17:30:25,2025-02-20 18:04:54,2025-02-20 22:41:39,DEL,SUP-004,SKU-005,563,INV-357541,Shift B,Team 1
SHP-00230,2025-02-04 12:42:25,2025-02-04 13:28:24,2025-02-04 17:26:22,BLR,SUP-008,SKU-020,652,INV-198195,Shift A,Team 3
SHP-00231,2025-02-12 21:37:32,2025-02-12 23:24:13,2025-02-13 00:27:31,MUM,SUP-007,SKU-011,1114,INV-122300,Shift C,Team 1
SHP-00232,2024-12-27 18:24:50,2024-12-27 19:54:09,2024-12-27 22:40:56,DEL,SUP-005,SKU-016,975,INV-519675,Shift A,Team 3
SHP-00233,2024-12-27 08:25:56,2024-12-27 10:10:43,2024-12-27 14:25:21,BLR,SUP-007,SKU-004,351,INV-236104,Shift B,Team 2
SHP-00234,2025-02-07 22:24:32,2025-02-07 23:41:51,2025-02-08 01:13:09,DEL,SUP-001,SKU-014,1538,INV-115440,Shift C,Team 2
SHP-00235,2025-01-20 11:36:25,2025-01-20 12:22:02,2025-01-20 14:28:36,DEL,SUP-002,SKU-019,1325,INV-566294,Shift B,Team 3
SHP-00236,2024-09-27 06:53:01,2024-09-27 07:43:04,2024-09-27 09:15:47,BLR,SUP-004,SKU-010,367,INV-924705,Shift B,Team 1
SHP-00237,2024-12-05 21:49:32,2024-12-05 23:43:52,2024-12-05 23:24:01,DEL,SUP-005,SKU-015,739,INV-847164,Shift A,Team 2
SHP-00238,2024-12-18 20:11:23,2024-12-18 22:05:52,2024-12-18 23:29:16,DEL,SUP-007,SKU-002,1921,INV-465917,Shift B,Team 2
SHP-00239,2024-09-23 14:08:22,2024-09-23 15:45:46,2024-09-23 16:20:14,DEL,SUP-008,SKU-017,1839,INV-592692,Shift C,Team 2
SHP-00240,2024-10-05 07:34:49,2024-10-05 08:47:42,2024-10-05 12:13:13,DEL,SUP-001,SKU-022,1091,INV-542488,Shift C,Team 1
SHP-00241,2025-01-23 13:21:12,2025-01-23 14:45:36,2025-01-23 19:35:37,DEL,SUP-001,SKU-028,225,INV-958562,Shift B,Team 2
SHP-00242,2025-01-25 19:53:15,2025-01-25 21:05:51,2025-01-26 02:14:26,DEL,SUP-002,SKU-028,1296,INV-636448,Shift C,Team 2
SHP-00243,2024-11-11 13:55:09,2024-11-11 14:32:56,2024-11-11 15:32:16,MUM,SUP-004,SKU-013,2000,INV-280811,Shift B,Team 3
SHP-00244,2025-01-06 20:39:49,2025-01-06 22:29:13,2025-01-06 23:15:37,MUM,SUP-004,SKU-028,666,INV-566927,Shift B,Team 2
SHP-00245,2024-12-25 11:12:39,2024-12-25 11:49:39,2024-12-25 17:20:23,MUM,SUP-004,SKU-028,965,INV-381719,Shift B,Team 2
SHP-00246,2024-10-21 22:08:05,2024-10-21 23:49:44,2024-10-22 04:19:12,DEL,SUP-007,SKU-002,710,INV-700414,Shift B,Team 2
SHP-00247,2024-09-13 10:07:53,2024-09-13 12:07:39,2024-09-13 15:03:11,MUM,SUP-005,SKU-019,1329,INV-910246,Shift C,Team 2
SHP-00248,2024-10-14 21:14:29,2024-10-14 22:18:33,2024-10-15 03:12:49,DEL,SUP-007,SKU-007,1955,INV-686585,Shift C,Team 1
SHP-00249,2024-10-06 16:58:48,2024-10-06 18:10:53,2024-10-06 20:09:55,BLR,SUP-007,SKU-026,825,INV-869594,Shift C,Team 2
SHP-00250,2024-12-31 12:39:09,2024-12-31 13:10:14,2024-12-31 14:31:54,MUM,SUP-006,SKU-020,1013,INV-338169,Shift C,Team 2
SHP-00251,2024-09-18 12:53:46,2024-09-18 13:51:56,2024-09-18 18:09:04,MUM,SUP-005,SKU-023,1534,INV-282851,Shift A,Team 2
SHP-00252,2024-10-07 18:41:13,2024-10-07 19:32:19,2024-10-08 00:32:37,BLR,SUP-001,SKU-010,731,INV-975801,Shift A,Team 3
SHP-00253,2025-01-16 17:26:59,2025-01-16 18:39:54,2025-01-16 23:38:09,DEL,SUP-007,SKU-010,1931,INV-152335,Shift B,Team 2
SHP-00254,2024-10-20 18:33:20,2024-10-20 20:00:29,2024-10-21 01:08:02,BLR,SUP-005,SKU-003,655,INV-332919,Shift B,Team 3
SHP-00255,2024-10-05 13:57:49,2024-10-05 15:14:51,2024-10-05 21:12:02,MUM,SUP-008,SKU-016,598,INV-153717,Shift B,Team 3
SHP-00256,2024-11-28 13:46:37,2024-11-28 15:05:25,2024-11-28 17:31:41,DEL,SUP-006,SKU-015,493,INV-535827,Shift B,Team 2
SHP-00257,2024-12-27 12:01:54,2024-12-27 12:43:44,2024-12-27 18:37:35,MUM,SUP-004,SKU-016,1808,INV-523763,Shift C,Team 1
SHP-00258,2024-09-11 15:44:27,2024-09-11 16:41:11,2024-09-11 19:26:50,MUM,SUP-006,SKU-001,859,INV-956137,Shift C,Team 3
SHP-00259,2024-10-06 07:59:22,2024-10-06 08:32:24,2024-10-06 13:08:35,DEL,SUP-008,SKU-002,810,INV-598469,Shift C,Team 1
SHP-00260,2025-01-06 13:27:56,2025-01-06 14:07:50,2025-01-06 18:25:36,BLR,SUP-005,SKU-030,1862,INV-450771,Shift A,Team 3
SHP-00261,2025-02-16 19:22:35,2025-02-16 21:08:18,2025-02-16 23:36:10,DEL,SUP-001,SKU-020,299,INV-404145,Shift A,Team 2
SHP-00262,2024-12-10 08:07:59,2024-12-10 09:57:24,2024-12-10 12:06:16,DEL,SUP-001,SKU-023,513,INV-338963,Shift C,Team 1
SHP-00263,2025-02-05 18:31:17,2025-02-05 20:23:37,2025-02-05 22:41:12,BLR,SUP-004,SKU-020,441,INV-321536,Shift A,Team 2
SHP-00264,2024-12-17 10:58:59,2024-12-17 12:08:35,2024-12-17 15:22:53,BLR,SUP-007,SKU-016,625,INV-593882,Shift C,Team 1
SHP-00265,2024-09-27 20:08:08,2024-09-27 20:50:20,2024-09-28 00:55:25,DEL,SUP-007,SKU-021,673,INV-530243,Shift B,Team 3
SHP-00266,2024-11-23 14:12:17,2024-11-23 15:52:08,2024-11-23 19:33:32,DEL,SUP-008,SKU-028,1752,INV-632765,Shift C,Team 3
SHP-00267,2024-12-10 20:59:23,2024-12-10 21:49:00,2024-12-11 01:04:31,MUM,SUP-001,SKU-027,989,INV-506019,Shift B,Team 1
SHP-00268,2024-09-29 14:29:10,2024-09-29 15:17:34,2024-09-29 19:25:19,DEL,SUP-003,SKU-026,1365,INV-830202,Shift C,Team 3
SHP-00269,2025-01-05 09:34:02,2025-01-05 11:20:20,2025-01-05 14:46:29,BLR,SUP-007,SKU-011,225,INV-125239,Shift C,Team 2
SHP-00270,2025-01-15 19:30:20,2025-01-15 20:57:43,2025-01-16 01:47:54,BLR,SUP-005,SKU-014,1555,INV-698738,Shift A,Team 1
SHP-00271,2025-02-13 20:45:16,2025-02-13 22:17:47,2025-02-14 03:13:31,BLR,SUP-007,SKU-006,353,INV-902154,Shift C,Team 1
SHP-00272,2024-11-02 09:04:05,2024-11-02 10:10:13,2024-11-02 13:50:19,BLR,SUP-001,SKU-019,1117,INV-526911,Shift B,Team 1
SHP-00273,2024-12-16 07:11:16,2024-12-16 07:46:46,2024-12-16 09:48:31,DEL,SUP-003,SKU-020,1505,INV-705951,Shift C,Team 1
SHP-00274,2024-12-28 12:57:13,2024-12-28 14:52:08,2024-12-28 17:18:03,MUM,SUP-003,SKU-020,1168,INV-903982,Shift C,Team 3
SHP-00275,2025-02-12 20:01:28,2025-02-12 22:01:02,2025-02-12 22:00:18,DEL,SUP-003,SKU-029,536,INV-614366,Shift A,Team 3
SHP-00276,2024-12-29 21:46:55,2024-12-29 23:20:08,2024-12-30 00:12:19,DEL,SUP-004,SKU-011,420,INV-910145,Shift A,Team 2
SHP-00277,2024-09-06 16:39:59,2024-09-06 18:16:21,2024-09-06 18:42:32,BLR,SUP-007,SKU-016,1241,INV-962305,Shift B,Team 3
SHP-00278,2024-12-13 13:34:16,2024-12-13 14:40:44,2024-12-13 16:38:44,MUM,SUP-001,SKU-009,1014,INV-316265,Shift C,Team 3
SHP-00279,2024-11-23 19:16:50,2024-11-23 20:48:39,2024-11-24 00:19:43,BLR,SUP-002,SKU-020,1663,INV-807339,Shift A,Team 2
SHP-00280,2024-12-01 15:54:08,2024-12-01 17:53:11,2024-12-01 19:13:01,BLR,SUP-001,SKU-022,1654,INV-218441,Shift B,Team 2
SHP-00281,2024-12-08 09:10:40,2024-12-08 10:35:36,2024-12-08 15:19:42,DEL,SUP-001,SKU-006,786,INV-498858,Shift C,Team 1
SHP-00282,2024-12-27 08:57:28,2024-12-27 09:58:04,2024-12-27 10:50:20,BLR,SUP-004,SKU-024,1350,INV-102088,Shift B,Team 2
SHP-00283,2024-12-10 14:22:16,2024-12-10 15:40:01,2024-12-10 21:50:55,BLR,SUP-005,SKU-018,310,INV-343269,Shift C,Team 3
SHP-00284,2025-01-20 19:18:46,2025-01-20 20:13:47,2025-01-21 01:16:04,DEL,SUP-001,SKU-024,596,INV-831250,Shift A,Team 3
SHP-00285,2024-12-21 11:46:55,2024-12-21 13:23:33,2024-12-21 17:21:07,DEL,SUP-002,SKU-001,876,INV-534409,Shift B,Team 3
SHP-00286,2025-01-28 15:49:03,2025-01-28 16:19:33,2025-01-28 22:28:40,BLR,SUP-005,SKU-023,850,INV-795545,Shift A,Team 3
SHP-00287,2024-12-01 11:13:29,2024-12-01 13:02:57,2024-12-01 13:24:29,BLR,SUP-001,SKU-007,1741,INV-207957,Shift B,Team 3
SHP-00288,2024-11-04 22:03:16,2024-11-04 23:52:42,2024-11-05 04:39:36,BLR,SUP-003,SKU-020,699,INV-991207,Shift C,Team 3
SHP-00289,2024-11-14 08:52:33,2024-11-14 09:22:41,2024-11-14 10:56:05,MUM,SUP-001,SKU-017,1112,INV-219996,Shift B,Team 1
SHP-00290,2024-10-25 17:47:06,2024-10-25 19:45:03,2024-10-26 00:54:23,DEL,SUP-005,SKU-028,1603,INV-144597,Shift B,Team 1
SHP-00291,2024-09-09 15:03:32,2024-09-09 16:19:44,2024-09-09 17:46:50,MUM,SUP-002,SKU-026,715,INV-576327,Shift A,Team 2
SHP-00292,2024-09-08 14:38:07,2024-09-08 15:23:01,2024-09-08 17:02:12,MUM,SUP-003,SKU-001,1513,INV-782918,Shift B,Team 2
SHP-00293,2024-11-19 17:00:11,2024-11-19 17:59:32,2024-11-19 23:33:28,BLR,SUP-001,SKU-027,1553,INV-579873,Shift A,Team 3
SHP-00294,2024-11-22 17:56:29,2024-11-22 19:18:38,2024-11-22 22:29:15,BLR,SUP-003,SKU-001,1333,INV-772751,Shift C,Team 2
SHP-00295,2024-10-27 18:54:42,2024-10-27 19:32:41,2024-10-28 00:11:59,BLR,SUP-001,SKU-021,1943,INV-543529,Shift C,Team 3
SHP-00296,2024-12-30 18:25:29,2024-12-30 19:49:28,2024-12-30 20:35:55,DEL,SUP-002,SKU-022,337,INV-279820,Shift B,Team 2
SHP-00297,2024-11-14 15:36:58,2024-11-14 16:08:22,2024-11-14 19:28:04,BLR,SUP-003,SKU-020,1550,INV-981508,Shift A,Team 1
SHP-00298,2024-11-21 11:17:12,2024-11-21 12:28:16,2024-11-21 16:32:10,MUM,SUP-003,SKU-024,1512,INV-541743,Shift A,Team 3
SHP-00299,2024-11-21 14:29:14,2024-11-21 15:23:02,2024-11-21 21:23:43,MUM,SUP-006,SKU-009,1958,INV-942078,Shift C,Team 2
SHP-00300,2025-01-10 16:53:46,2025-01-10 17:40:19,2025-01-10 22:10:39,BLR,SUP-008,SKU-019,1029,INV-106154,Shift A,Team 1
SHP-00301,2024-12-06 13:56:56,2024-12-06 15:34:07,2024-12-06 15:30:53,BLR,SUP-003,SKU-005,1151,INV-412744,Shift A,Team 3
SHP-00302,2024-10-08 14:33:42,2024-10-08 15:23:02,2024-10-08 21:19:23,BLR,SUP-002,SKU-019,1550,INV-263798,Shift A,Team 2
SHP-00303,2024-12-06 10:21:37,2024-12-06 10:52:25,2024-12-06 14:02:44,DEL,SUP-005,SKU-013,1161,INV-697558,Shift B,Team 2
SHP-00304,2025-01-29 15:11:17,2025-01-29 17:04:42,2025-01-29 21:37:32,BLR,SUP-007,SKU-021,975,INV-780552,Shift B,Team 1
SHP-00305,2024-11-30 14:41:48,2024-11-30 16:19:41,2024-11-30 16:59:16,DEL,SUP-006,SKU-005,1100,INV-239416,Shift C,Team 2
SHP-00306,2024-12-18 19:53:51,2024-12-18 20:55:47,2024-12-18 21:38:59,BLR,SUP-007,SKU-016,1582,INV-368269,Shift C,Team 1
SHP-00307,2025-02-02 09:49:04,2025-02-02 11:32:26,2025-02-02 15:31:02,DEL,SUP-005,SKU-002,540,INV-812685,Shift A,Team 1
SHP-00308,2024-10-31 14:32:28,2024-10-31 16:16:54,2024-10-31 21:17:00,BLR,SUP-003,SKU-006,649,INV-224630,Shift B,Team 3
SHP-00309,2024-12-29 16:29:23,2024-12-29 18:29:12,2024-12-29 21:24:34,MUM,SUP-006,SKU-001,614,INV-389873,Shift C,Team 2
SHP-00310,2025-01-10 20:03:27,2025-01-10 22:03:22,2025-01-11 00:01:28,BLR,SUP-004,SKU-022,466,INV-548672,Shift A,Team 2
SHP-00311,2025-01-16 13:53:47,2025-01-16 15:05:30,2025-01-16 17:48:57,MUM,SUP-007,SKU-012,1406,INV-397485,Shift C,Team 1
SHP-00312,2025-02-03 21:55:01,2025-02-03 23:17:21,2025-02-04 00:11:35,DEL,SUP-008,SKU-007,211,INV-996867,Shift C,Team 1
SHP-00313,2024-12-17 11:59:05,2024-12-17 12:33:38,2024-12-17 14:17:39,BLR,SUP-007,SKU-028,1297,INV-293482,Shift A,Team 2
SHP-00314,2024-12-07 15:39:32,2024-12-07 16:21:08,2024-12-07 20:32:28,BLR,SUP-007,SKU-010,1383,INV-176201,Shift B,Team 3
SHP-00315,2024-10-27 16:15:19,2024-10-27 17:01:15,2024-10-27 21:15:21,BLR,SUP-007,SKU-022,1647,INV-739917,Shift C,Team 3
SHP-00316,2024-09-18 12:06:19,2024-09-18 12:50:13,2024-09-18 17:32:57,BLR,SUP-004,SKU-020,277,INV-325796,Shift B,Team 3
SHP-00317,2025-02-17 14:33:59,2025-02-17 16:21:50,2025-02-17 20:28:30,BLR,SUP-008,SKU-007,268,INV-844610,Shift B,Team 2
SHP-00318,2024-09-25 12:29:17,2024-09-25 13:32:47,2024-09-25 17:39:13,DEL,SUP-001,SKU-022,1009,INV-415734,Shift A,Team 1
SHP-00319,2025-01-31 12:39:05,2025-01-31 13:24:37,2025-01-31 15:40:49,BLR,SUP-005,SKU-007,1131,INV-737543,Shift A,Team 1
SHP-00320,2024-10-05 20:09:08,2024-10-05 21:33:25,2024-10-05 23:36:59,DEL,SUP-002,SKU-023,1106,INV-262275,Shift A,Team 2
SHP-00321,2024-09-11 13:42:59,2024-09-11 14:13:22,2024-09-11 15:16:31,BLR,SUP-005,SKU-008,1586,INV-152083,Shift C,Team 3
SHP-00322,2024-09-27 13:26:12,2024-09-27 15:19:54,2024-09-27 19:07:38,MUM,SUP-002,SKU-011,355,INV-930901,Shift B,Team 3
SHP-00323,2024-10-24 10:20:02,2024-10-24 11:10:27,2024-10-24 15:44:46,DEL,SUP-005,SKU-027,711,INV-866602,Shift C,Team 1
SHP-00324,2024-09-05 19:42:22,2024-09-05 20:23:00,2024-09-05 22:30:45,BLR,SUP-008,SKU-002,1936,INV-437009,Shift A,Team 3
SHP-00325,2024-10-30 19:08:59,2024-10-30 20:21:17,2024-10-31 01:42:41,BLR,SUP-007,SKU-018,266,INV-775731,Shift B,Team 3
SHP-00326,2024-09-06 17:53:43,2024-09-06 18:38:06,2024-09-06 21:41:52,MUM,SUP-003,SKU-004,866,INV-411271,Shift A,Team 2
SHP-00327,2024-10-21 14:10:37,2024-10-21 15:44:28,2024-10-21 19:24:12,BLR,SUP-003,SKU-028,1020,INV-344876,Shift B,Team 1
SHP-00328,2025-01-24 14:53:23,2025-01-24 16:47:19,2025-01-24 16:34:33,BLR,SUP-007,SKU-005,1838,INV-738196,Shift A,Team 3
SHP-00329,2024-11-18 12:00:50,2024-11-18 13:21:07,2024-11-18 19:10:25,BLR,SUP-003,SKU-006,322,INV-695994,Shift C,Team 1
SHP-00330,2024-09-08 13:13:12,2024-09-08 15:00:21,2024-09-08 18:36:51,MUM,SUP-003,SKU-022,1440,INV-104523,Shift A,Team 2
SHP-00331,2024-09-23 14:33:10,2024-09-23 15:25:18,2024-09-23 20:00:22,MUM,SUP-008,SKU-006,1511,INV-745594,Shift B,Team 2
SHP-00332,2024-11-01 12:41:28,2024-11-01 13:58:49,2024-11-01 14:47:38,DEL,SUP-008,SKU-023,747,INV-260364,Shift C,Team 3
SHP-00333,2024-10-16 10:40:27,2024-10-16 12:19:52,2024-10-16 16:01:33,BLR,SUP-001,SKU-024,1635,INV-424660,Shift A,Team 2
SHP-00334,2024-12-14 15:32:42,2024-12-14 16:13:32,2024-12-14 19:59:22,MUM,SUP-004,SKU-009,1465,INV-176066,Shift C,Team 1
SHP-00335,2025-01-16 20:56:32,2025-01-16 22:22:13,2025-01-17 01:20:06,MUM,SUP-002,SKU-011,1969,INV-113351,Shift A,Team 2
SHP-00336,2025-02-03 14:25:15,2025-02-03 15:12:56,2025-02-03 18:51:43,BLR,SUP-008,SKU-029,1355,INV-466594,Shift A,Team 1
SHP-00337,2024-11-20 13:04:33,2024-11-20 14:42:44,2024-11-20 17:05:25,DEL,SUP-003,SKU-027,1752,INV-147173,Shift A,Team 3
SHP-00338,2024-12-22 20:03:13,2024-12-22 21:29:12,2024-12-22 23:33:17,MUM,SUP-002,SKU-026,214,INV-719484,Shift A,Team 3
SHP-00339,2024-10-29 10:38:37,2024-10-29 11:27:31,2024-10-29 15:02:58,BLR,SUP-005,SKU-030,1455,INV-867308,Shift A,Team 2
SHP-00340,2024-10-19 10:04:11,2024-10-19 11:02:08,2024-10-19 16:40:50,MUM,SUP-005,SKU-015,1465,INV-676664,Shift C,Team 1
SHP-00341,2024-09-29 10:49:18,2024-09-29 12:03:42,2024-09-29 17:00:00,BLR,SUP-007,SKU-003,508,INV-234921,Shift A,Team 2
SHP-00342,2024-11-26 09:42:38,2024-11-26 11:35:42,2024-11-26 17:07:45,MUM,SUP-008,SKU-005,314,INV-533626,Shift B,Team 1
SHP-00343,2024-10-04 20:25:46,2024-10-04 21:50:31,2024-10-05 02:35:38,MUM,SUP-001,SKU-024,268,INV-821484,Shift C,Team 2
SHP-00344,2024-10-14 18:42:29,2024-10-14 20:15:02,2024-10-14 20:44:49,MUM,SUP-003,SKU-030,1325,INV-664357,Shift C,Team 2
SHP-00345,2024-11-01 17:14:19,2024-11-01 18:15:59,2024-11-01 19:12:34,BLR,SUP-005,SKU-004,1010,INV-138838,Shift C,Team 1
SHP-00346,2024-09-26 09:40:07,2024-09-26 10:41:59,2024-09-26 14:31:08,BLR,SUP-006,SKU-022,1466,INV-671063,Shift C,Team 1
SHP-00347,2025-01-06 10:18:53,2025-01-06 12:01:35,2025-01-06 16:11:17,BLR,SUP-008,SKU-026,1098,INV-373229,Shift B,Team 3
SHP-00348,2025-01-24 11:36:55,2025-01-24 12:42:13,2025-01-24 17:55:11,DEL,SUP-002,SKU-007,1360,INV-517722,Shift A,Team 3
SHP-00349,2025-01-15 09:02:33,2025-01-15 10:15:06,2025-01-15 13:29:38,BLR,SUP-001,SKU-001,1789,INV-716386,Shift A,Team 1
SHP-00350,2024-09-20 17:32:03,2024-09-20 18:30:45,2024-09-20 23:20:06,BLR,SUP-005,SKU-007,1273,INV-119267,Shift A,Team 3
SHP-00351,2025-01-15 16:47:27,2025-01-15 18:21:31,2025-01-15 23:49:47,MUM,SUP-002,SKU-002,613,INV-943340,Shift C,Team 1
SHP-00352,2024-12-05 10:43:25,2024-12-05 12:06:24,2024-12-05 16:18:34,MUM,SUP-003,SKU-001,627,INV-904446,Shift C,Team 3
SHP-00353,2024-09-17 21:31:22,2024-09-17 22:47:37,2024-09-17 23:15:44,BLR,SUP-007,SKU-010,359,INV-817742,Shift B,Team 3
SHP-00354,2025-02-19 11:05:24,2025-02-19 12:42:20,2025-02-19 18:25:21,DEL,SUP-001,SKU-006,1343,INV-258913,Shift B,Team 2
SHP-00355,2024-10-14 18:49:08,2024-10-14 20:21:57,2024-10-14 21:15:49,MUM,SUP-007,SKU-018,1428,INV-396206,Shift C,Team 2
SHP-00356,2024-11-24 16:03:20,2024-11-24 16:51:55,2024-11-24 21:48:40,MUM,SUP-004,SKU-007,968,INV-459185,Shift C,Team 2
SHP-00357,2024-11-13 15:48:05,2024-11-13 16:23:04,2024-11-13 18:05:39,MUM,SUP-008,SKU-010,654,INV-414552,Shift B,Team 1
SHP-00358,2024-09-11 13:56:48,2024-09-11 15:12:27,2024-09-11 18:27:56,BLR,SUP-007,SKU-009,951,INV-611057,Shift A,Team 3
SHP-00359,2025-01-05 09:44:28,2025-01-05 11:08:55,2025-01-05 15:33:36,DEL,SUP-001,SKU-030,395,INV-725560,Shift A,Team 1
SHP-00360,2024-12-17 22:18:57,2024-12-17 23:53:21,2024-12-18 05:41:24,MUM,SUP-002,SKU-025,664,INV-667123,Shift C,Team 3
SHP-00361,2025-01-19 16:56:54,2025-01-19 18:55:01,2025-01-19 22:13:25,MUM,SUP-002,SKU-022,1698,INV-196338,Shift A,Team 3
SHP-00362,2024-10-07 12:10:04,2024-10-07 12:53:09,2024-10-07 18:48:17,MUM,SUP-002,SKU-024,300,INV-200923,Shift B,Team 3
SHP-00363,2024-10-23 13:59:14,2024-10-23 14:59:41,2024-10-23 17:08:28,DEL,SUP-003,SKU-024,1273,INV-939219,Shift B,Team 1
SHP-00364,2024-12-05 12:35:27,2024-12-05 13:16:11,2024-12-05 15:12:35,DEL,SUP-007,SKU-020,1542,INV-133919,Shift B,Team 2
SHP-00365,2024-09-14 21:36:18,2024-09-14 23:06:48,2024-09-15 03:53:50,BLR,SUP-001,SKU-024,1946,INV-428769,Shift A,Team 3
SHP-00366,2024-10-02 11:40:50,2024-10-02 13:11:52,2024-10-02 18:36:38,MUM,SUP-005,SKU-011,628,INV-481008,Shift C,Team 2
SHP-00367,2024-12-08 17:53:16,2024-12-08 19:28:38,2024-12-08 21:09:55,BLR,SUP-001,SKU-010,611,INV-657656,Shift C,Team 3
SHP-00368,2024-09-30 08:08:35,2024-09-30 10:01:15,2024-09-30 14:16:42,MUM,SUP-002,SKU-021,991,INV-565350,Shift A,Team 2
SHP-00369,2025-01-09 15:00:34,2025-01-09 15:37:11,2025-01-09 18:51:07,DEL,SUP-006,SKU-017,824,INV-864616,Shift A,Team 3
SHP-00370,2025-01-09 12:04:43,2025-01-09 13:53:36,2025-01-09 15:12:45,BLR,SUP-007,SKU-009,1999,INV-528001,Shift A,Team 2
SHP-00371,2024-09-24 19:02:18,2024-09-24 20:01:42,2024-09-24 21:37:02,MUM,SUP-007,SKU-022,665,INV-102910,Shift B,Team 1
SHP-00372,2025-02-17 09:41:35,2025-02-17 10:24:00,2025-02-17 17:03:02,BLR,SUP-005,SKU-026,614,INV-117242,Shift A,Team 2
SHP-00373,2024-09-21 15:44:21,2024-09-21 17:04:21,2024-09-21 20:09:22,DEL,SUP-004,SKU-029,498,INV-507121,Shift C,Team 2
SHP-00374,2024-10-21 07:42:39,2024-10-21 09:36:11,2024-10-21 09:30:05,BLR,SUP-004,SKU-025,1453,INV-143547,Shift B,Team 2
SHP-00375,2025-01-03 09:35:23,2025-01-03 11:20:01,2025-01-03 12:31:19,DEL,SUP-003,SKU-006,1945,INV-866439,Shift C,Team 3
SHP-00376,2024-10-31 18:35:56,2024-10-31 20:02:56,2024-10-31 20:37:31,DEL,SUP-001,SKU-003,562,INV-754148,Shift C,Team 3
SHP-00377,2024-09-14 17:09:47,2024-09-14 18:57:09,2024-09-14 19:23:14,DEL,SUP-002,SKU-024,1371,INV-272919,Shift A,Team 3
SHP-00378,2025-01-18 13:49:50,2025-01-18 14:22:25,2025-01-18 16:45:14,DEL,SUP-001,SKU-013,1257,INV-737859,Shift B,Team 2
SHP-00379,2024-12-21 12:33:50,2024-12-21 13:21:51,2024-12-21 15:00:45,MUM,SUP-006,SKU-015,1899,INV-696035,Shift B,Team 3
SHP-00380,2024-12-17 12:08:05,2024-12-17 12:58:54,2024-12-17 17:13:10,BLR,SUP-003,SKU-015,1408,INV-511485,Shift A,Team 1
SHP-00381,2024-09-25 08:18:52,2024-09-25 09:36:52,2024-09-25 13:33:15,BLR,SUP-008,SKU-013,1688,INV-465761,Shift B,Team 2
SHP-00382,2025-02-19 20:03:36,2025-02-19 20:56:48,2025-02-20 01:31:46,DEL,SUP-003,SKU-005,566,INV-145974,Shift B,Team 2
SHP-00383,2024-10-05 09:55:20,2024-10-05 11:51:58,2024-10-05 15:54:18,MUM,SUP-005,SKU-028,1221,INV-445377,Shift A,Team 3
SHP-00384,2024-09-23 17:04:45,2024-09-23 18:24:55,2024-09-23 19:07:21,MUM,SUP-002,SKU-029,1320,INV-853261,Shift C,Team 3
SHP-00385,2024-09-12 17:53:38,2024-09-12 19:20:16,2024-09-12 21:43:47,MUM,SUP-005,SKU-004,1053,INV-979721,Shift B,Team 2
SHP-00386,2025-01-29 13:47:01,2025-01-29 14:53:34,2025-01-29 17:40:21,BLR,SUP-006,SKU-025,812,INV-256665,Shift A,Team 2
SHP-00387,2024-10-04 19:27:56,2024-10-04 20:02:39,2024-10-05 00:39:53,MUM,SUP-007,SKU-023,628,INV-112658,Shift A,Team 2
SHP-00388,2025-02-06 20:02:33,2025-02-06 21:10:21,2025-02-06 22:09:28,BLR,SUP-007,SKU-019,1476,INV-131964,Shift B,Team 1
SHP-00389,2024-11-02 18:01:53,2024-11-02 19:49:36,2024-11-02 21:18:33,MUM,SUP-007,SKU-021,1831,INV-525831,Shift A,Team 1
SHP-00390,2025-02-13 10:19:39,2025-02-13 12:01:38,2025-02-13 13:00:29,BLR,SUP-006,SKU-026,338,INV-128493,Shift A,Team 2
SHP-00391,2025-02-08 07:29:06,2025-02-08 09:00:23,2025-02-08 14:42:52,MUM,SUP-004,SKU-022,1181,INV-812392,Shift C,Team 3
SHP-00392,2024-12-18 22:29:48,2024-12-18 23:37:53,2024-12-19 05:42:12,BLR,SUP-006,SKU-017,813,INV-543806,Shift A,Team 2
SHP-00393,2024-10-12 11:56:36,2024-10-12 13:18:05,2024-10-12 16:36:10,MUM,SUP-003,SKU-027,539,INV-368079,Shift B,Team 1
SHP-00394,2024-11-11 13:02:40,2024-11-11 14:25:50,2024-11-11 15:47:59,BLR,SUP-005,SKU-008,961,INV-159364,Shift C,Team 2
SHP-00395,2024-12-25 15:03:52,2024-12-25 16:39:45,2024-12-25 22:22:35,DEL,SUP-002,SKU-011,1190,INV-813041,Shift B,Team 3
SHP-00396,2024-09-11 14:46:31,2024-09-11 16:39:07,2024-09-11 21:54:32,BLR,SUP-006,SKU-017,437,INV-857786,Shift B,Team 1
SHP-00397,2025-01-27 19:57:15,2025-01-27 21:33:26,2025-01-28 00:53:25,DEL,SUP-007,SKU-010,766,INV-555844,Shift C,Team 2
SHP-00398,2025-01-19 12:24:19,2025-01-19 13:30:44,2025-01-19 18:59:28,DEL,SUP-006,SKU-005,1642,INV-507207,Shift A,Team 3
SHP-00399,2024-10-06 08:04:12,2024-10-06 09:53:30,2024-10-06 10:58:49,BLR,SUP-008,SKU-003,1073,INV-376659,Shift C,Team 3
SHP-00400,2024-11-27 21:07:56,2024-11-27 22:13:34,2024-11-28 01:59:22,BLR,SUP-006,SKU-022,1857,INV-820020,Shift B,Team 1
SHP-00401,2024-12-27 12:42:26,2024-12-27 14:39:47,2024-12-27 18:50:21,BLR,SUP-008,SKU-008,494,INV-988736,Shift B,Team 3
SHP-00402,2025-01-04 07:50:59,2025-01-04 08:44:52,2025-01-04 09:52:55,MUM,SUP-002,SKU-012,1180,INV-691042,Shift A,Team 1
SHP-00403,2025-01-24 17:17:59,2025-01-24 18:20:23,2025-01-24 18:57:11,MUM,SUP-004,SKU-014,688,INV-298866,Shift A,Team 3
SHP-00404,2025-01-25 19:10:08,2025-01-25 20:43:01,2025-01-26 00:54:28,BLR,SUP-003,SKU-008,554,INV-320550,Shift C,Team 2
SHP-00405,2024-10-18 12:13:10,2024-10-18 12:46:45,2024-10-18 15:27:14,MUM,SUP-003,SKU-025,1879,INV-437809,Shift A,Team 1
SHP-00406,2025-02-19 10:18:37,2025-02-19 12:12:44,2025-02-19 16:42:11,BLR,SUP-008,SKU-013,1460,INV-494329,Shift C,Team 3
SHP-00407,2024-09-25 16:09:32,2024-09-25 17:02:46,2024-09-25 21:34:31,MUM,SUP-004,SKU-028,802,INV-752161,Shift C,Team 1
SHP-00408,2024-09-10 10:27:25,2024-09-10 11:45:34,2024-09-10 13:18:00,MUM,SUP-003,SKU-013,1480,INV-149004,Shift A,Team 1
SHP-00409,2025-01-24 13:31:27,2025-01-24 14:03:24,2025-01-24 19:08:24,MUM,SUP-001,SKU-028,1572,INV-168428,Shift B,Team 3
SHP-00410,2024-10-07 17:36:46,2024-10-07 19:15:16,2024-10-07 20:14:46,MUM,SUP-005,SKU-015,1815,INV-407584,Shift A,Team 1
SHP-00411,2024-10-30 09:03:21,2024-10-30 10:17:52,2024-10-30 16:19:30,MUM,SUP-003,SKU-008,1658,INV-737647,Shift A,Team 3
SHP-00412,2024-10-02 17:17:34,2024-10-02 19:01:22,2024-10-02 21:41:33,BLR,SUP-006,SKU-005,1695,INV-983678,Shift B,Team 3
SHP-00413,2024-12-31 17:22:10,2024-12-31 19:12:53,2024-12-31 20:55:20,BLR,SUP-008,SKU-018,1834,INV-439327,Shift B,Team 3
SHP-00414,2024-11-29 13:10:09,2024-11-29 14:36:10,2024-11-29 18:48:27,BLR,SUP-004,SKU-010,543,INV-230355,Shift A,Team 1
SHP-00415,2024-10-16 15:58:35,2024-10-16 17:03:59,2024-10-16 21:46:34,BLR,SUP-004,SKU-001,787,INV-323812,Shift C,Team 1
SHP-00416,2024-09-06 19:06:21,2024-09-06 20:44:36,2024-09-06 21:42:42,MUM,SUP-003,SKU-030,1411,INV-234512,Shift B,Team 2
SHP-00417,2024-09-12 12:59:31,2024-09-12 13:49:10,2024-09-12 17:17:48,MUM,SUP-007,SKU-027,1215,INV-861241,Shift C,Team 3
SHP-00418,2024-12-01 07:47:09,2024-12-01 09:43:06,2024-12-01 15:02:47,DEL,SUP-005,SKU-027,437,INV-865579,Shift B,Team 1
SHP-00419,2024-12-12 14:04:39,2024-12-12 15:14:31,2024-12-12 21:07:50,BLR,SUP-006,SKU-030,1832,INV-154903,Shift A,Team 2
SHP-00420,2025-02-07 21:39:11,2025-02-07 22:39:20,2025-02-08 03:56:18,BLR,SUP-005,SKU-011,753,INV-241843,Shift C,Team 2
SHP-00421,2024-11-29 18:11:37,2024-11-29 19:55:47,2024-11-29 20:12:09,DEL,SUP-005,SKU-001,1903,INV-863284,Shift A,Team 1
SHP-00422,2024-10-22 07:31:47,2024-10-22 08:26:06,2024-10-22 14:24:59,BLR,SUP-007,SKU-002,1416,INV-596231,Shift B,Team 3
SHP-00423,2025-02-18 19:39:23,2025-02-18 20:50:12,2025-02-18 22:09:30,DEL,SUP-001,SKU-004,1624,INV-982751,Shift B,Team 1
SHP-00424,2024-10-14 19:37:35,2024-10-14 20:11:11,2024-10-14 21:12:33,MUM,SUP-004,SKU-002,983,INV-943946,Shift C,Team 3
SHP-00425,2025-02-16 14:47:26,2025-02-16 16:14:32,2025-02-16 22:11:00,DEL,SUP-007,SKU-021,417,INV-934103,Shift B,Team 2
SHP-00426,2025-01-08 09:51:18,2025-01-08 10:46:44,2025-01-08 15:43:43,MUM,SUP-006,SKU-030,277,INV-723915,Shift B,Team 3
SHP-00427,2024-12-15 21:39:16,2024-12-15 22:18:40,2024-12-16 02:40:18,MUM,SUP-008,SKU-001,987,INV-884923,Shift C,Team 3
SHP-00428,2024-12-14 08:03:50,2024-12-14 09:49:37,2024-12-14 13:48:44,MUM,SUP-002,SKU-012,1294,INV-370204,Shift C,Team 3
SHP-00429,2025-02-19 10:55:36,2025-02-19 11:28:42,2025-02-19 15:27:47,DEL,SUP-006,SKU-012,1196,INV-953402,Shift B,Team 1
SHP-00430,2024-12-10 09:32:02,2024-12-10 10:55:47,2024-12-10 16:14:04,BLR,SUP-004,SKU-010,1223,INV-249865,Shift B,Team 2
SHP-00431,2024-10-05 11:28:04,2024-10-05 12:09:33,2024-10-05 14:44:51,BLR,SUP-005,SKU-024,1386,INV-499513,Shift A,Team 1
SHP-00432,2025-02-15 09:22:42,2025-02-15 10:57:23,2025-02-15 11:29:01,BLR,SUP-002,SKU-002,829,INV-792618,Shift A,Team 2
SHP-00433,2025-02-02 19:39:32,2025-02-02 21:00:09,2025-02-03 00:51:16,DEL,SUP-005,SKU-026,1911,INV-117074,Shift A,Team 3
SHP-00434,2024-09-15 16:20:19,2024-09-15 17:51:58,2024-09-15 18:16:41,DEL,SUP-003,SKU-004,760,INV-244148,Shift A,Team 3
SHP-00435,2024-09-28 19:51:22,2024-09-28 21:24:39,2024-09-29 03:11:21,BLR,SUP-008,SKU-029,1197,INV-414752,Shift A,Team 3
SHP-00436,2024-10-24 09:51:29,2024-10-24 10:57:17,2024-10-24 12:19:40,MUM,SUP-008,SKU-015,1043,INV-167333,Shift C,Team 3
SHP-00437,2024-12-19 07:16:35,2024-12-19 09:08:23,2024-12-19 11:56:04,DEL,SUP-008,SKU-004,1467,INV-651403,Shift C,Team 3
SHP-00438,2024-09-17 10:36:09,2024-09-17 11:11:21,2024-09-17 15:59:46,BLR,SUP-005,SKU-022,1928,INV-170666,Shift B,Team 3
SHP-00439,2024-10-26 14:14:52,2024-10-26 15:47:38,2024-10-26 16:02:40,BLR,SUP-004,SKU-002,413,INV-831809,Shift C,Team 2
SHP-00440,2024-12-26 16:34:32,2024-12-26 17:37:50,2024-12-26 21:31:43,DEL,SUP-005,SKU-007,1730,INV-510428,Shift A,Team 3
SHP-00441,2024-10-29 08:39:56,2024-10-29 09:48:29,2024-10-29 12:06:47,MUM,SUP-005,SKU-007,1448,INV-694929,Shift B,Team 1
SHP-00442,2024-10-05 08:41:23,2024-10-05 10:00:08,2024-10-05 15:29:29,MUM,SUP-008,SKU-009,479,INV-261654,Shift A,Team 2
SHP-00443,2024-10-21 16:53:52,2024-10-21 17:28:25,2024-10-21 23:13:18,MUM,SUP-003,SKU-028,643,INV-537445,Shift A,Team 2
SHP-00444,2024-12-25 16:21:40,2024-12-25 16:52:20,2024-12-25 20:15:57,DEL,SUP-006,SKU-030,1374,INV-434134,Shift C,Team 2
SHP-00445,2025-01-17 13:25:00,2025-01-17 14:31:34,2025-01-17 19:01:22,BLR,SUP-008,SKU-016,692,INV-797837,Shift C,Team 2
SHP-00446,2025-01-02 17:21:15,2025-01-02 18:58:54,2025-01-02 20:47:21,BLR,SUP-008,SKU-015,1957,INV-469166,Shift A,Team 1
SHP-00447,2025-02-10 14:15:30,2025-02-10 15:24:18,2025-02-10 17:17:13,MUM,SUP-001,SKU-029,1614,INV-505185,Shift C,Team 2
SHP-00448,2025-02-07 21:28:20,2025-02-07 23:09:09,2025-02-08 00:59:52,BLR,SUP-003,SKU-002,1254,INV-405314,Shift C,Team 1
SHP-00449,2024-10-17 17:36:45,2024-10-17 18:44:05,2024-10-17 21:15:25,DEL,SUP-006,SKU-005,885,INV-211685,Shift A,Team 1
SHP-00450,2024-11-23 12:50:24,2024-11-23 14:37:56,2024-11-23 19:41:26,BLR,SUP-008,SKU-022,1066,INV-410489,Shift A,Team 1
SHP-00451,2025-01-17 21:06:08,2025-01-17 22:51:07,2025-01-18 03:24:44,DEL,SUP-007,SKU-023,1856,INV-660370,Shift B,Team 1
SHP-00452,2024-09-30 09:15:38,2024-09-30 10:06:38,2024-09-30 13:50:09,DEL,SUP-008,SKU-005,1216,INV-143931,Shift C,Team 1
SHP-00453,2024-12-19 14:53:44,2024-12-19 16:49:59,2024-12-19 19:06:41,DEL,SUP-001,SKU-028,1842,INV-752435,Shift B,Team 2
SHP-00454,2025-02-20 19:00:52,2025-02-20 19:49:57,2025-02-20 21:26:16,MUM,SUP-001,SKU-015,1137,INV-281779,Shift A,Team 3
SHP-00455,2024-10-09 12:43:01,2024-10-09 13:17:23,2024-10-09 16:12:50,MUM,SUP-004,SKU-023,1296,INV-131873,Shift C,Team 2
SHP-00456,2024-11-08 12:41:07,2024-11-08 13:30:15,2024-11-08 18:39:55,MUM,SUP-001,SKU-023,271,INV-712244,Shift B,Team 3
SHP-00457,2024-09-08 14:22:40,2024-09-08 15:47:20,2024-09-08 16:16:30,BLR,SUP-008,SKU-011,519,INV-241483,Shift B,Team 2
SHP-00458,2024-12-26 12:23:51,2024-12-26 13:43:49,2024-12-26 19:50:16,MUM,SUP-006,SKU-016,282,INV-508148,Shift C,Team 2
SHP-00459,2024-11-24 08:30:17,2024-11-24 09:27:11,2024-11-24 13:09:52,MUM,SUP-008,SKU-030,1771,INV-314584,Shift B,Team 2
SHP-00460,2025-01-05 13:36:54,2025-01-05 14:51:12,2025-01-05 19:37:33,BLR,SUP-001,SKU-002,1565,INV-700872,Shift B,Team 2
SHP-00461,2024-12-27 20:56:34,2024-12-27 22:52:22,2024-12-28 02:17:03,MUM,SUP-001,SKU-014,1845,INV-453141,Shift C,Team 3
SHP-00462,2024-10-29 11:59:12,2024-10-29 12:33:16,2024-10-29 18:03:15,BLR,SUP-007,SKU-003,1409,INV-101142,Shift A,Team 3
SHP-00463,2024-10-09 10:39:33,2024-10-09 11:33:53,2024-10-09 15:51:40,BLR,SUP-001,SKU-027,1892,INV-940361,Shift A,Team 1
SHP-00464,2024-11-18 18:50:44,2024-11-18 20:08:29,2024-11-18 22:28:06,DEL,SUP-003,SKU-004,1539,INV-448256,Shift C,Team 2
SHP-00465,2025-01-07 08:50:10,2025-01-07 10:38:34,2025-01-07 13:59:57,DEL,SUP-005,SKU-028,728,INV-261024,Shift A,Team 1
SHP-00466,2024-09-17 09:49:50,2024-09-17 11:26:49,2024-09-17 11:54:32,MUM,SUP-008,SKU-023,477,INV-399581,Shift C,Team 2
SHP-00467,2025-01-17 18:55:00,2025-01-17 20:19:52,2025-01-17 23:10:42,DEL,SUP-002,SKU-025,393,INV-788186,Shift B,Team 1
SHP-00468,2024-09-28 15:31:03,2024-09-28 16:39:20,2024-09-28 20:05:54,MUM,SUP-003,SKU-005,226,INV-311253,Shift A,Team 3
SHP-00469,2025-01-09 11:38:31,2025-01-09 13:13:40,2025-01-09 16:16:25,DEL,SUP-006,SKU-027,1276,INV-924922,Shift C,Team 3
SHP-00470,2024-12-02 12:26:32,2024-12-02 13:59:12,2024-12-02 19:11:06,DEL,SUP-005,SKU-027,1105,INV-211171,Shift C,Team 2
SHP-00471,2024-10-13 18:03:46,2024-10-13 19:31:59,2024-10-13 20:31:04,DEL,SUP-007,SKU-023,1762,INV-132640,Shift C,Team 3
SHP-00472,2024-10-04 21:50:28,2024-10-04 23:09:51,2024-10-05 01:30:17,DEL,SUP-005,SKU-010,1567,INV-273797,Shift B,Team 2
SHP-00473,2024-09-26 10:10:28,2024-09-26 11:06:48,2024-09-26 16:42:23,DEL,SUP-002,SKU-012,528,INV-990562,Shift B,Team 1
SHP-00474,2024-10-30 17:58:21,2024-10-30 19:02:55,2024-10-30 23:40:17,BLR,SUP-004,SKU-029,1744,INV-789127,Shift C,Team 3
SHP-00475,2024-10-21 15:26:04,2024-10-21 16:04:22,2024-10-21 17:27:11,MUM,SUP-002,SKU-013,1068,INV-591508,Shift C,Team 3
SHP-00476,2024-12-04 19:07:46,2024-12-04 20:47:52,2024-12-04 21:31:37,DEL,SUP-006,SKU-002,368,INV-961617,Shift B,Team 3
SHP-00477,2024-12-20 12:17:26,2024-12-20 13:43:29,2024-12-20 15:39:54,MUM,SUP-001,SKU-022,952,INV-540830,Shift A,Team 1
SHP-00478,2024-10-09 13:14:48,2024-10-09 14:50:02,2024-10-09 15:32:52,BLR,SUP-008,SKU-004,1718,INV-224829,Shift B,Team 3
SHP-00479,2024-11-01 21:25:15,2024-11-01 22:47:23,2024-11-02 01:56:11,BLR,SUP-003,SKU-019,1415,INV-339074,Shift B,Team 3
SHP-00480,2024-11-13 10:22:45,2024-11-13 10:57:51,2024-11-13 16:50:40,MUM,SUP-007,SKU-004,713,INV-431725,Shift B,Team 3
SHP-00481,2024-10-17 13:13:00,2024-10-17 14:40:24,2024-10-17 17:58:10,DEL,SUP-005,SKU-004,1756,INV-949262,Shift B,Team 2
SHP-00482,2024-11-29 19:31:21,2024-11-29 21:04:38,2024-11-30 00:30:29,MUM,SUP-008,SKU-001,1764,INV-541156,Shift B,Team 2
SHP-00483,2024-09-10 09:11:57,2024-09-10 10:35:22,2024-09-10 12:34:57,MUM,SUP-001,SKU-006,1206,INV-983942,Shift B,Team 3
SHP-00484,2025-01-23 20:11:44,2025-01-23 21:28:01,2025-01-23 22:57:23,MUM,SUP-002,SKU-013,739,INV-435969,Shift B,Team 3
SHP-00485,2025-02-01 07:11:15,2025-02-01 08:33:33,2025-02-01 09:02:10,MUM,SUP-007,SKU-001,1767,INV-275791,Shift B,Team 3
SHP-00486,2024-11-04 10:57:03,2024-11-04 11:50:46,2024-11-04 13:42:41,MUM,SUP-007,SKU-003,1609,INV-315338,Shift C,Team 1
SHP-00487,2025-01-13 21:57:40,2025-01-13 23:54:01,2025-01-14 04:37:43,MUM,SUP-007,SKU-011,973,INV-183124,Shift A,Team 1
SHP-00488,2025-02-22 11:56:14,2025-02-22 13:27:32,2025-02-22 16:59:57,MUM,SUP-001,SKU-012,1092,INV-762736,Shift B,Team 3
SHP-00489,2025-02-09 18:24:12,2025-02-09 20:13:16,2025-02-09 20:25:58,MUM,SUP-003,SKU-009,337,INV-694618,Shift C,Team 3
SHP-00490,2025-02-18 15:49:00,2025-02-18 16:53:50,2025-02-18 20:27:17,MUM,SUP-002,SKU-013,714,INV-635553,Shift A,Team 1
SHP-00491,2025-01-10 11:34:23,2025-01-10 12:48:20,2025-01-10 16:57:58,BLR,SUP-007,SKU-030,1506,INV-850013,Shift C,Team 1
SHP-00492,2024-10-10 10:31:45,2024-10-10 11:05:59,2024-10-10 17:16:03,DEL,SUP-004,SKU-025,814,INV-604415,Shift A,Team 3
SHP-00493,2025-02-03 10:49:36,2025-02-03 11:54:29,2025-02-03 15:39:20,MUM,SUP-004,SKU-026,1894,INV-334780,Shift B,Team 3
SHP-00494,2024-09-10 11:59:17,2024-09-10 13:52:58,2024-09-10 16:33:23,DEL,SUP-005,SKU-022,1327,INV-736980,Shift B,Team 1
SHP-00495,2024-11-19 20:11:51,2024-11-19 21:10:19,2024-11-19 23:09:12,DEL,SUP-006,SKU-022,384,INV-582598,Shift C,Team 3
SHP-00496,2024-09-26 11:13:39,2024-09-26 12:30:20,2024-09-26 15:12:37,DEL,SUP-004,SKU-026,841,INV-300287,Shift B,Team 2
SHP-00497,2024-10-16 10:30:48,2024-10-16 11:02:00,2024-10-16 16:09:24,DEL,SUP-004,SKU-016,1292,INV-875668,Shift A,Team 1
SHP-00498,2025-01-03 19:12:11,2025-01-03 20:41:25,2025-01-04 01:44:32,MUM,SUP-002,SKU-001,1521,INV-438590,Shift B,Team 2
SHP-00499,2025-02-14 19:02:05,2025-02-14 20:33:24,2025-02-15 00:19:39,MUM,SUP-008,SKU-008,1956,INV-808962,Shift A,Team 2
SHP-00500,2024-10-13 21:41:03,2024-10-13 22:19:29,2024-10-13 23:56:46,DEL,SUP-004,SKU-029,1863,INV-641671,Shift B,Team 3
SHP-00501,2024-11-28 18:25:00,2024-11-28 19:18:42,2024-11-29 00:50:59,MUM,SUP-004,SKU-023,734,INV-209755,Shift A,Team 2
SHP-00502,2025-02-13 18:06:35,2025-02-13 19:56:29,2025-02-13 19:59:35,MUM,SUP-002,SKU-026,1512,INV-889098,Shift A,Team 1
SHP-00503,2024-12-17 20:06:34,2024-12-17 21:47:58,2024-12-18 03:28:34,DEL,SUP-004,SKU-006,1607,INV-520055,Shift C,Team 2
SHP-00504,2024-11-02 07:06:25,2024-11-02 08:32:55,2024-11-02 09:17:23,MUM,SUP-002,SKU-030,382,INV-879778,Shift A,Team 3
SHP-00505,2024-12-06 09:46:31,2024-12-06 11:35:34,2024-12-06 15:06:31,MUM,SUP-008,SKU-030,1129,INV-663847,Shift A,Team 1
SHP-00506,2024-12-10 10:09:23,2024-12-10 12:07:00,2024-12-10 13:02:57,MUM,SUP-005,SKU-020,641,INV-474509,Shift B,Team 3
SHP-00507,2024-11-03 16:40:34,2024-11-03 17:47:39,2024-11-03 19:55:39,DEL,SUP-005,SKU-015,375,INV-125941,Shift A,Team 2
SHP-00508,2024-11-07 08:02:50,2024-11-07 09:11:17,2024-11-07 13:54:03,MUM,SUP-001,SKU-002,881,INV-169618,Shift B,Team 1
SHP-00509,2024-11-05 15:52:10,2024-11-05 17:17:21,2024-11-05 22:59:43,BLR,SUP-008,SKU-005,1345,INV-630612,Shift C,Team 1
SHP-00510,2024-11-24 19:28:02,2024-11-24 20:29:59,2024-11-25 02:10:44,MUM,SUP-006,SKU-009,439,INV-575011,Shift C,Team 1
SHP-00511,2024-11-09 15:03:15,2024-11-09 16:36:33,2024-11-09 20:09:46,MUM,SUP-008,SKU-016,1764,INV-344864,Shift A,Team 3
SHP-00512,2024-11-08 10:21:52,2024-11-08 11:42:14,2024-11-08 14:13:32,DEL,SUP-001,SKU-004,1213,INV-243345,Shift C,Team 1
SHP-00513,2024-12-01 08:46:28,2024-12-01 09:49:36,2024-12-01 12:15:47,BLR,SUP-005,SKU-017,1884,INV-773744,Shift A,Team 1
SHP-00514,2024-09-22 10:52:49,2024-09-22 11:49:50,2024-09-22 13:44:25,BLR,SUP-006,SKU-004,873,INV-172322,Shift C,Team 2
SHP-00515,2024-09-10 08:21:16,2024-09-10 09:14:09,2024-09-10 13:36:55,DEL,SUP-007,SKU-009,1416,INV-935816,Shift B,Team 1
SHP-00516,2024-09-14 19:37:59,2024-09-14 21:29:55,2024-09-15 02:48:48,BLR,SUP-007,SKU-026,313,INV-987681,Shift B,Team 3
SHP-00517,2024-09-08 19:54:00,2024-09-08 20:39:54,2024-09-08 22:55:40,DEL,SUP-006,SKU-025,1539,INV-671232,Shift B,Team 3
SHP-00518,2025-02-21 08:47:05,2025-02-21 10:13:32,2025-02-21 10:46:44,BLR,SUP-002,SKU-007,1202,INV-545324,Shift A,Team 2
SHP-00519,2024-10-21 13:24:32,2024-10-21 13:55:43,2024-10-21 14:55:35,MUM,SUP-003,SKU-015,1585,INV-180659,Shift C,Team 3
SHP-00520,2024-12-23 08:34:27,2024-12-23 09:55:16,2024-12-23 10:38:19,DEL,SUP-005,SKU-010,504,INV-203685,Shift A,Team 2
SHP-00521,2025-01-11 08:36:47,2025-01-11 10:06:52,2025-01-11 15:08:23,DEL,SUP-001,SKU-019,1864,INV-839490,Shift C,Team 2
SHP-00522,2024-10-19 20:38:49,2024-10-19 21:27:07,2024-10-20 03:03:02,BLR,SUP-008,SKU-014,1995,INV-401781,Shift A,Team 3
SHP-00523,2024-10-27 09:39:42,2024-10-27 11:02:56,2024-10-27 17:08:20,MUM,SUP-003,SKU-004,1088,INV-662051,Shift B,Team 2
SHP-00524,2025-01-05 12:36:23,2025-01-05 14:36:07,2025-01-05 18:05:35,BLR,SUP-001,SKU-020,938,INV-951346,Shift A,Team 2
SHP-00525,2024-10-21 20:58:13,2024-10-21 22:25:19,2024-10-22 04:14:27,DEL,SUP-001,SKU-014,1924,INV-703075,Shift C,Team 3
SHP-00526,2024-10-02 09:43:50,2024-10-02 11:17:28,2024-10-02 14:44:29,MUM,SUP-004,SKU-023,1111,INV-535805,Shift B,Team 2
SHP-00527,2024-09-06 08:43:58,2024-09-06 10:07:57,2024-09-06 12:59:27,MUM,SUP-007,SKU-016,1709,INV-533966,Shift B,Team 1
SHP-00528,2024-09-17 15:38:11,2024-09-17 17:37:57,2024-09-17 17:08:43,BLR,SUP-004,SKU-011,1333,INV-391383,Shift A,Team 1
SHP-00529,2024-12-23 06:51:31,2024-12-23 08:37:55,2024-12-23 09:09:54,BLR,SUP-004,SKU-008,1239,INV-381715,Shift C,Team 3
SHP-00530,2024-12-15 14:51:58,2024-12-15 15:28:29,2024-12-15 19:37:53,MUM,SUP-008,SKU-026,1167,INV-543942,Shift C,Team 1
SHP-00531,2024-10-17 10:35:32,2024-10-17 11:49:29,2024-10-17 17:26:20,BLR,SUP-001,SKU-016,821,INV-198343,Shift B,Team 2
SHP-00532,2024-09-12 19:31:12,2024-09-12 20:30:40,2024-09-13 00:42:20,DEL,SUP-005,SKU-004,1464,INV-953805,Shift B,Team 1
SHP-00533,2025-01-16 16:26:46,2025-01-16 16:59:11,2025-01-16 19:35:32,DEL,SUP-004,SKU-027,1747,INV-914601,Shift B,Team 1
SHP-00534,2024-09-30 10:31:43,2024-09-30 12:18:20,2024-09-30 14:46:34,BLR,SUP-007,SKU-007,940,INV-422090,Shift A,Team 2
SHP-00535,2024-11-29 20:12:32,2024-11-29 20:52:26,2024-11-30 02:35:24,DEL,SUP-008,SKU-008,1909,INV-888118,Shift A,Team 2
SHP-00536,2024-10-11 20:28:24,2024-10-11 21:49:29,2024-10-11 23:16:57,MUM,SUP-006,SKU-026,667,INV-870770,Shift C,Team 2
SHP-00537,2024-12-27 09:51:02,2024-12-27 11:18:04,2024-12-27 16:42:44,BLR,SUP-003,SKU-011,844,INV-770416,Shift A,Team 2
SHP-00538,2024-09-18 18:34:16,2024-09-18 19:38:04,2024-09-19 00:10:58,BLR,SUP-002,SKU-029,1264,INV-413136,Shift C,Team 1
SHP-00539,2025-01-17 17:55:11,2025-01-17 19:48:38,2025-01-17 19:34:39,MUM,SUP-006,SKU-029,1314,INV-102600,Shift A,Team 3
SHP-00540,2024-11-19 08:37:34,2024-11-19 09:38:28,2024-11-19 14:56:08,BLR,SUP-004,SKU-013,1685,INV-972146,Shift B,Team 2
SHP-00541,2024-11-30 19:59:26,2024-11-30 20:52:27,2024-12-01 03:02:34,BLR,SUP-008,SKU-019,729,INV-247515,Shift A,Team 3
SHP-00542,2024-12-03 07:33:04,2024-12-03 08:23:39,2024-12-03 14:30:53,MUM,SUP-008,SKU-004,1119,INV-891704,Shift A,Team 1
SHP-00543,2024-11-19 11:36:50,2024-11-19 13:30:06,2024-11-19 13:30:38,BLR,SUP-002,SKU-023,973,INV-491948,Shift C,Team 2
SHP-00544,2024-10-09 18:10:23,2024-10-09 19:55:02,2024-10-09 21:25:39,MUM,SUP-002,SKU-003,388,INV-220016,Shift B,Team 3
SHP-00545,2025-01-24 16:05:32,2025-01-24 17:16:45,2025-01-24 22:16:56,BLR,SUP-006,SKU-014,1101,INV-324034,Shift A,Team 1
SHP-00546,2025-01-12 20:04:15,2025-01-12 20:34:59,2025-01-13 02:49:12,BLR,SUP-006,SKU-007,1132,INV-399279,Shift A,Team 2
SHP-00547,2024-12-06 15:56:31,2024-12-06 17:05:43,2024-12-06 20:24:55,MUM,SUP-004,SKU-012,821,INV-154282,Shift C,Team 3
SHP-00548,2024-10-19 20:22:22,2024-10-19 21:37:33,2024-10-20 02:41:57,MUM,SUP-008,SKU-004,1321,INV-355022,Shift A,Team 2
SHP-00549,2025-02-06 09:26:17,2025-02-06 10:03:52,2025-02-06 12:10:29,MUM,SUP-002,SKU-022,1119,INV-362322,Shift A,Team 2
SHP-00550,2025-01-23 08:08:49,2025-01-23 09:15:56,2025-01-23 12:32:06,DEL,SUP-001,SKU-021,381,INV-609487,Shift C,Team 1
SHP-00551,2024-09-26 11:04:21,2024-09-26 11:43:07,2024-09-26 15:51:55,BLR,SUP-007,SKU-025,1174,INV-761506,Shift C,Team 2
SHP-00552,2024-12-25 09:29:29,2024-12-25 10:11:05,2024-12-25 13:31:51,DEL,SUP-001,SKU-011,1022,INV-526294,Shift C,Team 3
SHP-00553,2024-11-08 08:54:44,2024-11-08 09:24:56,2024-11-08 14:19:20,BLR,SUP-004,SKU-006,723,INV-356262,Shift C,Team 1
SHP-00554,2024-09-17 11:57:36,2024-09-17 12:51:18,2024-09-17 15:41:37,MUM,SUP-004,SKU-005,1045,INV-112831,Shift B,Team 1
SHP-00555,2025-01-11 19:18:39,2025-01-11 20:06:13,2025-01-11 21:07:39,BLR,SUP-007,SKU-015,1332,INV-451525,Shift C,Team 3
SHP-00556,2025-01-23 17:21:41,2025-01-23 19:13:35,2025-01-24 00:30:57,MUM,SUP-006,SKU-019,1033,INV-971306,Shift A,Team 1
SHP-00557,2025-01-18 13:54:02,2025-01-18 14:32:38,2025-01-18 17:07:49,BLR,SUP-003,SKU-027,1471,INV-128635,Shift B,Team 2
SHP-00558,2024-12-01 20:16:47,2024-12-01 20:56:03,2024-12-02 00:39:43,BLR,SUP-006,SKU-027,1245,INV-874410,Shift C,Team 3
SHP-00559,2025-01-25 12:43:23,2025-01-25 13:21:58,2025-01-25 15:04:23,BLR,SUP-007,SKU-029,1596,INV-361985,Shift A,Team 3
SHP-00560,2025-02-06 12:47:45,2025-02-06 13:29:20,2025-02-06 17:24:42,MUM,SUP-005,SKU-021,204,INV-139172,Shift A,Team 2
SHP-00561,2025-01-19 08:31:44,2025-01-19 10:29:42,2025-01-19 11:25:18,BLR,SUP-003,SKU-029,1904,INV-149483,Shift B,Team 2
SHP-00562,2024-10-18 21:45:28,2024-10-18 22:17:57,2024-10-19 00:05:49,BLR,SUP-001,SKU-001,455,INV-991642,Shift A,Team 1
SHP-00563,2024-09-25 20:36:36,2024-09-25 21:29:38,2024-09-26 02:39:32,MUM,SUP-004,SKU-016,943,INV-703849,Shift A,Team 1
SHP-00564,2024-11-12 16:18:20,2024-11-12 17:04:01,2024-11-12 19:10:21,BLR,SUP-007,SKU-018,596,INV-222414,Shift A,Team 1
SHP-00565,2024-11-09 21:36:11,2024-11-09 22:59:59,2024-11-10 00:33:46,BLR,SUP-007,SKU-009,592,INV-812271,Shift B,Team 2
SHP-00566,2025-02-13 17:56:03,2025-02-13 18:53:26,2025-02-13 20:11:30,MUM,SUP-005,SKU-011,1085,INV-910040,Shift B,Team 3
SHP-00567,2024-09-14 11:43:35,2024-09-14 13:24:58,2024-09-14 15:52:58,BLR,SUP-007,SKU-007,885,INV-550257,Shift A,Team 2
SHP-00568,2024-10-15 13:01:55,2024-10-15 13:36:49,2024-10-15 15:34:30,DEL,SUP-006,SKU-021,398,INV-359540,Shift B,Team 2
SHP-00569,2025-01-02 11:12:26,2025-01-02 12:25:03,2025-01-02 16:31:38,MUM,SUP-004,SKU-008,349,INV-390170,Shift C,Team 3
SHP-00570,2024-11-21 21:39:57,2024-11-21 23:06:13,2024-11-22 02:28:00,DEL,SUP-008,SKU-026,461,INV-970713,Shift A,Team 2
SHP-00571,2024-09-17 11:54:06,2024-09-17 13:33:48,2024-09-17 15:49:49,DEL,SUP-003,SKU-008,1970,INV-502284,Shift B,Team 2
SHP-00572,2025-02-17 17:25:58,2025-02-17 18:46:36,2025-02-17 23:49:02,BLR,SUP-008,SKU-017,872,INV-901144,Shift B,Team 1
SHP-00573,2024-11-07 12:53:33,2024-11-07 13:45:43,2024-11-07 16:36:39,DEL,SUP-001,SKU-005,1832,INV-749685,Shift B,Team 2
SHP-00574,2025-01-20 19:49:26,2025-01-20 20:43:26,2025-01-20 23:07:30,MUM,SUP-006,SKU-010,1435,INV-329822,Shift A,Team 2
SHP-00575,2025-01-24 19:47:19,2025-01-24 21:20:09,2025-01-25 02:22:58,DEL,SUP-008,SKU-030,612,INV-915220,Shift B,Team 2
SHP-00576,2025-01-26 12:29:59,2025-01-26 13:28:35,2025-01-26 16:36:20,BLR,SUP-004,SKU-011,532,INV-688453,Shift C,Team 3
SHP-00577,2025-02-08 09:56:27,2025-02-08 11:49:47,2025-02-08 15:34:38,DEL,SUP-006,SKU-026,1715,INV-884269,Shift A,Team 1
SHP-00578,2024-11-16 14:45:38,2024-11-16 16:34:36,2024-11-16 17:59:54,BLR,SUP-007,SKU-030,1767,INV-617843,Shift C,Team 1
SHP-00579,2025-01-23 09:48:21,2025-01-23 10:48:50,2025-01-23 13:05:34,MUM,SUP-008,SKU-004,242,INV-776186,Shift C,Team 2
SHP-00580,2025-02-24 09:52:14,2025-02-24 11:29:16,2025-02-24 17:04:33,DEL,SUP-004,SKU-029,1656,INV-439719,Shift B,Team 1
SHP-00581,2024-12-23 17:34:22,2024-12-23 18:30:09,2024-12-24 00:42:50,MUM,SUP-007,SKU-028,1296,INV-358317,Shift C,Team 3
SHP-00582,2024-09-22 19:35:23,2024-09-22 21:16:01,2024-09-22 21:14:48,DEL,SUP-003,SKU-020,332,INV-410415,Shift C,Team 2
SHP-00583,2025-01-04 18:55:45,2025-01-04 19:47:01,2025-01-04 23:58:14,MUM,SUP-002,SKU-026,1395,INV-535453,Shift A,Team 2
SHP-00584,2025-01-27 10:14:00,2025-01-27 11:44:39,2025-01-27 16:53:46,MUM,SUP-002,SKU-009,1327,INV-512773,Shift C,Team 3
SHP-00585,2025-02-09 11:59:37,2025-02-09 13:11:12,2025-02-09 14:40:27,DEL,SUP-001,SKU-016,849,INV-621250,Shift A,Team 2
SHP-00586,2025-01-13 16:13:12,2025-01-13 16:48:30,2025-01-13 18:30:17,DEL,SUP-001,SKU-009,666,INV-200053,Shift B,Team 3
SHP-00587,2024-11-12 11:41:18,2024-11-12 13:24:36,2024-11-12 16:52:10,MUM,SUP-001,SKU-023,1715,INV-682936,Shift A,Team 2
SHP-00588,2025-02-18 07:10:36,2025-02-18 08:32:14,2025-02-18 13:04:05,MUM,SUP-002,SKU-025,505,INV-399342,Shift B,Team 1
SHP-00589,2024-11-29 19:44:35,2024-11-29 20:41:23,2024-11-30 00:47:46,BLR,SUP-007,SKU-023,1055,INV-292878,Shift B,Team 3
SHP-00590,2025-01-08 20:04:02,2025-01-08 20:47:00,2025-01-08 23:14:06,DEL,SUP-003,SKU-011,661,INV-507477,Shift C,Team 2
SHP-00591,2024-09-13 22:00:32,2024-09-13 23:07:02,2024-09-14 01:34:33,MUM,SUP-004,SKU-021,1836,INV-726888,Shift A,Team 2
SHP-00592,2025-01-03 09:08:27,2025-01-03 11:02:13,2025-01-03 11:28:22,BLR,SUP-005,SKU-015,1508,INV-111899,Shift A,Team 2
SHP-00593,2024-10-20 10:50:10,2024-10-20 11:43:47,2024-10-20 17:15:37,BLR,SUP-002,SKU-010,1550,INV-800207,Shift A,Team 1
SHP-00594,2024-10-01 09:38:29,2024-10-01 11:11:43,2024-10-01 14:59:37,MUM,SUP-005,SKU-024,340,INV-694707,Shift B,Team 1
SHP-00595,2025-02-03 16:49:30,2025-02-03 18:00:08,2025-02-03 22:02:51,BLR,SUP-007,SKU-009,613,INV-815053,Shift C,Team 1
SHP-00596,2024-12-30 15:41:59,2024-12-30 16:31:50,2024-12-30 18:30:37,MUM,SUP-002,SKU-010,1523,INV-508556,Shift A,Team 1
SHP-00597,2024-10-20 21:11:28,2024-10-20 22:51:04,2024-10-21 00:47:26,DEL,SUP-007,SKU-023,1364,INV-913769,Shift C,Team 1
SHP-00598,2024-10-27 21:53:39,2024-10-27 22:48:08,2024-10-28 02:48:01,BLR,SUP-002,SKU-025,1332,INV-304144,Shift A,Team 1
SHP-00599,2024-10-26 15:14:51,2024-10-26 16:09:19,2024-10-26 18:22:50,MUM,SUP-007,SKU-024,1145,INV-973705,Shift B,Team 3
SHP-00600,2024-12-30 14:23:37,2024-12-30 16:19:45,2024-12-30 20:41:39,BLR,SUP-002,SKU-018,1545,INV-395118,Shift A,Team 3
