order_id,shipment_id,sku,warehouse,date,host_ord_qty,shipped_qty,short_qty,shift,team,flow
ORD-524523,SHP-00601,SKU-022,DEL,2024-09-26,440,440,0,Shift B,Team 1,B2C
ORD-941553,SHP-00602,SKU-026,BLR,2024-12-23,317,317,0,Shift C,Team 3,B2B
ORD-899038,SHP-00603,SKU-003,BLR,2024-12-06,58,58,0,Shift C,Team 3,B2C
ORD-677218,SHP-00604,SKU-027,DEL,2024-10-13,217,217,0,Shift C,Team 2,B2B
ORD-875497,SHP-00605,SKU-001,MUM,2024-10-25,249,239,10,Shift C,Team 3,B2B2C
ORD-495618,SHP-00606,SKU-026,DEL,2025-02-01,485,485,0,Shift C,Team 2,B2C
ORD-665071,SHP-00607,SKU-016,MUM,2024-10-15,84,84,0,Shift C,Team 3,B2C
ORD-528430,SHP-00608,SKU-029,DEL,2024-09-04,113,113,0,Shift C,Team 1,B2C
ORD-996675,SHP-00609,SKU-015,MUM,2024-10-09,428,428,0,Shift C,Team 1,B2C
ORD-189132,SHP-00610,SKU-008,MUM,2024-10-29,155,155,0,Shift B,Team 3,B2C
ORD-184718,SHP-00611,SKU-007,BLR,2024-11-22,76,76,0,Shift A,Team 1,B2B2C
ORD-850596,SHP-00612,SKU-006,DEL,2024-09-21,419,419,0,Shift B,Team 1,B2C
ORD-969551,SHP-00613,SKU-017,BLR,2025-01-02,362,362,0,Shift B,Team 2,B2C
ORD-100054,SHP-00614,SKU-009,DEL,2025-01-16,244,244,0,Shift C,Team 2,B2B
ORD-629722,SHP-00615,SKU-012,DEL,2024-10-10,301,301,0,Shift B,Team 1,B2B2C
ORD-615264,SHP-00616,SKU-013,BLR,2024-12-14,339,339,0,Shift C,Team 2,B2C
ORD-858334,SHP-00617,SKU-002,BLR,2024-09-15,466,466,0,Shift C,Team 1,B2B
ORD-317566,SHP-00618,SKU-022,BLR,2024-11-05,480,480,0,Shift B,Team 3,B2B2C
ORD-119552,SHP-00619,SKU-023,BLR,2025-01-11,204,193,11,Shift B,Team 2,B2B
ORD-919503,SHP-00620,SKU-027,BLR,2025-02-10,123,123,0,Shift B,Team 2,B2B2C
ORD-340465,SHP-00621,SKU-014,MUM,2024-09-18,137,137,0,Shift B,Team 2,B2C
ORD-964890,SHP-00622,SKU-006,DEL,2024-10-25,464,464,0,Shift C,Team 3,B2C
ORD-934042,SHP-00623,SKU-008,BLR,2024-11-15,294,294,0,Shift C,Team 2,B2B
ORD-837157,SHP-00624,SKU-013,BLR,2024-09-25,358,358,0,Shift C,Team 3,B2B
ORD-940472,SHP-00625,SKU-012,BLR,2024-12-04,390,390,0,Shift B,Team 1,B2C
ORD-446489,SHP-00626,SKU-009,MUM,2024-09-07,408,399,9,Shift A,Team 3,B2B
ORD-840006,SHP-00627,SKU-026,BLR,2024-09-01,426,426,0,Shift B,Team 2,B2B2C
ORD-494675,SHP-00628,SKU-004,DEL,2024-12-31,425,425,0,Shift B,Team 3,B2B
ORD-897537,SHP-00629,SKU-006,BLR,2024-10-03,278,278,0,Shift A,Team 3,B2B2C
ORD-356370,SHP-00630,SKU-030,BLR,2024-12-21,217,217,0,Shift C,Team 2,B2B2C
ORD-803776,SHP-00631,SKU-008,BLR,2025-01-15,344,344,0,Shift B,Team 1,B2C
ORD-331457,SHP-00632,SKU-004,BLR,2024-12-21,198,198,0,Shift A,Team 3,B2B
ORD-183326,SHP-00633,SKU-007,BLR,2024-11-20,483,483,0,Shift A,Team 2,B2B2C
ORD-730280,SHP-00634,SKU-028,BLR,2024-10-27,285,285,0,Shift B,Team 1,B2B2C
ORD-101608,SHP-00635,SKU-011,DEL,2024-10-08,208,208,0,Shift B,Team 3,B2B2C
ORD-254591,SHP-00636,SKU-027,DEL,2024-12-06,416,416,0,Shift C,Team 2,B2C
ORD-494314,SHP-00637,SKU-013,DEL,2024-11-16,222,222,0,Shift B,Team 1,B2B
ORD-535110,SHP-00638,SKU-004,BLR,2024-10-20,117,117,0,Shift A,Team 1,B2B
ORD-326106,SHP-00639,SKU-026,BLR,2024-10-06,433,433,0,Shift B,Team 2,B2B2C
ORD-759415,SHP-00640,SKU-016,DEL,2024-10-14,141,141,0,Shift C,Team 2,B2C
ORD-726785,SHP-00641,SKU-006,DEL,2024-09-09,384,384,0,Shift B,Team 3,B2B2C
ORD-343929,SHP-00642,SKU-004,MUM,2024-12-04,300,300,0,Shift A,Team 3,B2B
ORD-257851,SHP-00643,SKU-019,MUM,2025-01-30,114,114,0,Shift A,Team 1,B2C
ORD-542162,SHP-00644,SKU-019,MUM,2025-01-14,325,325,0,Shift A,Team 2,B2B2C
ORD-150139,SHP-00645,SKU-019,DEL,2024-10-17,155,155,0,Shift B,Team 1,B2B
ORD-416096,SHP-00646,SKU-022,DEL,2024-12-03,50,50,0,Shift B,Team 2,B2C
ORD-548798,SHP-00647,SKU-018,MUM,2025-01-04,311,311,0,Shift A,Team 3,B2C
ORD-506977,SHP-00648,SKU-005,DEL,2025-01-20,423,423,0,Shift A,Team 2,B2C
ORD-830459,SHP-00649,SKU-021,MUM,2024-11-05,425,425,0,Shift A,Team 3,B2B2C
ORD-681192,SHP-00650,SKU-026,BLR,2024-12-17,272,272,0,Shift C,Team 2,B2C
ORD-619879,SHP-00651,SKU-005,BLR,2024-09-17,494,494,0,Shift B,Team 3,B2C
ORD-781640,SHP-00652,SKU-027,DEL,2025-01-13,463,463,0,Shift A,Team 2,B2B2C
ORD-245057,SHP-00653,SKU-026,DEL,2024-11-21,322,322,0,Shift C,Team 2,B2B
ORD-582025,SHP-00654,SKU-024,BLR,2025-02-16,186,186,0,Shift B,Team 1,B2B
ORD-588354,SHP-00655,SKU-023,MUM,2024-12-22,466,466,0,Shift B,Team 3,B2C
ORD-378017,SHP-00656,SKU-003,DEL,2024-11-01,430,430,0,Shift A,Team 1,B2C
ORD-471920,SHP-00657,SKU-013,BLR,2025-01-06,57,57,0,Shift A,Team 2,B2B2C
ORD-309422,SHP-00658,SKU-006,MUM,2025-02-03,395,395,0,Shift B,Team 1,B2B
ORD-594072,SHP-00659,SKU-022,BLR,2024-12-18,177,177,0,Shift A,Team 3,B2B
ORD-716940,SHP-00660,SKU-030,DEL,2024-12-10,379,379,0,Shift A,Team 1,B2B2C
ORD-698711,SHP-00661,SKU-013,MUM,2024-12-27,231,231,0,Shift B,Team 3,B2B
ORD-490700,SHP-00662,SKU-008,MUM,2024-09-02,290,290,0,Shift B,Team 2,B2B2C
ORD-353931,SHP-00663,SKU-023,DEL,2024-10-12,151,151,0,Shift C,Team 2,B2B2C
ORD-356026,SHP-00664,SKU-016,DEL,2025-01-01,331,331,0,Shift C,Team 2,B2B2C
ORD-483209,SHP-00665,SKU-001,MUM,2024-10-04,442,442,0,Shift A,Team 2,B2B
ORD-809711,SHP-00666,SKU-008,MUM,2024-11-12,366,366,0,Shift A,Team 2,B2C
ORD-816741,SHP-00667,SKU-020,BLR,2024-10-21,142,131,11,Shift C,Team 1,B2B
ORD-130307,SHP-00668,SKU-028,MUM,2024-12-19,76,76,0,Shift C,Team 3,B2B
ORD-871345,SHP-00669,SKU-008,BLR,2024-11-17,213,213,0,Shift A,Team 2,B2B2C
ORD-964521,SHP-00670,SKU-016,MUM,2025-02-03,236,224,12,Shift B,Team 1,B2B
ORD-902562,SHP-00671,SKU-013,MUM,2025-01-29,94,94,0,Shift C,Team 3,B2B2C
ORD-518489,SHP-00672,SKU-018,BLR,2024-12-24,366,366,0,Shift B,Team 1,B2B
ORD-816017,SHP-00673,SKU-012,DEL,2024-11-04,237,237,0,Shift B,Team 3,B2B
ORD-569575,SHP-00674,SKU-002,BLR,2025-02-01,339,339,0,Shift B,Team 2,B2C
ORD-865634,SHP-00675,SKU-020,BLR,2024-10-13,189,189,0,Shift B,Team 2,B2C
ORD-197527,SHP-00676,SKU-023,BLR,2025-01-13,187,187,0,Shift C,Team 3,B2B2C
ORD-610510,SHP-00677,SKU-018,DEL,2024-11-09,109,109,0,Shift C,Team 1,B2C
ORD-868687,SHP-00678,SKU-002,BLR,2024-12-14,370,370,0,Shift C,Team 2,B2C
ORD-919958,SHP-00679,SKU-021,DEL,2024-09-28,374,374,0,Shift B,Team 3,B2B
ORD-116591,SHP-00680,SKU-012,BLR,2024-12-24,125,125,0,Shift C,Team 2,B2B2C
ORD-523746,SHP-00681,SKU-013,DEL,2024-10-17,401,401,0,Shift B,Team 3,B2B2C
ORD-652341,SHP-00682,SKU-020,MUM,2024-10-06,101,101,0,Shift C,Team 3,B2B
ORD-272041,SHP-00683,SKU-026,DEL,2024-11-08,104,104,0,Shift C,Team 1,B2B2C
ORD-865455,SHP-00684,SKU-018,MUM,2024-11-24,404,404,0,Shift A,Team 3,B2B2C
ORD-543351,SHP-00685,SKU-012,DEL,2024-10-07,385,385,0,Shift B,Team 1,B2C
ORD-604552,SHP-00686,SKU-012,DEL,2024-09-29,89,89,0,Shift C,Team 1,B2B2C
ORD-283223,SHP-00687,SKU-020,MUM,2025-02-01,468,468,0,Shift A,Team 1,B2C
ORD-170498,SHP-00688,SKU-005,MUM,2024-10-09,249,249,0,Shift A,Team 1,B2B2C
ORD-133797,SHP-00689,SKU-014,BLR,2024-09-24,296,296,0,Shift B,Team 2,B2C
ORD-355470,SHP-00690,SKU-018,DEL,2025-01-19,324,324,0,Shift A,Team 3,B2B2C
ORD-365636,SHP-00691,SKU-016,BLR,2024-10-31,118,118,0,Shift B,Team 3,B2B2C
ORD-275803,SHP-00692,SKU-030,DEL,2024-10-07,265,265,0,Shift B,Team 2,B2C
ORD-967815,SHP-00693,SKU-003,BLR,2024-09-07,294,294,0,Shift A,Team 1,B2B
ORD-375204,SHP-00694,SKU-024,DEL,2024-12-16,121,121,0,Shift B,Team 1,B2B
ORD-857079,SHP-00695,SKU-017,BLR,2024-09-29,132,129,3,Shift A,Team 3,B2C
ORD-979024,SHP-00696,SKU-003,BLR,2024-10-29,317,317,0,Shift B,Team 1,B2B2C
ORD-815085,SHP-00697,SKU-027,DEL,2024-09-20,244,244,0,Shift C,Team 2,B2C
ORD-621038,SHP-00698,SKU-004,MUM,2024-09-08,83,83,0,Shift B,Team 2,B2B
ORD-313443,SHP-00699,SKU-002,DEL,2024-09-22,211,211,0,Shift B,Team 1,B2B2C
ORD-109083,SHP-00700,SKU-011,DEL,2024-12-01,258,258,0,Shift A,Team 2,B2B2C
ORD-380531,SHP-00701,SKU-023,MUM,2024-09-10,168,168,0,Shift B,Team 2,B2B2C
ORD-466227,SHP-00702,SKU-015,BLR,2025-02-14,452,452,0,Shift A,Team 3,B2B2C
ORD-482394,SHP-00703,SKU-016,BLR,2024-10-24,99,99,0,Shift C,Team 1,B2B2C
ORD-677112,SHP-00704,SKU-006,DEL,2024-12-26,84,84,0,Shift C,Team 2,B2C
ORD-945918,SHP-00705,SKU-002,MUM,2024-12-23,236,236,0,Shift C,Team 1,B2B2C
ORD-840170,SHP-00706,SKU-015,BLR,2024-12-05,184,184,0,Shift C,Team 1,B2B
ORD-493329,SHP-00707,SKU-003,DEL,2024-10-10,164,155,9,Shift B,Team 2,B2B2C
ORD-215974,SHP-00708,SKU-030,MUM,2024-10-17,253,253,0,Shift B,Team 2,B2C
ORD-286452,SHP-00709,SKU-021,MUM,2024-09-30,159,159,0,Shift A,Team 3,B2B
ORD-716139,SHP-00710,SKU-025,MUM,2024-10-25,400,393,7,Shift A,Team 2,B2B2C
ORD-699722,SHP-00711,SKU-003,DEL,2024-12-17,269,269,0,Shift A,Team 3,B2B2C
ORD-867913,SHP-00712,SKU-013,MUM,2024-12-21,471,471,0,Shift A,Team 1,B2B2C
ORD-370743,SHP-00713,SKU-005,BLR,2025-02-18,284,284,0,Shift B,Team 1,B2C
ORD-736171,SHP-00714,SKU-015,MUM,2024-12-25,377,377,0,Shift A,Team 2,B2B
ORD-737813,SHP-00715,SKU-001,BLR,2024-12-06,239,239,0,Shift B,Team 3,B2C
ORD-353925,SHP-00716,SKU-014,MUM,2024-12-15,317,317,0,Shift A,Team 3,B2B2C
ORD-281811,SHP-00717,SKU-010,BLR,2024-12-21,409,409,0,Shift A,Team 3,B2C
ORD-302576,SHP-00718,SKU-020,BLR,2024-12-15,328,328,0,Shift B,Team 1,B2B
ORD-521084,SHP-00719,SKU-026,MUM,2024-12-26,287,287,0,Shift A,Team 1,B2B
ORD-772256,SHP-00720,SKU-026,BLR,2025-02-16,262,262,0,Shift B,Team 2,B2B
ORD-165821,SHP-00721,SKU-013,MUM,2024-11-21,148,148,0,Shift B,Team 1,B2B
ORD-947739,SHP-00722,SKU-014,BLR,2024-12-13,168,168,0,Shift B,Team 2,B2B
ORD-658706,SHP-00723,SKU-025,BLR,2024-10-11,353,353,0,Shift A,Team 3,B2B2C
ORD-149757,SHP-00724,SKU-008,DEL,2025-02-10,384,384,0,Shift C,Team 3,B2C
ORD-675699,SHP-00725,SKU-004,MUM,2024-11-10,285,285,0,Shift B,Team 3,B2C
ORD-526536,SHP-00726,SKU-001,DEL,2024-10-24,261,261,0,Shift C,Team 3,B2C
ORD-939091,SHP-00727,SKU-028,MUM,2024-10-17,66,66,0,Shift B,Team 2,B2C
ORD-685484,SHP-00728,SKU-001,DEL,2024-11-05,324,324,0,Shift C,Team 1,B2B2C
ORD-248225,SHP-00729,SKU-016,DEL,2024-10-06,152,152,0,Shift B,Team 3,B2B2C
ORD-260118,SHP-00730,SKU-007,MUM,2024-12-12,401,401,0,Shift A,Team 2,B2C
ORD-748149,SHP-00731,SKU-011,MUM,2025-01-03,368,368,0,Shift C,Team 1,B2B
ORD-209724,SHP-00732,SKU-010,DEL,2024-09-09,359,359,0,Shift C,Team 3,B2C
ORD-823540,SHP-00733,SKU-011,MUM,2024-12-01,112,105,7,Shift C,Team 1,B2B
ORD-890369,SHP-00734,SKU-007,DEL,2024-12-08,102,102,0,Shift C,Team 3,B2B2C
ORD-267811,SHP-00735,SKU-004,MUM,2024-10-21,113,113,0,Shift C,Team 2,B2B
ORD-229496,SHP-00736,SKU-013,DEL,2024-12-28,68,68,0,Shift B,Team 3,B2B
ORD-627913,SHP-00737,SKU-016,DEL,2024-11-10,363,363,0,Shift A,Team 1,B2B2C
ORD-949925,SHP-00738,SKU-001,DEL,2024-09-27,121,121,0,Shift B,Team 2,B2B2C
ORD-781976,SHP-00739,SKU-009,MUM,2024-09-14,218,218,0,Shift B,Team 3,B2B2C
ORD-253103,SHP-00740,SKU-019,BLR,2024-10-03,485,485,0,Shift A,Team 3,B2B
ORD-620690,SHP-00741,SKU-010,BLR,2024-11-11,414,414,0,Shift C,Team 3,B2B
ORD-111662,SHP-00742,SKU-007,BLR,2025-01-05,289,289,0,Shift B,Team 3,B2B
ORD-938496,SHP-00743,SKU-005,BLR,2024-11-19,162,162,0,Shift C,Team 3,B2B2C
ORD-235797,SHP-00744,SKU-028,MUM,2024-11-11,345,345,0,Shift A,Team 3,B2B2C
ORD-837630,SHP-00745,SKU-018,MUM,2024-09-08,93,93,0,Shift A,Team 1,B2B
ORD-776738,SHP-00746,SKU-030,MUM,2024-09-26,266,266,0,Shift C,Team 2,B2C
ORD-745592,SHP-00747,SKU-002,BLR,2024-09-13,344,344,0,Shift B,Team 3,B2B
ORD-300670,SHP-00748,SKU-029,BLR,2024-12-10,404,404,0,Shift C,Team 2,B2B
ORD-466632,SHP-00749,SKU-030,MUM,2024-10-18,402,402,0,Shift A,Team 2,B2C
ORD-852058,SHP-00750,SKU-009,DEL,2024-12-19,89,89,0,Shift A,Team 2,B2B2C
ORD-124188,SHP-00751,SKU-017,DEL,2024-12-30,307,286,21,Shift C,Team 1,B2B2C
ORD-116709,SHP-00752,SKU-012,MUM,2025-01-18,284,271,13,Shift B,Team 1,B2C
ORD-281930,SHP-00753,SKU-022,BLR,2024-11-09,122,122,0,Shift A,Team 2,B2B
ORD-476032,SHP-00754,SKU-029,DEL,2024-12-06,280,280,0,Shift B,Team 2,B2C
ORD-943729,SHP-00755,SKU-027,MUM,2024-12-16,363,363,0,Shift B,Team 3,B2B2C
ORD-852895,SHP-00756,SKU-010,DEL,2024-12-29,369,367,2,Shift C,Team 1,B2C
ORD-765388,SHP-00757,SKU-012,MUM,2024-11-12,388,388,0,Shift C,Team 3,B2B2C
ORD-556813,SHP-00758,SKU-024,BLR,2024-09-23,150,150,0,Shift B,Team 3,B2C
ORD-198323,SHP-00759,SKU-006,DEL,2024-12-12,338,338,0,Shift B,Team 2,B2B2C
ORD-552371,SHP-00760,SKU-019,DEL,2024-10-22,371,371,0,Shift A,Team 1,B2B2C
ORD-656629,SHP-00761,SKU-030,MUM,2024-12-29,336,336,0,Shift C,Team 3,B2C
ORD-499420,SHP-00762,SKU-019,DEL,2024-12-05,499,499,0,Shift B,Team 2,B2B2C
ORD-177666,SHP-00763,SKU-004,BLR,2024-09-22,470,454,16,Shift A,Team 2,B2B2C
ORD-778590,SHP-00764,SKU-016,BLR,2024-10-23,119,112,7,Shift A,Team 1,B2B2C
ORD-192467,SHP-00765,SKU-004,DEL,2024-10-22,176,176,0,Shift A,Team 3,B2B
ORD-109564,SHP-00766,SKU-018,MUM,2024-10-18,183,183,0,Shift B,Team 2,B2B2C
ORD-889825,SHP-00767,SKU-010,DEL,2024-10-14,391,391,0,Shift B,Team 1,B2B2C
ORD-324729,SHP-00768,SKU-004,DEL,2024-12-18,338,338,0,Shift C,Team 1,B2B
ORD-896842,SHP-00769,SKU-017,MUM,2024-10-06,488,488,0,Shift C,Team 3,B2C
ORD-646366,SHP-00770,SKU-009,DEL,2024-11-26,451,451,0,Shift C,Team 2,B2B2C
ORD-276672,SHP-00771,SKU-009,MUM,2025-02-16,116,116,0,Shift C,Team 3,B2C
ORD-717738,SHP-00772,SKU-016,DEL,2024-10-11,397,397,0,Shift C,Team 1,B2C
ORD-690723,SHP-00773,SKU-025,MUM,2024-09-16,241,241,0,Shift C,Team 1,B2C
ORD-561897,SHP-00774,SKU-022,DEL,2024-10-22,196,196,0,Shift A,Team 3,B2B
ORD-197492,SHP-00775,SKU-012,DEL,2025-02-09,446,446,0,Shift C,Team 2,B2C
ORD-159030,SHP-00776,SKU-016,BLR,2024-10-19,306,306,0,Shift C,Team 2,B2B2C
ORD-789447,SHP-00777,SKU-008,MUM,2025-01-24,76,76,0,Shift C,Team 2,B2C
ORD-683630,SHP-00778,SKU-010,MUM,2024-09-18,88,88,0,Shift B,Team 3,B2B2C
ORD-757236,SHP-00779,SKU-002,BLR,2024-09-29,223,223,0,Shift C,Team 3,B2C
ORD-447842,SHP-00780,SKU-023,MUM,2025-01-05,477,477,0,Shift B,Team 3,B2B2C
ORD-274901,SHP-00781,SKU-021,DEL,2024-10-04,229,229,0,Shift B,Team 3,B2B2C
ORD-294585,SHP-00782,SKU-018,DEL,2024-12-07,296,296,0,Shift A,Team 3,B2B
ORD-101688,SHP-00783,SKU-008,DEL,2025-02-05,168,168,0,Shift A,Team 3,B2B
ORD-491660,SHP-00784,SKU-002,BLR,2024-09-04,89,89,0,Shift A,Team 1,B2C
ORD-639218,SHP-00785,SKU-018,DEL,2025-02-03,155,155,0,Shift B,Team 2,B2B2C
ORD-814613,SHP-00786,SKU-017,BLR,2025-01-20,186,186,0,Shift B,Team 2,B2C
ORD-626785,SHP-00787,SKU-024,BLR,2024-09-21,333,333,0,Shift A,Team 3,B2C
ORD-940654,SHP-00788,SKU-009,BLR,2024-09-06,351,351,0,Shift C,Team 1,B2C
ORD-394362,SHP-00789,SKU-018,MUM,2024-12-08,76,70,6,Shift C,Team 2,B2B2C
ORD-253678,SHP-00790,SKU-027,MUM,2024-10-26,368,368,0,Shift A,Team 1,B2C
ORD-185103,SHP-00791,SKU-013,BLR,2024-12-28,289,289,0,Shift B,Team 2,B2C
ORD-843565,SHP-00792,SKU-002,MUM,2025-01-17,365,365,0,Shift B,Team 3,B2B2C
ORD-627377,SHP-00793,SKU-001,DEL,2025-01-24,275,275,0,Shift C,Team 3,B2C
ORD-842955,SHP-00794,SKU-011,MUM,2024-09-21,82,82,0,Shift B,Team 2,B2B
ORD-840036,SHP-00795,SKU-017,BLR,2025-02-06,490,485,5,Shift C,Team 2,B2B2C
ORD-264091,SHP-00796,SKU-008,MUM,2024-11-30,229,229,0,Shift B,Team 2,B2C
ORD-979787,SHP-00797,SKU-026,BLR,2024-09-19,234,234,0,Shift C,Team 3,B2B
ORD-748878,SHP-00798,SKU-019,DEL,2024-09-12,63,63,0,Shift B,Team 2,B2C
ORD-381249,SHP-00799,SKU-021,BLR,2024-12-06,90,90,0,Shift C,Team 2,B2C
ORD-175436,SHP-00800,SKU-002,BLR,2024-10-02,360,360,0,Shift B,Team 3,B2C
ORD-217013,SHP-00801,SKU-004,MUM,2024-11-02,404,404,0,Shift C,Team 2,B2C
ORD-547498,SHP-00802,SKU-008,DEL,2025-02-02,341,341,0,Shift A,Team 3,B2B
ORD-152240,SHP-00803,SKU-017,BLR,2024-11-06,125,125,0,Shift C,Team 1,B2C
ORD-957920,SHP-00804,SKU-016,DEL,2024-11-07,430,430,0,Shift A,Team 1,B2B
ORD-300981,SHP-00805,SKU-023,DEL,2024-12-09,200,200,0,Shift A,Team 1,B2B2C
ORD-598493,SHP-00806,SKU-015,BLR,2024-11-30,429,429,0,Shift C,Team 3,B2B
ORD-394421,SHP-00807,SKU-013,BLR,2024-10-09,214,214,0,Shift A,Team 1,B2B2C
ORD-667751,SHP-00808,SKU-017,MUM,2024-09-13,482,482,0,Shift C,Team 1,B2C
ORD-729357,SHP-00809,SKU-006,DEL,2025-01-11,110,110,0,Shift A,Team 2,B2C
ORD-151191,SHP-00810,SKU-007,MUM,2024-10-30,332,332,0,Shift C,Team 3,B2B2C
ORD-557067,SHP-00811,SKU-019,BLR,2024-09-02,268,268,0,Shift C,Team 3,B2B
ORD-135217,SHP-00812,SKU-009,DEL,2025-01-05,424,391,33,Shift B,Team 1,B2B
ORD-414585,SHP-00813,SKU-023,MUM,2024-11-25,402,402,0,Shift C,Team 1,B2B
ORD-449850,SHP-00814,SKU-021,MUM,2025-02-17,371,371,0,Shift A,Team 2,B2B2C
ORD-933157,SHP-00815,SKU-029,MUM,2025-01-03,95,95,0,Shift C,Team 2,B2C
ORD-209394,SHP-00816,SKU-013,BLR,2024-09-10,373,357,16,Shift B,Team 2,B2C
ORD-116538,SHP-00817,SKU-010,MUM,2025-01-03,99,99,0,Shift B,Team 1,B2B2C
ORD-512038,SHP-00818,SKU-012,BLR,2024-10-16,406,406,0,Shift A,Team 3,B2C
ORD-380308,SHP-00819,SKU-018,MUM,2024-11-14,445,445,0,Shift C,Team 2,B2B2C
ORD-619855,SHP-00820,SKU-027,MUM,2025-01-03,73,73,0,Shift A,Team 1,B2B2C
ORD-316227,SHP-00821,SKU-026,BLR,2025-02-04,244,244,0,Shift B,Team 3,B2C
ORD-166025,SHP-00822,SKU-013,DEL,2024-12-02,490,490,0,Shift A,Team 3,B2B2C
ORD-656495,SHP-00823,SKU-026,BLR,2024-09-10,298,298,0,Shift B,Team 2,B2C
ORD-815968,SHP-00824,SKU-024,DEL,2024-12-06,498,498,0,Shift A,Team 3,B2C
ORD-279005,SHP-00825,SKU-007,MUM,2025-01-17,475,475,0,Shift A,Team 2,B2C
ORD-991070,SHP-00826,SKU-013,MUM,2024-09-26,199,199,0,Shift C,Team 3,B2B
ORD-120562,SHP-00827,SKU-023,BLR,2024-11-02,105,105,0,Shift C,Team 2,B2C
ORD-435571,SHP-00828,SKU-021,MUM,2025-02-12,92,92,0,Shift C,Team 1,B2B
ORD-505041,SHP-00829,SKU-024,BLR,2025-01-24,222,222,0,Shift A,Team 2,B2C
ORD-736842,SHP-00830,SKU-021,BLR,2025-01-04,170,170,0,Shift B,Team 2,B2C
ORD-379964,SHP-00831,SKU-006,DEL,2024-09-20,151,151,0,Shift B,Team 3,B2C
ORD-688438,SHP-00832,SKU-004,BLR,2025-01-19,272,272,0,Shift C,Team 1,B2C
ORD-186178,SHP-00833,SKU-017,BLR,2024-11-14,359,359,0,Shift C,Team 3,B2B2C
ORD-204915,SHP-00834,SKU-005,DEL,2024-12-31,290,290,0,Shift C,Team 3,B2B
ORD-492843,SHP-00835,SKU-018,BLR,2024-09-25,165,165,0,Shift B,Team 1,B2B
ORD-821412,SHP-00836,SKU-009,MUM,2024-12-04,337,337,0,Shift B,Team 2,B2B
ORD-733355,SHP-00837,SKU-011,MUM,2025-01-23,344,344,0,Shift A,Team 2,B2B
ORD-550304,SHP-00838,SKU-030,MUM,2024-09-01,461,461,0,Shift B,Team 3,B2B2C
ORD-896220,SHP-00839,SKU-008,DEL,2024-12-22,336,336,0,Shift C,Team 1,B2B2C
ORD-452682,SHP-00840,SKU-023,BLR,2024-10-25,123,123,0,Shift C,Team 3,B2C
ORD-566554,SHP-00841,SKU-024,BLR,2024-10-16,267,267,0,Shift B,Team 2,B2C
ORD-710637,SHP-00842,SKU-010,DEL,2024-12-02,218,218,0,Shift A,Team 2,B2B
ORD-417710,SHP-00843,SKU-019,DEL,2024-12-11,471,471,0,Shift C,Team 3,B2C
ORD-842772,SHP-00844,SKU-023,MUM,2024-09-10,128,128,0,Shift A,Team 3,B2C
ORD-903036,SHP-00845,SKU-020,DEL,2024-11-20,427,427,0,Shift B,Team 3,B2C
ORD-206795,SHP-00846,SKU-022,BLR,2024-09-04,392,392,0,Shift B,Team 2,B2B2C
ORD-247706,SHP-00847,SKU-027,MUM,2025-02-03,51,51,0,Shift C,Team 1,B2B2C
ORD-742243,SHP-00848,SKU-024,DEL,2024-09-23,94,94,0,Shift A,Team 2,B2C
ORD-412956,SHP-00849,SKU-029,BLR,2024-09-21,492,476,16,Shift A,Team 2,B2B
ORD-586343,SHP-00850,SKU-007,DEL,2025-01-23,189,189,0,Shift B,Team 1,B2B
ORD-215122,SHP-00851,SKU-027,MUM,2024-12-03,137,137,0,Shift A,Team 2,B2B2C
ORD-576949,SHP-00852,SKU-007,BLR,2025-02-13,225,225,0,Shift A,Team 2,B2B2C
ORD-795428,SHP-00853,SKU-015,DEL,2024-09-09,350,342,8,Shift A,Team 3,B2C
ORD-607255,SHP-00854,SKU-021,BLR,2024-10-11,101,101,0,Shift A,Team 1,B2C
ORD-624792,SHP-00855,SKU-009,MUM,2025-01-30,420,390,30,Shift B,Team 2,B2C
ORD-459251,SHP-00856,SKU-019,DEL,2024-12-17,255,255,0,Shift B,Team 3,B2B2C
ORD-424031,SHP-00857,SKU-010,BLR,2025-01-24,455,455,0,Shift A,Team 2,B2B2C
ORD-780212,SHP-00858,SKU-028,DEL,2024-11-17,154,154,0,Shift B,Team 2,B2B
ORD-429330,SHP-00859,SKU-016,DEL,2024-11-28,392,392,0,Shift A,Team 1,B2B
ORD-490992,SHP-00860,SKU-024,MUM,2024-11-23,496,496,0,Shift B,Team 3,B2B
ORD-806898,SHP-00861,SKU-001,BLR,2025-02-03,362,362,0,Shift C,Team 3,B2C
ORD-726843,SHP-00862,SKU-006,DEL,2024-12-21,267,267,0,Shift B,Team 2,B2C
ORD-202467,SHP-00863,SKU-004,DEL,2025-01-11,385,385,0,Shift C,Team 2,B2C
ORD-925664,SHP-00864,SKU-025,MUM,2025-01-03,77,77,0,Shift C,Team 2,B2B2C
ORD-914423,SHP-00865,SKU-014,BLR,2024-11-25,322,322,0,Shift A,Team 2,B2B
ORD-877690,SHP-00866,SKU-028,BLR,2024-10-21,282,282,0,Shift C,Team 3,B2B2C
ORD-101972,SHP-00867,SKU-009,DEL,2024-11-04,141,141,0,Shift B,Team 1,B2C
ORD-519899,SHP-00868,SKU-003,DEL,2025-01-15,323,323,0,Shift C,Team 2,B2B2C
ORD-366847,SHP-00869,SKU-020,MUM,2025-01-13,420,420,0,Shift C,Team 2,B2B2C
ORD-855356,SHP-00870,SKU-024,BLR,2024-12-12,384,384,0,Shift C,Team 1,B2C
ORD-466267,SHP-00871,SKU-016,MUM,2025-01-17,160,160,0,Shift C,Team 2,B2B2C
ORD-143767,SHP-00872,SKU-026,MUM,2024-11-09,262,262,0,Shift C,Team 3,B2B
ORD-397167,SHP-00873,SKU-020,DEL,2024-09-05,473,473,0,Shift B,Team 3,B2C
ORD-583896,SHP-00874,SKU-005,BLR,2024-11-27,286,286,0,Shift A,Team 1,B2B2C
ORD-205668,SHP-00875,SKU-017,MUM,2024-09-21,239,239,0,Shift A,Team 1,B2C
ORD-810729,SHP-00876,SKU-025,BLR,2024-11-30,61,61,0,Shift A,Team 3,B2B
ORD-559621,SHP-00877,SKU-028,MUM,2024-09-25,131,131,0,Shift C,Team 1,B2C
ORD-928980,SHP-00878,SKU-022,MUM,2024-11-21,401,401,0,Shift C,Team 2,B2B2C
ORD-669372,SHP-00879,SKU-010,MUM,2024-11-13,51,51,0,Shift B,Team 3,B2B2C
ORD-654698,SHP-00880,SKU-020,MUM,2024-12-17,164,164,0,Shift B,Team 2,B2B2C
ORD-837815,SHP-00881,SKU-024,DEL,2024-11-03,357,357,0,Shift A,Team 1,B2B2C
ORD-706392,SHP-00882,SKU-011,DEL,2024-11-01,117,117,0,Shift A,Team 3,B2B2C
ORD-713812,SHP-00883,SKU-028,BLR,2024-10-16,131,131,0,Shift B,Team 2,B2C
ORD-470085,SHP-00884,SKU-009,MUM,2024-12-08,416,416,0,Shift A,Team 2,B2C
ORD-806537,SHP-00885,SKU-013,MUM,2024-11-14,416,392,24,Shift B,Team 3,B2B2C
ORD-147684,SHP-00886,SKU-005,MUM,2024-10-14,174,174,0,Shift B,Team 1,B2C
ORD-659917,SHP-00887,SKU-009,BLR,2024-11-06,340,340,0,Shift C,Team 1,B2C
ORD-324008,SHP-00888,SKU-021,MUM,2024-11-14,206,206,0,Shift A,Team 2,B2B
ORD-741824,SHP-00889,SKU-005,DEL,2024-12-08,349,349,0,Shift A,Team 1,B2C
ORD-732921,SHP-00890,SKU-017,MUM,2024-11-28,210,210,0,Shift B,Team 2,B2B
ORD-424802,SHP-00891,SKU-009,DEL,2024-09-04,361,361,0,Shift C,Team 1,B2C
ORD-805033,SHP-00892,SKU-002,BLR,2024-10-29,254,254,0,Shift A,Team 2,B2C
ORD-862503,SHP-00893,SKU-006,BLR,2024-09-15,403,403,0,Shift C,Team 2,B2C
ORD-165594,SHP-00894,SKU-027,BLR,2024-11-11,82,82,0,Shift C,Team 2,B2B2C
ORD-837771,SHP-00895,SKU-007,BLR,2024-09-26,294,287,7,Shift C,Team 1,B2B2C
ORD-578441,SHP-00896,SKU-024,MUM,2024-09-03,276,276,0,Shift C,Team 3,B2B
ORD-911785,SHP-00897,SKU-021,MUM,2025-01-05,203,203,0,Shift C,Team 2,B2C
ORD-260817,SHP-00898,SKU-017,BLR,2024-10-17,290,290,0,Shift B,Team 1,B2B2C
ORD-991080,SHP-00899,SKU-010,MUM,2024-10-17,213,213,0,Shift B,Team 1,B2B2C
ORD-864893,SHP-00900,SKU-028,DEL,2024-10-20,130,130,0,Shift B,Team 3,B2C
ORD-938776,SHP-00901,SKU-011,BLR,2024-11-07,422,422,0,Shift A,Team 1,B2B2C
ORD-648499,SHP-00902,SKU-005,MUM,2024-09-15,283,283,0,Shift B,Team 2,B2B2C
ORD-949606,SHP-00903,SKU-007,MUM,2024-12-19,366,366,0,Shift A,Team 3,B2B
ORD-179229,SHP-00904,SKU-030,MUM,2024-09-12,411,400,11,Shift B,Team 3,B2B2C
ORD-266793,SHP-00905,SKU-024,BLR,2025-01-16,87,87,0,Shift B,Team 1,B2B
ORD-928079,SHP-00906,SKU-019,MUM,2025-01-22,329,329,0,Shift C,Team 3,B2B2C
ORD-253875,SHP-00907,SKU-012,DEL,2024-12-24,220,220,0,Shift B,Team 3,B2C
ORD-895054,SHP-00908,SKU-002,DEL,2024-12-19,475,475,0,Shift B,Team 2,B2C
ORD-386102,SHP-00909,SKU-019,DEL,2025-01-16,97,97,0,Shift B,Team 2,B2B2C
ORD-492990,SHP-00910,SKU-025,DEL,2025-02-04,400,400,0,Shift C,Team 2,B2C
ORD-180122,SHP-00911,SKU-027,BLR,2024-10-17,271,271,0,Shift A,Team 3,B2B
ORD-820930,SHP-00912,SKU-019,DEL,2024-12-19,395,395,0,Shift C,Team 3,B2B2C
ORD-324216,SHP-00913,SKU-020,BLR,2024-10-19,482,482,0,Shift B,Team 2,B2B
ORD-119178,SHP-00914,SKU-030,DEL,2024-11-17,161,161,0,Shift C,Team 2,B2B
ORD-679460,SHP-00915,SKU-027,MUM,2024-09-13,113,113,0,Shift C,Team 3,B2B2C
ORD-721923,SHP-00916,SKU-007,DEL,2025-02-02,157,157,0,Shift A,Team 2,B2B2C
ORD-415525,SHP-00917,SKU-010,MUM,2024-12-07,478,478,0,Shift A,Team 3,B2C
ORD-184170,SHP-00918,SKU-011,BLR,2024-09-05,73,73,0,Shift B,Team 2,B2B2C
ORD-129256,SHP-00919,SKU-020,BLR,2024-09-16,262,262,0,Shift A,Team 2,B2B2C
ORD-307960,SHP-00920,SKU-007,BLR,2024-09-29,206,206,0,Shift A,Team 2,B2C
ORD-216698,SHP-00921,SKU-025,MUM,2024-09-09,356,352,4,Shift A,Team 2,B2B
ORD-508071,SHP-00922,SKU-018,MUM,2024-12-31,275,275,0,Shift A,Team 1,B2B
ORD-915488,SHP-00923,SKU-016,MUM,2025-02-16,433,433,0,Shift B,Team 2,B2C
ORD-148454,SHP-00924,SKU-020,DEL,2024-09-25,103,103,0,Shift C,Team 3,B2B
ORD-556644,SHP-00925,SKU-022,BLR,2025-01-26,124,116,8,Shift A,Team 3,B2B
ORD-495540,SHP-00926,SKU-026,DEL,2024-09-04,171,171,0,Shift A,Team 3,B2B2C
ORD-606653,SHP-00927,SKU-009,BLR,2024-12-25,385,385,0,Shift B,Team 3,B2C
ORD-168870,SHP-00928,SKU-025,MUM,2025-02-17,315,315,0,Shift C,Team 2,B2B
ORD-254436,SHP-00929,SKU-015,DEL,2024-09-29,273,257,16,Shift A,Team 2,B2B2C
ORD-641217,SHP-00930,SKU-024,BLR,2024-10-27,231,231,0,Shift B,Team 3,B2B
ORD-207980,SHP-00931,SKU-021,BLR,2024-10-29,374,374,0,Shift C,Team 2,B2B2C
ORD-337175,SHP-00932,SKU-014,DEL,2024-12-12,293,293,0,Shift C,Team 1,B2C
ORD-786126,SHP-00933,SKU-027,BLR,2025-02-04,132,132,0,Shift B,Team 2,B2C
ORD-589966,SHP-00934,SKU-009,MUM,2024-11-03,121,121,0,Shift B,Team 1,B2B2C
ORD-520770,SHP-00935,SKU-020,DEL,2024-09-03,291,291,0,Shift A,Team 2,B2B2C
ORD-889296,SHP-00936,SKU-021,DEL,2024-09-11,288,288,0,Shift A,Team 3,B2B2C
ORD-922741,SHP-00937,SKU-014,DEL,2024-12-02,265,265,0,Shift B,Team 3,B2B
ORD-844127,SHP-00938,SKU-012,MUM,2024-12-17,92,86,6,Shift B,Team 3,B2B
ORD-237036,SHP-00939,SKU-030,MUM,2025-01-03,391,391,0,Shift B,Team 3,B2B
ORD-725143,SHP-00940,SKU-029,BLR,2024-11-01,359,359,0,Shift B,Team 3,B2B
ORD-172510,SHP-00941,SKU-030,MUM,2024-09-10,63,63,0,Shift C,Team 2,B2B2C
ORD-296952,SHP-00942,SKU-008,DEL,2024-12-01,191,191,0,Shift B,Team 3,B2B
ORD-587112,SHP-00943,SKU-006,DEL,2025-01-19,482,482,0,Shift A,Team 2,B2C
ORD-448246,SHP-00944,SKU-013,DEL,2024-09-26,210,210,0,Shift A,Team 1,B2B2C
ORD-517305,SHP-00945,SKU-019,MUM,2024-12-02,208,208,0,Shift C,Team 1,B2C
ORD-934551,SHP-00946,SKU-030,MUM,2024-10-21,498,472,26,Shift A,Team 1,B2B
ORD-699142,SHP-00947,SKU-027,DEL,2024-11-15,70,70,0,Shift C,Team 1,B2B2C
ORD-577621,SHP-00948,SKU-001,DEL,2024-12-22,201,201,0,Shift B,Team 2,B2B2C
ORD-983993,SHP-00949,SKU-029,BLR,2024-12-15,248,248,0,Shift C,Team 1,B2B
ORD-485935,SHP-00950,SKU-011,MUM,2025-01-17,490,490,0,Shift C,Team 1,B2B2C
ORD-301456,SHP-00951,SKU-023,BLR,2024-11-20,380,380,0,Shift C,Team 3,B2B2C
ORD-528084,SHP-00952,SKU-006,MUM,2025-01-06,61,61,0,Shift B,Team 2,B2B
ORD-442120,SHP-00953,SKU-023,DEL,2024-09-17,356,356,0,Shift A,Team 2,B2C
ORD-366045,SHP-00954,SKU-005,BLR,2024-10-30,442,442,0,Shift B,Team 3,B2B
ORD-840313,SHP-00955,SKU-024,BLR,2024-10-01,149,149,0,Shift B,Team 1,B2B
ORD-870079,SHP-00956,SKU-022,MUM,2024-09-23,248,248,0,Shift A,Team 2,B2B
ORD-902325,SHP-00957,SKU-008,MUM,2024-12-20,229,229,0,Shift A,Team 1,B2B2C
ORD-190996,SHP-00958,SKU-006,DEL,2025-01-21,50,50,0,Shift C,Team 2,B2C
ORD-765621,SHP-00959,SKU-012,BLR,2024-09-18,99,99,0,Shift C,Team 3,B2C
ORD-112514,SHP-00960,SKU-020,BLR,2024-10-09,69,69,0,Shift A,Team 2,B2B2C
ORD-616719,SHP-00961,SKU-020,DEL,2025-01-30,222,222,0,Shift B,Team 1,B2C
ORD-301584,SHP-00962,SKU-027,DEL,2024-11-26,301,301,0,Shift A,Team 2,B2C
ORD-159751,SHP-00963,SKU-023,BLR,2025-01-12,322,322,0,Shift C,Team 2,B2B
ORD-832584,SHP-00964,SKU-001,DEL,2024-12-13,301,301,0,Shift B,Team 1,B2C
ORD-511209,SHP-00965,SKU-006,MUM,2024-09-11,378,378,0,Shift B,Team 3,B2B
ORD-761857,SHP-00966,SKU-006,MUM,2024-12-21,310,310,0,Shift C,Team 3,B2C
ORD-569990,SHP-00967,SKU-013,DEL,2024-10-23,155,155,0,Shift B,Team 3,B2C
ORD-684426,SHP-00968,SKU-002,MUM,2024-10-29,129,129,0,Shift B,Team 2,B2C
ORD-799642,SHP-00969,SKU-014,BLR,2025-02-15,243,243,0,Shift B,Team 1,B2B
ORD-335343,SHP-00970,SKU-021,MUM,2024-10-03,108,108,0,Shift B,Team 2,B2B2C
ORD-715642,SHP-00971,SKU-004,BLR,2024-11-12,252,252,0,Shift C,Team 2,B2B2C
ORD-982937,SHP-00972,SKU-027,BLR,2025-01-01,248,248,0,Shift A,Team 1,B2B2C
ORD-897236,SHP-00973,SKU-024,BLR,2025-01-31,212,212,0,Shift A,Team 1,B2B
ORD-377030,SHP-00974,SKU-013,DEL,2024-10-22,128,128,0,Shift C,Team 2,B2B2C
ORD-860526,SHP-00975,SKU-005,BLR,2024-12-22,330,330,0,Shift B,Team 2,B2C
ORD-376852,SHP-00976,SKU-001,BLR,2024-12-04,245,245,0,Shift B,Team 1,B2B
ORD-394551,SHP-00977,SKU-010,BLR,2025-01-18,401,401,0,Shift C,Team 1,B2B2C
ORD-560103,SHP-00978,SKU-008,BLR,2024-10-10,123,123,0,Shift C,Team 1,B2B
ORD-461169,SHP-00979,SKU-013,DEL,2024-10-07,114,114,0,Shift B,Team 1,B2C
ORD-270076,SHP-00980,SKU-013,MUM,2024-12-28,118,118,0,Shift B,Team 1,B2C
ORD-989936,SHP-00981,SKU-007,BLR,2024-12-28,251,251,0,Shift C,Team 2,B2B2C
ORD-413415,SHP-00982,SKU-006,BLR,2024-10-22,387,387,0,Shift B,Team 2,B2B
ORD-153713,SHP-00983,SKU-026,MUM,2024-11-09,460,460,0,Shift B,Team 3,B2C
ORD-571413,SHP-00984,SKU-002,MUM,2025-02-04,396,396,0,Shift B,Team 2,B2B2C
ORD-538648,SHP-00985,SKU-012,MUM,2024-12-01,369,369,0,Shift B,Team 2,B2B
ORD-928635,SHP-00986,SKU-014,MUM,2024-10-11,110,110,0,Shift B,Team 1,B2B
ORD-704624,SHP-00987,SKU-013,MUM,2025-02-17,292,292,0,Shift A,Team 2,B2B2C
ORD-813346,SHP-00988,SKU-016,MUM,2024-10-17,393,393,0,Shift A,Team 1,B2B2C
ORD-632121,SHP-00989,SKU-010,BLR,2024-10-09,414,414,0,Shift B,Team 3,B2C
ORD-465821,SHP-00990,SKU-017,BLR,2024-10-14,193,193,0,Shift C,Team 2,B2B
ORD-497364,SHP-00991,SKU-022,BLR,2024-11-07,91,91,0,Shift C,Team 3,B2B2C
ORD-781526,SHP-00992,SKU-009,MUM,2024-12-07,406,406,0,Shift C,Team 2,B2B
ORD-238639,SHP-00993,SKU-030,BLR,2024-11-28,280,280,0,Shift B,Team 3,B2C
ORD-904813,SHP-00994,SKU-019,DEL,2024-09-20,460,460,0,Shift B,Team 2,B2C
ORD-492781,SHP-00995,SKU-011,MUM,2024-10-10,452,452,0,Shift B,Team 1,B2B2C
ORD-692446,SHP-00996,SKU-008,DEL,2024-09-24,157,157,0,Shift B,Team 1,B2C
ORD-591190,SHP-00997,SKU-006,DEL,2024-10-18,309,309,0,Shift C,Team 1,B2B2C
ORD-565608,SHP-00998,SKU-008,DEL,2024-10-19,133,133,0,Shift A,Team 3,B2B
ORD-559071,SHP-00999,SKU-010,DEL,2024-11-28,436,436,0,Shift A,Team 2,B2B
ORD-726077,SHP-01000,SKU-019,MUM,2024-09-04,444,444,0,Shift B,Team 1,B2B
ORD-134059,SHP-01001,SKU-011,BLR,2024-12-01,329,329,0,Shift B,Team 3,B2B2C
ORD-401381,SHP-01002,SKU-005,MUM,2024-12-13,122,122,0,Shift A,Team 1,B2B
ORD-914026,SHP-01003,SKU-019,BLR,2024-12-03,144,144,0,Shift A,Team 1,B2B
ORD-718016,SHP-01004,SKU-008,MUM,2024-11-17,147,147,0,Shift A,Team 2,B2C
ORD-925751,SHP-01005,SKU-017,BLR,2024-09-28,303,303,0,Shift B,Team 3,B2B
ORD-496200,SHP-01006,SKU-010,MUM,2025-02-04,224,224,0,Shift C,Team 2,B2B2C
ORD-102418,SHP-01007,SKU-021,DEL,2024-12-16,293,293,0,Shift B,Team 3,B2C
ORD-299994,SHP-01008,SKU-027,DEL,2024-10-29,469,469,0,Shift B,Team 2,B2B2C
ORD-438814,SHP-01009,SKU-003,DEL,2024-09-21,280,280,0,Shift A,Team 3,B2C
ORD-630420,SHP-01010,SKU-027,DEL,2024-10-28,367,367,0,Shift B,Team 1,B2C
ORD-150919,SHP-01011,SKU-017,BLR,2025-01-31,459,459,0,Shift A,Team 2,B2C
ORD-968250,SHP-01012,SKU-021,MUM,2024-10-07,440,440,0,Shift C,Team 2,B2C
ORD-917755,SHP-01013,SKU-010,BLR,2024-09-28,133,133,0,Shift B,Team 1,B2B
ORD-706766,SHP-01014,SKU-001,MUM,2024-11-20,371,371,0,Shift C,Team 3,B2B
ORD-479699,SHP-01015,SKU-023,BLR,2025-01-23,117,117,0,Shift B,Team 2,B2B
ORD-106775,SHP-01016,SKU-011,BLR,2024-12-02,434,434,0,Shift B,Team 1,B2C
ORD-417386,SHP-01017,SKU-008,BLR,2024-09-23,172,172,0,Shift A,Team 2,B2C
ORD-602971,SHP-01018,SKU-017,MUM,2024-10-27,213,213,0,Shift C,Team 2,B2B2C
ORD-568325,SHP-01019,SKU-001,DEL,2024-09-18,228,228,0,Shift C,Team 2,B2B
ORD-144085,SHP-01020,SKU-010,DEL,2024-09-02,186,186,0,Shift A,Team 3,B2B2C
ORD-228286,SHP-01021,SKU-021,MUM,2024-11-06,393,387,6,Shift A,Team 1,B2C
ORD-197549,SHP-01022,SKU-023,BLR,2025-01-24,395,395,0,Shift C,Team 3,B2C
ORD-534850,SHP-01023,SKU-011,DEL,2024-10-26,155,155,0,Shift A,Team 3,B2B2C
ORD-666173,SHP-01024,SKU-022,DEL,2025-01-22,488,488,0,Shift B,Team 3,B2B2C
ORD-267226,SHP-01025,SKU-002,DEL,2024-09-01,238,238,0,Shift C,Team 2,B2B
ORD-833654,SHP-01026,SKU-009,MUM,2024-09-09,283,283,0,Shift A,Team 2,B2B
ORD-694945,SHP-01027,SKU-019,BLR,2024-10-15,405,405,0,Shift B,Team 2,B2B
ORD-218594,SHP-01028,SKU-027,DEL,2024-12-06,288,288,0,Shift B,Team 3,B2B2C
ORD-415010,SHP-01029,SKU-008,MUM,2024-10-22,403,403,0,Shift A,Team 2,B2B
ORD-897171,SHP-01030,SKU-012,BLR,2024-09-13,283,283,0,Shift A,Team 3,B2B2C
ORD-593887,SHP-01031,SKU-012,BLR,2025-02-11,442,442,0,Shift A,Team 1,B2C
ORD-143334,SHP-01032,SKU-012,MUM,2024-11-04,380,380,0,Shift A,Team 3,B2C
ORD-818038,SHP-01033,SKU-005,BLR,2024-11-27,467,467,0,Shift A,Team 1,B2B
ORD-266944,SHP-01034,SKU-030,BLR,2025-01-12,331,331,0,Shift C,Team 3,B2B2C
ORD-186265,SHP-01035,SKU-012,DEL,2025-01-19,433,433,0,Shift C,Team 2,B2C
ORD-384783,SHP-01036,SKU-030,BLR,2025-01-08,86,86,0,Shift A,Team 2,B2C
ORD-749607,SHP-01037,SKU-003,DEL,2024-09-05,84,84,0,Shift A,Team 3,B2B2C
ORD-382130,SHP-01038,SKU-014,BLR,2024-11-27,367,367,0,Shift B,Team 2,B2B
ORD-435059,SHP-01039,SKU-018,DEL,2024-11-29,444,444,0,Shift C,Team 3,B2B
ORD-472781,SHP-01040,SKU-009,MUM,2024-09-10,328,328,0,Shift A,Team 2,B2B2C
ORD-569045,SHP-01041,SKU-014,BLR,2024-11-22,98,98,0,Shift B,Team 2,B2B
ORD-340975,SHP-01042,SKU-009,DEL,2025-01-23,349,349,0,Shift C,Team 2,B2B
ORD-904260,SHP-01043,SKU-016,DEL,2024-11-24,298,298,0,Shift B,Team 2,B2B2C
ORD-944113,SHP-01044,SKU-023,DEL,2025-01-05,109,109,0,Shift A,Team 1,B2B
ORD-490555,SHP-01045,SKU-002,BLR,2025-01-13,192,192,0,Shift C,Team 2,B2B
ORD-822253,SHP-01046,SKU-030,BLR,2024-12-12,498,498,0,Shift C,Team 1,B2C
ORD-775559,SHP-01047,SKU-014,BLR,2025-01-21,109,109,0,Shift A,Team 2,B2B
ORD-372226,SHP-01048,SKU-022,DEL,2025-01-09,186,186,0,Shift B,Team 2,B2B2C
ORD-241119,SHP-01049,SKU-018,DEL,2025-01-01,489,489,0,Shift B,Team 2,B2B
ORD-795897,SHP-01050,SKU-025,DEL,2024-09-19,261,261,0,Shift C,Team 2,B2B2C
ORD-751124,SHP-01051,SKU-020,MUM,2024-12-11,478,478,0,Shift C,Team 2,B2B
ORD-146435,SHP-01052,SKU-003,MUM,2025-02-01,271,271,0,Shift C,Team 1,B2B2C
ORD-738901,SHP-01053,SKU-027,BLR,2024-11-11,324,324,0,Shift B,Team 3,B2B
ORD-235399,SHP-01054,SKU-005,BLR,2025-02-02,290,290,0,Shift B,Team 1,B2B2C
ORD-224946,SHP-01055,SKU-008,MUM,2024-11-13,339,339,0,Shift C,Team 1,B2B2C
ORD-469970,SHP-01056,SKU-020,MUM,2024-12-18,452,452,0,Shift A,Team 1,B2B
ORD-692552,SHP-01057,SKU-029,BLR,2024-10-23,199,199,0,Shift B,Team 1,B2C
ORD-992334,SHP-01058,SKU-018,MUM,2025-01-02,224,224,0,Shift A,Team 2,B2B2C
ORD-269371,SHP-01059,SKU-018,MUM,2024-10-19,348,348,0,Shift C,Team 1,B2C
ORD-762315,SHP-01060,SKU-004,BLR,2024-09-28,121,121,0,Shift B,Team 2,B2B
ORD-983234,SHP-01061,SKU-029,BLR,2024-10-03,388,388,0,Shift A,Team 3,B2B2C
ORD-396141,SHP-01062,SKU-030,DEL,2025-02-06,332,332,0,Shift C,Team 1,B2B
ORD-589313,SHP-01063,SKU-009,DEL,2025-01-17,464,464,0,Shift B,Team 2,B2C
ORD-216076,SHP-01064,SKU-014,DEL,2024-09-28,346,346,0,Shift B,Team 1,B2C
ORD-590465,SHP-01065,SKU-018,MUM,2024-10-09,441,441,0,Shift A,Team 3,B2C
ORD-236614,SHP-01066,SKU-020,MUM,2025-01-08,155,155,0,Shift B,Team 3,B2B
ORD-671907,SHP-01067,SKU-013,MUM,2024-11-20,357,357,0,Shift A,Team 3,B2B
ORD-784861,SHP-01068,SKU-016,BLR,2025-01-25,273,273,0,Shift C,Team 2,B2B2C
ORD-896629,SHP-01069,SKU-026,MUM,2024-10-11,150,150,0,Shift C,Team 2,B2B2C
ORD-603333,SHP-01070,SKU-030,DEL,2025-01-20,180,180,0,Shift A,Team 2,B2C
ORD-420567,SHP-01071,SKU-026,MUM,2025-01-12,451,451,0,Shift A,Team 3,B2C
ORD-752881,SHP-01072,SKU-025,DEL,2024-10-21,101,101,0,Shift B,Team 3,B2C
ORD-494675,SHP-01073,SKU-025,MUM,2025-01-15,189,189,0,Shift B,Team 2,B2B
ORD-525827,SHP-01074,SKU-012,DEL,2024-10-04,343,343,0,Shift C,Team 2,B2B
ORD-809203,SHP-01075,SKU-022,DEL,2024-09-18,436,436,0,Shift C,Team 1,B2B
ORD-699108,SHP-01076,SKU-025,BLR,2025-01-26,178,178,0,Shift A,Team 1,B2C
ORD-778716,SHP-01077,SKU-010,DEL,2024-12-04,241,241,0,Shift A,Team 3,B2C
ORD-593774,SHP-01078,SKU-008,DEL,2024-10-06,122,122,0,Shift C,Team 2,B2B
ORD-856018,SHP-01079,SKU-021,MUM,2024-12-28,101,101,0,Shift A,Team 3,B2C
ORD-169012,SHP-01080,SKU-016,MUM,2024-11-15,70,70,0,Shift B,Team 3,B2C
ORD-601095,SHP-01081,SKU-007,BLR,2024-09-26,372,372,0,Shift B,Team 1,B2C
ORD-525215,SHP-01082,SKU-004,BLR,2024-12-04,274,274,0,Shift B,Team 3,B2B2C
ORD-232006,SHP-01083,SKU-024,BLR,2024-09-18,419,419,0,Shift B,Team 2,B2B2C
ORD-134658,SHP-01084,SKU-019,DEL,2024-11-17,149,149,0,Shift A,Team 2,B2B2C
ORD-724356,SHP-01085,SKU-015,DEL,2024-10-12,134,134,0,Shift A,Team 3,B2C
ORD-760109,SHP-01086,SKU-029,BLR,2024-11-06,466,466,0,Shift A,Team 1,B2B2C
ORD-589434,SHP-01087,SKU-014,BLR,2024-11-11,297,297,0,Shift A,Team 1,B2B2C
ORD-582465,SHP-01088,SKU-008,DEL,2024-11-05,482,482,0,Shift A,Team 1,B2C
ORD-169031,SHP-01089,SKU-008,BLR,2024-12-02,133,133,0,Shift B,Team 2,B2C
ORD-926235,SHP-01090,SKU-012,MUM,2024-10-10,110,110,0,Shift A,Team 1,B2B2C
ORD-378811,SHP-01091,SKU-019,MUM,2024-11-13,242,242,0,Shift A,Team 3,B2B
ORD-445987,SHP-01092,SKU-006,MUM,2025-02-13,66,66,0,Shift C,Team 3,B2B2C
ORD-940042,SHP-01093,SKU-002,MUM,2024-09-11,364,364,0,Shift B,Team 1,B2B
ORD-768332,SHP-01094,SKU-027,DEL,2024-11-14,363,363,0,Shift A,Team 3,B2C
ORD-817636,SHP-01095,SKU-022,BLR,2025-01-06,133,133,0,Shift B,Team 3,B2C
ORD-935977,SHP-01096,SKU-011,BLR,2024-10-31,157,157,0,Shift A,Team 2,B2B
ORD-120844,SHP-01097,SKU-011,DEL,2024-12-24,346,346,0,Shift A,Team 1,B2C
ORD-271469,SHP-01098,SKU-016,BLR,2024-11-17,385,385,0,Shift C,Team 2,B2C
ORD-347755,SHP-01099,SKU-015,MUM,2025-01-06,118,118,0,Shift B,Team 2,B2B
ORD-312643,SHP-01100,SKU-029,BLR,2024-10-13,221,221,0,Shift A,Team 3,B2B2C
ORD-139778,SHP-01101,SKU-012,DEL,2024-09-10,222,222,0,Shift C,Team 3,B2B
ORD-983348,SHP-01102,SKU-019,BLR,2025-01-14,363,363,0,Shift B,Team 2,B2B
ORD-776248,SHP-01103,SKU-016,MUM,2024-09-12,474,474,0,Shift B,Team 2,B2B
ORD-612638,SHP-01104,SKU-002,BLR,2024-11-07,468,468,0,Shift A,Team 3,B2B2C
ORD-372428,SHP-01105,SKU-009,DEL,2024-11-01,324,324,0,Shift C,Team 1,B2B2C
ORD-284587,SHP-01106,SKU-018,BLR,2025-02-17,388,388,0,Shift C,Team 1,B2B
ORD-616643,SHP-01107,SKU-016,MUM,2025-02-15,60,60,0,Shift C,Team 1,B2B2C
ORD-164136,SHP-01108,SKU-025,MUM,2024-10-23,197,197,0,Shift C,Team 2,B2C
ORD-698636,SHP-01109,SKU-025,DEL,2024-09-17,281,272,9,Shift A,Team 3,B2B
ORD-342428,SHP-01110,SKU-013,BLR,2024-12-01,462,462,0,Shift C,Team 3,B2C
ORD-390640,SHP-01111,SKU-030,DEL,2024-10-08,437,437,0,Shift B,Team 1,B2B2C
ORD-718622,SHP-01112,SKU-025,BLR,2024-10-13,350,350,0,Shift A,Team 3,B2C
ORD-591582,SHP-01113,SKU-007,MUM,2024-12-09,51,51,0,Shift C,Team 3,B2B
ORD-307752,SHP-01114,SKU-017,DEL,2024-09-22,337,337,0,Shift A,Team 3,B2B
ORD-358236,SHP-01115,SKU-014,MUM,2024-09-09,200,200,0,Shift A,Team 2,B2B
ORD-360625,SHP-01116,SKU-003,MUM,2024-11-11,321,321,0,Shift C,Team 3,B2B
ORD-341175,SHP-01117,SKU-004,MUM,2024-10-06,185,185,0,Shift B,Team 2,B2B
ORD-259936,SHP-01118,SKU-025,DEL,2024-11-10,327,327,0,Shift B,Team 2,B2C
ORD-697747,SHP-01119,SKU-003,MUM,2024-09-26,386,386,0,Shift C,Team 2,B2B
ORD-580914,SHP-01120,SKU-018,DEL,2024-09-11,104,104,0,Shift A,Team 1,B2B
ORD-146999,SHP-01121,SKU-006,DEL,2024-09-27,427,427,0,Shift B,Team 1,B2C
ORD-360611,SHP-01122,SKU-014,BLR,2024-10-19,158,158,0,Shift A,Team 2,B2B
ORD-611153,SHP-01123,SKU-009,BLR,2024-11-13,381,381,0,Shift C,Team 1,B2C
ORD-660276,SHP-01124,SKU-022,BLR,2024-10-18,177,171,6,Shift B,Team 1,B2B2C
ORD-764849,SHP-01125,SKU-023,MUM,2024-11-10,57,54,3,Shift C,Team 1,B2C
ORD-779089,SHP-01126,SKU-009,DEL,2024-12-15,277,277,0,Shift C,Team 3,B2C
ORD-420390,SHP-01127,SKU-002,BLR,2025-01-04,450,424,26,Shift A,Team 1,B2B2C
ORD-489373,SHP-01128,SKU-016,MUM,2024-11-11,452,452,0,Shift B,Team 1,B2B
ORD-635499,SHP-01129,SKU-025,DEL,2024-12-09,170,170,0,Shift A,Team 2,B2B2C
ORD-195559,SHP-01130,SKU-022,MUM,2024-11-05,314,314,0,Shift A,Team 3,B2C
ORD-466263,SHP-01131,SKU-030,DEL,2024-11-02,321,321,0,Shift C,Team 3,B2B
ORD-425121,SHP-01132,SKU-006,BLR,2025-01-24,105,105,0,Shift C,Team 2,B2B
ORD-593298,SHP-01133,SKU-008,DEL,2025-01-23,216,216,0,Shift A,Team 2,B2B2C
ORD-893195,SHP-01134,SKU-029,DEL,2024-09-05,120,120,0,Shift B,Team 2,B2C
ORD-553239,SHP-01135,SKU-002,DEL,2024-12-22,181,174,7,Shift A,Team 1,B2B2C
ORD-237846,SHP-01136,SKU-009,DEL,2024-10-31,455,455,0,Shift B,Team 2,B2B
ORD-921909,SHP-01137,SKU-008,DEL,2024-10-26,344,344,0,Shift B,Team 1,B2B2C
ORD-986440,SHP-01138,SKU-009,BLR,2024-09-25,148,148,0,Shift A,Team 3,B2B2C
ORD-789054,SHP-01139,SKU-024,DEL,2024-12-27,420,420,0,Shift B,Team 3,B2C
ORD-237807,SHP-01140,SKU-018,DEL,2024-12-06,139,139,0,Shift A,Team 1,B2C
ORD-176711,SHP-01141,SKU-018,DEL,2024-12-21,396,396,0,Shift B,Team 1,B2C
ORD-429664,SHP-01142,SKU-015,MUM,2025-01-31,267,267,0,Shift C,Team 3,B2B2C
ORD-947957,SHP-01143,SKU-019,BLR,2024-12-13,109,109,0,Shift B,Team 3,B2B2C
ORD-567027,SHP-01144,SKU-024,DEL,2024-12-11,468,468,0,Shift B,Team 1,B2C
ORD-326253,SHP-01145,SKU-018,DEL,2025-01-18,97,97,0,Shift C,Team 2,B2B
ORD-629726,SHP-01146,SKU-015,DEL,2025-02-10,86,86,0,Shift A,Team 3,B2B2C
ORD-146275,SHP-01147,SKU-001,BLR,2024-09-08,491,491,0,Shift A,Team 2,B2C
ORD-990848,SHP-01148,SKU-026,BLR,2024-10-19,325,325,0,Shift A,Team 3,B2B
ORD-609180,SHP-01149,SKU-027,MUM,2025-01-08,125,125,0,Shift C,Team 3,B2B2C
ORD-664078,SHP-01150,SKU-011,DEL,2024-11-13,244,244,0,Shift C,Team 1,B2B
ORD-509719,SHP-01151,SKU-017,BLR,2024-12-06,126,126,0,Shift C,Team 1,B2C
ORD-648408,SHP-01152,SKU-006,DEL,2025-02-17,451,415,36,Shift A,Team 2,B2B2C
ORD-661676,SHP-01153,SKU-001,MUM,2024-12-15,445,445,0,Shift C,Team 2,B2B
ORD-818328,SHP-01154,SKU-018,DEL,2024-11-04,320,320,0,Shift B,Team 2,B2B2C
ORD-467544,SHP-01155,SKU-013,MUM,2025-01-11,187,187,0,Shift C,Team 1,B2B2C
ORD-450299,SHP-01156,SKU-010,BLR,2025-01-25,258,258,0,Shift B,Team 3,B2B2C
ORD-498661,SHP-01157,SKU-002,BLR,2024-10-25,470,470,0,Shift B,Team 1,B2B2C
ORD-602443,SHP-01158,SKU-012,MUM,2024-12-13,224,224,0,Shift A,Team 3,B2C
ORD-101863,SHP-01159,SKU-027,DEL,2024-11-18,321,321,0,Shift C,Team 3,B2B2C
ORD-801250,SHP-01160,SKU-005,BLR,2024-10-16,288,288,0,Shift B,Team 2,B2B
ORD-580354,SHP-01161,SKU-019,MUM,2024-10-26,211,211,0,Shift A,Team 2,B2C
ORD-588751,SHP-01162,SKU-004,DEL,2025-01-13,328,328,0,Shift C,Team 1,B2B2C
ORD-919009,SHP-01163,SKU-002,MUM,2024-12-13,420,420,0,Shift A,Team 3,B2B
ORD-519789,SHP-01164,SKU-018,MUM,2024-12-28,418,418,0,Shift C,Team 2,B2B2C
ORD-712356,SHP-01165,SKU-030,DEL,2024-11-25,56,56,0,Shift C,Team 3,B2C
ORD-367704,SHP-01166,SKU-022,MUM,2024-12-16,159,159,0,Shift B,Team 2,B2B2C
ORD-531652,SHP-01167,SKU-008,BLR,2025-01-13,253,253,0,Shift B,Team 1,B2C
ORD-376232,SHP-01168,SKU-003,DEL,2024-10-26,172,172,0,Shift C,Team 1,B2C
ORD-640123,SHP-01169,SKU-001,BLR,2025-01-12,448,448,0,Shift C,Team 2,B2C
ORD-688446,SHP-01170,SKU-028,DEL,2024-09-30,59,59,0,Shift B,Team 2,B2B
ORD-419104,SHP-01171,SKU-004,MUM,2024-09-07,139,139,0,Shift B,Team 2,B2B
ORD-737135,SHP-01172,SKU-016,BLR,2025-01-25,267,267,0,Shift B,Team 2,B2B
ORD-886950,SHP-01173,SKU-015,MUM,2024-09-30,449,433,16,Shift A,Team 3,B2B
ORD-787678,SHP-01174,SKU-020,BLR,2024-09-12,420,420,0,Shift B,Team 1,B2B2C
ORD-854722,SHP-01175,SKU-030,DEL,2025-01-23,58,57,1,Shift A,Team 1,B2C
ORD-462913,SHP-01176,SKU-026,BLR,2025-02-08,242,242,0,Shift B,Team 2,B2B
ORD-592542,SHP-01177,SKU-019,BLR,2025-01-12,177,177,0,Shift C,Team 2,B2C
ORD-119323,SHP-01178,SKU-027,BLR,2024-10-15,449,449,0,Shift C,Team 1,B2B
ORD-820909,SHP-01179,SKU-004,BLR,2025-02-07,284,284,0,Shift C,Team 2,B2B
ORD-268703,SHP-01180,SKU-022,MUM,2025-01-12,358,358,0,Shift B,Team 1,B2C
ORD-603826,SHP-01181,SKU-019,DEL,2024-11-28,362,362,0,Shift C,Team 1,B2B
ORD-250551,SHP-01182,SKU-013,BLR,2025-02-17,343,343,0,Shift B,Team 3,B2B
ORD-493162,SHP-01183,SKU-030,MUM,2024-10-08,434,434,0,Shift B,Team 2,B2C
ORD-160611,SHP-01184,SKU-027,MUM,2025-02-08,134,134,0,Shift B,Team 2,B2B2C
ORD-880534,SHP-01185,SKU-003,MUM,2024-09-15,392,375,17,Shift C,Team 1,B2B2C
ORD-677305,SHP-01186,SKU-028,DEL,2024-09-21,427,427,0,Shift A,Team 3,B2C
ORD-580507,SHP-01187,SKU-001,BLR,2025-02-08,303,303,0,Shift A,Team 3,B2B2C
ORD-424907,SHP-01188,SKU-018,DEL,2024-10-04,458,458,0,Shift B,Team 1,B2C
ORD-312019,SHP-01189,SKU-018,DEL,2024-09-18,184,184,0,Shift B,Team 1,B2B2C
ORD-803857,SHP-01190,SKU-015,MUM,2024-10-22,328,328,0,Shift A,Team 1,B2B
ORD-405187,SHP-01191,SKU-027,BLR,2025-02-02,312,312,0,Shift A,Team 2,B2B
ORD-748503,SHP-01192,SKU-018,MUM,2024-10-26,201,201,0,Shift A,Team 1,B2C
ORD-848546,SHP-01193,SKU-015,MUM,2024-09-12,154,154,0,Shift B,Team 1,B2C
ORD-775092,SHP-01194,SKU-027,MUM,2024-10-14,132,122,10,Shift B,Team 2,B2C
ORD-506308,SHP-01195,SKU-024,DEL,2024-12-17,401,401,0,Shift A,Team 3,B2B2C
ORD-304106,SHP-01196,SKU-011,BLR,2025-01-10,259,259,0,Shift B,Team 1,B2B2C
ORD-495934,SHP-01197,SKU-013,BLR,2024-12-13,490,490,0,Shift A,Team 1,B2C
ORD-915780,SHP-01198,SKU-027,DEL,2024-12-06,137,137,0,Shift B,Team 3,B2C
ORD-273993,SHP-01199,SKU-005,BLR,2024-11-25,425,425,0,Shift A,Team 1,B2B
ORD-400909,SHP-01200,SKU-025,BLR,2025-01-31,399,399,0,Shift A,Team 2,B2C
ORD-573545,SHP-01201,SKU-008,DEL,2024-09-10,389,389,0,Shift A,Team 1,B2C
ORD-486885,SHP-01202,SKU-017,MUM,2025-02-03,333,333,0,Shift C,Team 3,B2B2C
ORD-375140,SHP-01203,SKU-013,MUM,2024-09-24,294,294,0,Shift A,Team 3,B2B2C
ORD-631461,SHP-01204,SKU-015,MUM,2024-09-17,303,303,0,Shift A,Team 2,B2B
ORD-552310,SHP-01205,SKU-024,MUM,2024-10-10,69,69,0,Shift A,Team 3,B2B2C
ORD-991080,SHP-01206,SKU-025,BLR,2024-09-14,249,249,0,Shift A,Team 1,B2B2C
ORD-652813,SHP-01207,SKU-030,DEL,2024-10-16,318,318,0,Shift C,Team 2,B2C
ORD-744047,SHP-01208,SKU-019,MUM,2025-02-10,483,483,0,Shift A,Team 3,B2B2C
ORD-303110,SHP-01209,SKU-018,BLR,2024-12-13,439,439,0,Shift B,Team 1,B2C
ORD-509896,SHP-01210,SKU-008,DEL,2024-12-13,225,225,0,Shift C,Team 2,B2B2C
ORD-997066,SHP-01211,SKU-013,BLR,2024-12-10,485,485,0,Shift B,Team 2,B2C
ORD-251778,SHP-01212,SKU-029,MUM,2024-10-20,395,395,0,Shift A,Team 2,B2B2C
ORD-363257,SHP-01213,SKU-026,BLR,2024-09-13,69,69,0,Shift C,Team 3,B2C
ORD-173921,SHP-01214,SKU-012,DEL,2024-10-22,367,367,0,Shift A,Team 2,B2B
ORD-414786,SHP-01215,SKU-023,DEL,2024-11-21,492,492,0,Shift B,Team 1,B2B
ORD-658905,SHP-01216,SKU-018,MUM,2024-10-02,80,79,1,Shift A,Team 3,B2B
ORD-499138,SHP-01217,SKU-030,BLR,2024-11-29,464,464,0,Shift C,Team 3,B2B
ORD-926263,SHP-01218,SKU-016,MUM,2024-11-11,411,411,0,Shift A,Team 3,B2B
ORD-528620,SHP-01219,SKU-004,MUM,2025-02-05,92,92,0,Shift A,Team 2,B2B
ORD-576263,SHP-01220,SKU-021,DEL,2024-11-18,499,499,0,Shift A,Team 3,B2B2C
ORD-230170,SHP-01221,SKU-021,DEL,2024-09-18,374,374,0,Shift A,Team 3,B2B2C
ORD-430645,SHP-01222,SKU-005,BLR,2024-12-08,305,305,0,Shift B,Team 3,B2B2C
ORD-418529,SHP-01223,SKU-030,MUM,2024-10-09,238,238,0,Shift C,Team 2,B2C
ORD-801581,SHP-01224,SKU-007,BLR,2024-10-05,360,360,0,Shift A,Team 2,B2B
ORD-374552,SHP-01225,SKU-015,MUM,2025-01-12,226,218,8,Shift A,Team 2,B2B
ORD-173149,SHP-01226,SKU-024,MUM,2024-11-29,235,235,0,Shift C,Team 1,B2B
ORD-689680,SHP-01227,SKU-013,DEL,2025-02-06,386,358,28,Shift C,Team 1,B2C
ORD-458409,SHP-01228,SKU-007,MUM,2024-10-15,276,276,0,Shift A,Team 3,B2B2C
ORD-430157,SHP-01229,SKU-014,DEL,2024-10-15,137,137,0,Shift C,Team 1,B2C
ORD-800990,SHP-01230,SKU-021,MUM,2025-01-19,236,236,0,Shift A,Team 2,B2C
ORD-626729,SHP-01231,SKU-016,BLR,2024-12-16,162,162,0,Shift B,Team 2,B2B
ORD-388243,SHP-01232,SKU-029,MUM,2025-02-04,278,278,0,Shift A,Team 2,B2C
ORD-792670,SHP-01233,SKU-030,MUM,2024-09-15,304,304,0,Shift C,Team 2,B2B2C
ORD-122838,SHP-01234,SKU-004,BLR,2024-10-09,118,118,0,Shift A,Team 1,B2C
ORD-470868,SHP-01235,SKU-017,DEL,2025-01-04,492,492,0,Shift B,Team 2,B2C
ORD-901710,SHP-01236,SKU-030,MUM,2024-10-18,81,81,0,Shift A,Team 2,B2C
ORD-595343,SHP-01237,SKU-027,DEL,2025-01-25,496,496,0,Shift C,Team 2,B2B
ORD-380734,SHP-01238,SKU-003,DEL,2025-01-29,205,205,0,Shift A,Team 1,B2B
ORD-571579,SHP-01239,SKU-004,DEL,2024-12-30,124,124,0,Shift B,Team 2,B2B2C
ORD-743235,SHP-01240,SKU-004,BLR,2024-12-29,360,360,0,Shift C,Team 2,B2B
ORD-340826,SHP-01241,SKU-030,DEL,2025-02-06,320,320,0,Shift A,Team 3,B2B
ORD-512283,SHP-01242,SKU-018,DEL,2024-10-20,56,56,0,Shift C,Team 3,B2C
ORD-955449,SHP-01243,SKU-005,MUM,2024-09-24,222,222,0,Shift C,Team 2,B2C
ORD-973941,SHP-01244,SKU-012,DEL,2024-10-20,419,419,0,Shift B,Team 1,B2B
ORD-895950,SHP-01245,SKU-008,BLR,2024-10-03,282,282,0,Shift B,Team 2,B2B
ORD-464571,SHP-01246,SKU-003,MUM,2024-10-04,430,427,3,Shift B,Team 2,B2B
ORD-977150,SHP-01247,SKU-015,BLR,2024-10-30,418,418,0,Shift A,Team 1,B2B
ORD-525770,SHP-01248,SKU-011,DEL,2025-01-14,183,173,10,Shift C,Team 2,B2C
ORD-199217,SHP-01249,SKU-030,DEL,2024-10-02,443,443,0,Shift A,Team 2,B2B
ORD-507369,SHP-01250,SKU-008,BLR,2024-11-12,178,178,0,Shift B,Team 1,B2B
ORD-404708,SHP-01251,SKU-014,BLR,2025-01-10,333,333,0,Shift C,Team 2,B2C
ORD-688702,SHP-01252,SKU-024,MUM,2025-01-18,393,393,0,Shift B,Team 3,B2B2C
ORD-644027,SHP-01253,SKU-015,MUM,2024-09-22,414,414,0,Shift C,Team 2,B2B2C
ORD-172704,SHP-01254,SKU-004,BLR,2024-11-16,410,410,0,Shift B,Team 1,B2B2C
ORD-947379,SHP-01255,SKU-018,BLR,2024-12-19,52,52,0,Shift A,Team 1,B2B
ORD-578145,SHP-01256,SKU-012,MUM,2024-12-10,349,349,0,Shift B,Team 1,B2B
ORD-902390,SHP-01257,SKU-025,DEL,2024-12-16,84,84,0,Shift A,Team 3,B2C
ORD-424998,SHP-01258,SKU-025,MUM,2025-02-15,332,332,0,Shift C,Team 1,B2B
ORD-138768,SHP-01259,SKU-010,BLR,2024-10-15,381,381,0,Shift B,Team 3,B2B
ORD-177473,SHP-01260,SKU-004,BLR,2024-10-21,466,466,0,Shift B,Team 1,B2B2C
ORD-543677,SHP-01261,SKU-027,DEL,2025-01-03,139,139,0,Shift A,Team 1,B2C
ORD-278489,SHP-01262,SKU-020,BLR,2025-01-28,278,278,0,Shift A,Team 2,B2C
ORD-949507,SHP-01263,SKU-006,BLR,2024-10-25,104,104,0,Shift B,Team 2,B2B2C
ORD-392884,SHP-01264,SKU-022,BLR,2025-01-18,409,409,0,Shift A,Team 1,B2B
ORD-644192,SHP-01265,SKU-010,MUM,2024-09-22,388,388,0,Shift B,Team 3,B2B2C
ORD-835397,SHP-01266,SKU-029,MUM,2024-10-12,232,232,0,Shift B,Team 2,B2B
ORD-214187,SHP-01267,SKU-016,MUM,2025-01-17,213,213,0,Shift B,Team 3,B2B
ORD-862202,SHP-01268,SKU-030,MUM,2024-09-24,130,130,0,Shift A,Team 2,B2B
ORD-893909,SHP-01269,SKU-022,MUM,2024-10-09,375,375,0,Shift A,Team 2,B2B2C
ORD-714115,SHP-01270,SKU-029,DEL,2024-09-29,332,332,0,Shift C,Team 1,B2C
ORD-464887,SHP-01271,SKU-026,BLR,2024-12-06,387,387,0,Shift A,Team 3,B2C
ORD-875630,SHP-01272,SKU-009,MUM,2024-12-06,363,363,0,Shift C,Team 2,B2B2C
ORD-346790,SHP-01273,SKU-008,DEL,2024-09-27,472,472,0,Shift A,Team 2,B2B
ORD-900429,SHP-01274,SKU-020,DEL,2024-12-12,71,68,3,Shift B,Team 3,B2B
ORD-619370,SHP-01275,SKU-003,BLR,2025-01-26,159,159,0,Shift C,Team 3,B2B
ORD-305600,SHP-01276,SKU-024,BLR,2024-12-14,258,258,0,Shift C,Team 3,B2C
ORD-494385,SHP-01277,SKU-009,BLR,2024-11-25,434,434,0,Shift B,Team 3,B2B
ORD-260887,SHP-01278,SKU-013,DEL,2024-11-10,482,482,0,Shift B,Team 3,B2C
ORD-796025,SHP-01279,SKU-030,BLR,2025-01-31,423,423,0,Shift A,Team 2,B2B2C
ORD-353153,SHP-01280,SKU-020,MUM,2024-09-27,144,144,0,Shift B,Team 3,B2B
ORD-902271,SHP-01281,SKU-019,BLR,2024-12-11,209,209,0,Shift B,Team 3,B2C
ORD-134999,SHP-01282,SKU-022,BLR,2024-10-02,142,142,0,Shift B,Team 1,B2C
ORD-772225,SHP-01283,SKU-027,BLR,2024-09-30,355,355,0,Shift A,Team 2,B2B
ORD-584974,SHP-01284,SKU-020,BLR,2025-01-10,78,78,0,Shift C,Team 1,B2B
ORD-227333,SHP-01285,SKU-026,DEL,2025-01-27,429,429,0,Shift B,Team 1,B2C
ORD-831367,SHP-01286,SKU-014,MUM,2024-09-04,492,492,0,Shift C,Team 3,B2B2C
ORD-489015,SHP-01287,SKU-028,MUM,2024-10-20,450,450,0,Shift B,Team 2,B2C
ORD-959423,SHP-01288,SKU-020,MUM,2024-09-14,361,361,0,Shift C,Team 3,B2B2C
ORD-116332,SHP-01289,SKU-029,DEL,2024-10-09,294,294,0,Shift A,Team 2,B2B2C
ORD-443573,SHP-01290,SKU-004,MUM,2024-09-21,97,91,6,Shift B,Team 2,B2B
ORD-341986,SHP-01291,SKU-017,BLR,2024-09-02,252,252,0,Shift C,Team 3,B2B
ORD-238747,SHP-01292,SKU-015,BLR,2024-12-23,119,119,0,Shift B,Team 3,B2B
ORD-514313,SHP-01293,SKU-016,DEL,2024-10-13,225,225,0,Shift B,Team 3,B2B2C
ORD-437803,SHP-01294,SKU-009,DEL,2024-11-29,313,301,12,Shift A,Team 3,B2B2C
ORD-125012,SHP-01295,SKU-010,MUM,2024-09-13,383,383,0,Shift C,Team 1,B2C
ORD-150237,SHP-01296,SKU-024,DEL,2024-11-13,424,423,1,Shift C,Team 1,B2B
ORD-886270,SHP-01297,SKU-006,MUM,2024-11-02,65,65,0,Shift A,Team 1,B2C
ORD-535450,SHP-01298,SKU-003,MUM,2025-02-15,360,360,0,Shift A,Team 3,B2C
ORD-370451,SHP-01299,SKU-029,DEL,2024-10-29,167,167,0,Shift B,Team 3,B2B2C
ORD-185879,SHP-01300,SKU-016,BLR,2024-09-18,308,308,0,Shift A,Team 1,B2B
ORD-805257,SHP-01301,SKU-012,MUM,2024-11-07,402,402,0,Shift C,Team 3,B2B2C
ORD-900882,SHP-01302,SKU-015,DEL,2025-02-12,307,307,0,Shift A,Team 3,B2C
ORD-493706,SHP-01303,SKU-002,BLR,2025-01-14,206,206,0,Shift C,Team 3,B2B
ORD-819950,SHP-01304,SKU-003,MUM,2024-11-04,491,491,0,Shift C,Team 3,B2C
ORD-306194,SHP-01305,SKU-005,DEL,2025-01-30,107,107,0,Shift C,Team 1,B2B
ORD-797628,SHP-01306,SKU-018,BLR,2025-01-11,158,158,0,Shift B,Team 3,B2B
ORD-588850,SHP-01307,SKU-017,DEL,2025-01-12,480,480,0,Shift C,Team 1,B2B2C
ORD-432409,SHP-01308,SKU-012,MUM,2025-01-19,246,234,12,Shift C,Team 2,B2B
ORD-232587,SHP-01309,SKU-025,BLR,2025-01-29,442,442,0,Shift A,Team 3,B2B2C
ORD-246495,SHP-01310,SKU-001,BLR,2024-09-09,284,284,0,Shift A,Team 2,B2B
ORD-651833,SHP-01311,SKU-014,MUM,2024-12-22,392,392,0,Shift C,Team 2,B2C
ORD-503079,SHP-01312,SKU-008,MUM,2024-09-24,194,194,0,Shift A,Team 3,B2B2C
ORD-852651,SHP-01313,SKU-007,BLR,2024-12-30,270,270,0,Shift A,Team 1,B2B
ORD-374515,SHP-01314,SKU-001,BLR,2024-10-11,320,320,0,Shift A,Team 3,B2B2C
ORD-350332,SHP-01315,SKU-012,MUM,2025-02-05,282,282,0,Shift B,Team 3,B2B
ORD-756068,SHP-01316,SKU-012,DEL,2024-12-20,282,282,0,Shift C,Team 3,B2B
ORD-584904,SHP-01317,SKU-030,DEL,2025-01-20,121,121,0,Shift B,Team 2,B2B
ORD-254499,SHP-01318,SKU-024,DEL,2024-12-26,120,120,0,Shift A,Team 3,B2B2C
ORD-699329,SHP-01319,SKU-009,BLR,2024-11-11,140,140,0,Shift C,Team 1,B2B2C
ORD-459965,SHP-01320,SKU-018,DEL,2024-11-08,227,227,0,Shift A,Team 3,B2B
ORD-765913,SHP-01321,SKU-001,DEL,2024-10-03,425,425,0,Shift B,Team 2,B2B
ORD-731770,SHP-01322,SKU-028,MUM,2024-10-14,492,492,0,Shift A,Team 2,B2B2C
ORD-986795,SHP-01323,SKU-006,BLR,2024-09-15,132,132,0,Shift C,Team 3,B2C
ORD-273451,SHP-01324,SKU-012,MUM,2024-09-02,337,337,0,Shift A,Team 2,B2B
ORD-534607,SHP-01325,SKU-006,DEL,2024-12-28,268,268,0,Shift B,Team 2,B2C
ORD-391945,SHP-01326,SKU-003,MUM,2024-10-05,464,464,0,Shift A,Team 3,B2B2C
ORD-837646,SHP-01327,SKU-026,BLR,2025-01-25,380,380,0,Shift C,Team 3,B2C
ORD-221788,SHP-01328,SKU-014,MUM,2025-01-31,478,478,0,Shift A,Team 2,B2B
ORD-546783,SHP-01329,SKU-002,MUM,2024-10-25,128,128,0,Shift B,Team 1,B2B2C
ORD-125712,SHP-01330,SKU-029,MUM,2024-12-02,471,471,0,Shift B,Team 3,B2C
ORD-981759,SHP-01331,SKU-023,MUM,2024-09-10,178,178,0,Shift B,Team 2,B2B2C
ORD-807594,SHP-01332,SKU-005,MUM,2025-02-09,326,326,0,Shift C,Team 3,B2B
ORD-507535,SHP-01333,SKU-007,DEL,2024-12-24,339,339,0,Shift C,Team 1,B2C
ORD-739369,SHP-01334,SKU-001,MUM,2025-01-05,391,391,0,Shift A,Team 1,B2C
ORD-821520,SHP-01335,SKU-015,MUM,2024-09-25,399,399,0,Shift A,Team 1,B2B2C
ORD-509126,SHP-01336,SKU-022,BLR,2024-11-20,140,140,0,Shift A,Team 2,B2B
ORD-287252,SHP-01337,SKU-003,BLR,2024-09-03,213,213,0,Shift C,Team 2,B2C
ORD-326874,SHP-01338,SKU-002,BLR,2024-12-22,274,274,0,Shift A,Team 1,B2C
ORD-175980,SHP-01339,SKU-021,DEL,2025-01-19,64,64,0,Shift C,Team 1,B2B
ORD-461444,SHP-01340,SKU-023,BLR,2024-11-17,346,346,0,Shift C,Team 3,B2B2C
ORD-613493,SHP-01341,SKU-021,DEL,2024-11-12,222,222,0,Shift B,Team 1,B2B2C
ORD-935353,SHP-01342,SKU-003,DEL,2024-11-27,67,67,0,Shift C,Team 1,B2B2C
ORD-612611,SHP-01343,SKU-002,MUM,2025-01-19,448,448,0,Shift C,Team 2,B2C
ORD-774757,SHP-01344,SKU-023,BLR,2025-01-24,241,241,0,Shift A,Team 2,B2B2C
ORD-815327,SHP-01345,SKU-007,DEL,2024-09-03,244,244,0,Shift A,Team 1,B2B
ORD-327091,SHP-01346,SKU-019,MUM,2024-09-16,409,409,0,Shift B,Team 2,B2B
ORD-653339,SHP-01347,SKU-008,DEL,2024-09-11,52,52,0,Shift B,Team 1,B2C
ORD-784653,SHP-01348,SKU-026,DEL,2024-09-23,119,119,0,Shift B,Team 2,B2B
ORD-482486,SHP-01349,SKU-024,BLR,2024-12-25,353,353,0,Shift C,Team 2,B2B2C
ORD-315258,SHP-01350,SKU-006,MUM,2024-10-07,89,89,0,Shift A,Team 1,B2B
ORD-479053,SHP-01351,SKU-007,MUM,2024-11-28,270,270,0,Shift B,Team 1,B2B
ORD-632848,SHP-01352,SKU-022,BLR,2025-01-25,237,237,0,Shift C,Team 1,B2B2C
ORD-768460,SHP-01353,SKU-016,MUM,2024-09-21,135,130,5,Shift C,Team 1,B2B2C
ORD-979294,SHP-01354,SKU-028,MUM,2025-01-15,160,160,0,Shift A,Team 1,B2B
ORD-816126,SHP-01355,SKU-017,MUM,2024-11-10,120,120,0,Shift C,Team 3,B2B2C
ORD-280108,SHP-01356,SKU-008,BLR,2024-10-03,119,119,0,Shift C,Team 2,B2B
ORD-470296,SHP-01357,SKU-020,MUM,2025-01-13,413,413,0,Shift B,Team 3,B2C
ORD-102799,SHP-01358,SKU-008,DEL,2024-11-10,486,486,0,Shift B,Team 1,B2B
ORD-571008,SHP-01359,SKU-011,DEL,2024-10-20,74,74,0,Shift A,Team 3,B2C
ORD-592789,SHP-01360,SKU-029,BLR,2024-12-22,349,349,0,Shift B,Team 3,B2B
ORD-851273,SHP-01361,SKU-010,DEL,2024-12-16,243,243,0,Shift A,Team 2,B2B2C
ORD-899048,SHP-01362,SKU-009,DEL,2024-11-03,84,84,0,Shift A,Team 3,B2C
ORD-264637,SHP-01363,SKU-027,DEL,2024-09-04,263,263,0,Shift C,Team 3,B2B2C
ORD-448144,SHP-01364,SKU-012,DEL,2024-09-22,235,235,0,Shift A,Team 3,B2B2C
ORD-481086,SHP-01365,SKU-001,MUM,2024-11-18,204,204,0,Shift A,Team 1,B2B2C
ORD-418321,SHP-01366,SKU-026,DEL,2024-09-23,260,260,0,Shift C,Team 3,B2C
ORD-235078,SHP-01367,SKU-016,MUM,2025-01-10,354,354,0,Shift B,Team 1,B2B
ORD-113489,SHP-01368,SKU-009,BLR,2025-02-16,162,162,0,Shift A,Team 2,B2B
ORD-235268,SHP-01369,SKU-007,MUM,2024-12-03,467,458,9,Shift A,Team 2,B2B
ORD-785971,SHP-01370,SKU-012,BLR,2024-12-13,492,492,0,Shift C,Team 1,B2B
ORD-299649,SHP-01371,SKU-007,MUM,2024-11-08,234,234,0,Shift C,Team 2,B2B2C
ORD-959071,SHP-01372,SKU-029,MUM,2024-12-07,193,193,0,Shift C,Team 2,B2B
ORD-946073,SHP-01373,SKU-013,DEL,2025-02-06,355,344,11,Shift A,Team 3,B2B
ORD-990682,SHP-01374,SKU-009,MUM,2024-11-01,119,116,3,Shift C,Team 1,B2B2C
ORD-535728,SHP-01375,SKU-014,MUM,2025-02-14,468,468,0,Shift C,Team 2,B2B
ORD-981049,SHP-01376,SKU-030,BLR,2025-02-16,398,398,0,Shift B,Team 3,B2C
ORD-594136,SHP-01377,SKU-009,DEL,2024-09-21,212,212,0,Shift C,Team 3,B2C
ORD-316364,SHP-01378,SKU-022,BLR,2024-11-08,305,305,0,Shift A,Team 2,B2C
ORD-364997,SHP-01379,SKU-015,DEL,2024-11-27,117,117,0,Shift A,Team 1,B2C
ORD-509955,SHP-01380,SKU-021,DEL,2025-02-13,408,408,0,Shift B,Team 3,B2C
ORD-819086,SHP-01381,SKU-024,MUM,2025-02-16,115,115,0,Shift C,Team 2,B2C
ORD-447380,SHP-01382,SKU-004,MUM,2024-11-17,443,443,0,Shift C,Team 1,B2B
ORD-787748,SHP-01383,SKU-025,DEL,2024-10-02,250,250,0,Shift A,Team 2,B2C
ORD-708286,SHP-01384,SKU-027,MUM,2024-10-03,490,490,0,Shift B,Team 3,B2B
ORD-714831,SHP-01385,SKU-028,MUM,2024-10-19,292,292,0,Shift A,Team 2,B2B
ORD-106366,SHP-01386,SKU-003,MUM,2025-01-08,75,75,0,Shift B,Team 1,B2B2C
ORD-945208,SHP-01387,SKU-004,DEL,2024-10-22,231,231,0,Shift B,Team 3,B2B2C
ORD-203510,SHP-01388,SKU-014,BLR,2025-01-05,412,385,27,Shift C,Team 3,B2B
ORD-977089,SHP-01389,SKU-006,MUM,2024-10-08,414,414,0,Shift A,Team 3,B2C
ORD-832043,SHP-01390,SKU-006,BLR,2025-02-18,425,425,0,Shift A,Team 3,B2B
ORD-931712,SHP-01391,SKU-024,MUM,2025-02-15,295,295,0,Shift C,Team 1,B2C
ORD-674879,SHP-01392,SKU-008,MUM,2024-10-31,488,488,0,Shift A,Team 2,B2B2C
ORD-418935,SHP-01393,SKU-013,BLR,2024-12-08,167,167,0,Shift A,Team 2,B2C
ORD-833412,SHP-01394,SKU-006,MUM,2024-11-21,370,370,0,Shift C,Team 2,B2C
ORD-456371,SHP-01395,SKU-013,BLR,2024-12-19,353,347,6,Shift C,Team 3,B2B
ORD-148992,SHP-01396,SKU-006,DEL,2024-10-06,391,391,0,Shift A,Team 1,B2B
ORD-914002,SHP-01397,SKU-015,DEL,2024-10-22,322,322,0,Shift A,Team 2,B2C
ORD-556552,SHP-01398,SKU-026,DEL,2025-01-04,358,358,0,Shift A,Team 2,B2C
ORD-678985,SHP-01399,SKU-027,MUM,2025-01-14,376,376,0,Shift C,Team 1,B2C
ORD-186461,SHP-01400,SKU-010,DEL,2024-09-24,146,146,0,Shift B,Team 2,B2B2C
ORD-349518,SHP-01401,SKU-026,DEL,2024-10-01,243,243,0,Shift A,Team 2,B2C
ORD-659569,SHP-01402,SKU-010,BLR,2024-10-06,208,208,0,Shift C,Team 1,B2B2C
ORD-593761,SHP-01403,SKU-002,MUM,2024-12-17,181,181,0,Shift A,Team 3,B2C
ORD-990813,SHP-01404,SKU-014,MUM,2025-01-29,365,365,0,Shift B,Team 1,B2B
ORD-330881,SHP-01405,SKU-024,MUM,2024-12-07,54,54,0,Shift B,Team 3,B2C
ORD-409347,SHP-01406,SKU-010,DEL,2024-10-31,318,293,25,Shift C,Team 3,B2C
ORD-289841,SHP-01407,SKU-024,MUM,2024-11-03,163,163,0,Shift A,Team 2,B2B2C
ORD-690904,SHP-01408,SKU-027,MUM,2025-01-29,411,411,0,Shift B,Team 2,B2C
ORD-728709,SHP-01409,SKU-005,MUM,2024-09-05,164,164,0,Shift C,Team 1,B2B
ORD-923399,SHP-01410,SKU-028,DEL,2025-02-12,188,188,0,Shift B,Team 3,B2B2C
ORD-843064,SHP-01411,SKU-012,DEL,2025-01-01,148,148,0,Shift B,Team 2,B2C
ORD-249732,SHP-01412,SKU-019,DEL,2024-11-02,271,271,0,Shift B,Team 2,B2C
ORD-815997,SHP-01413,SKU-011,DEL,2024-12-01,489,489,0,Shift A,Team 1,B2C
ORD-697674,SHP-01414,SKU-019,BLR,2025-01-21,362,362,0,Shift B,Team 3,B2B2C
ORD-140869,SHP-01415,SKU-029,MUM,2024-10-27,154,154,0,Shift A,Team 2,B2B2C
ORD-276042,SHP-01416,SKU-014,DEL,2024-11-19,156,156,0,Shift A,Team 1,B2B
ORD-843775,SHP-01417,SKU-023,BLR,2024-09-08,412,412,0,Shift C,Team 3,B2C
ORD-638986,SHP-01418,SKU-009,DEL,2024-12-22,146,146,0,Shift A,Team 2,B2C
ORD-884684,SHP-01419,SKU-006,MUM,2024-10-12,279,279,0,Shift A,Team 1,B2B2C
ORD-705832,SHP-01420,SKU-013,DEL,2024-09-03,343,343,0,Shift C,Team 3,B2B2C
ORD-107374,SHP-01421,SKU-012,MUM,2024-09-18,467,467,0,Shift C,Team 2,B2C
ORD-210968,SHP-01422,SKU-002,MUM,2024-10-15,90,90,0,Shift C,Team 1,B2B2C
ORD-977764,SHP-01423,SKU-005,MUM,2024-09-08,326,326,0,Shift C,Team 3,B2B2C
ORD-986718,SHP-01424,SKU-010,DEL,2024-10-12,76,76,0,Shift C,Team 1,B2C
ORD-444310,SHP-01425,SKU-004,BLR,2024-12-31,368,368,0,Shift C,Team 2,B2B
ORD-997896,SHP-01426,SKU-026,BLR,2025-01-16,396,396,0,Shift A,Team 1,B2B2C
ORD-884511,SHP-01427,SKU-023,MUM,2025-01-28,180,180,0,Shift C,Team 3,B2B2C
ORD-968985,SHP-01428,SKU-003,DEL,2024-09-20,94,94,0,Shift A,Team 3,B2C
ORD-688063,SHP-01429,SKU-028,BLR,2025-02-05,75,75,0,Shift C,Team 3,B2C
ORD-210009,SHP-01430,SKU-012,DEL,2025-01-29,141,141,0,Shift C,Team 2,B2B
ORD-515158,SHP-01431,SKU-010,MUM,2024-11-03,126,118,8,Shift C,Team 1,B2B
ORD-696087,SHP-01432,SKU-018,BLR,2024-10-20,468,468,0,Shift A,Team 3,B2B
ORD-620556,SHP-01433,SKU-015,DEL,2025-01-11,60,60,0,Shift C,Team 2,B2B2C
ORD-741434,SHP-01434,SKU-026,BLR,2025-02-04,399,399,0,Shift C,Team 3,B2C
ORD-427819,SHP-01435,SKU-026,DEL,2024-12-16,137,137,0,Shift B,Team 3,B2B2C
ORD-938830,SHP-01436,SKU-021,MUM,2024-10-07,238,238,0,Shift B,Team 2,B2B
ORD-145314,SHP-01437,SKU-008,MUM,2024-10-09,273,273,0,Shift B,Team 2,B2B2C
ORD-278631,SHP-01438,SKU-022,BLR,2024-09-11,182,182,0,Shift C,Team 2,B2B
ORD-908646,SHP-01439,SKU-028,DEL,2024-09-11,130,130,0,Shift B,Team 2,B2B2C
ORD-905927,SHP-01440,SKU-023,DEL,2024-11-15,240,240,0,Shift B,Team 2,B2B2C
ORD-509992,SHP-01441,SKU-010,MUM,2025-01-28,206,206,0,Shift A,Team 3,B2C
ORD-707900,SHP-01442,SKU-011,BLR,2025-02-11,316,316,0,Shift C,Team 3,B2B
ORD-640776,SHP-01443,SKU-020,MUM,2025-01-31,122,122,0,Shift B,Team 3,B2B2C
ORD-695267,SHP-01444,SKU-007,MUM,2024-11-12,457,457,0,Shift C,Team 1,B2C
ORD-838242,SHP-01445,SKU-020,BLR,2024-12-30,354,354,0,Shift C,Team 2,B2C
ORD-429489,SHP-01446,SKU-014,DEL,2024-09-06,60,60,0,Shift B,Team 3,B2B
ORD-621015,SHP-01447,SKU-021,BLR,2024-11-26,73,73,0,Shift B,Team 2,B2B2C
ORD-175542,SHP-01448,SKU-006,BLR,2025-01-20,387,369,18,Shift B,Team 2,B2B2C
ORD-963828,SHP-01449,SKU-029,MUM,2024-12-21,155,155,0,Shift A,Team 2,B2B2C
ORD-981861,SHP-01450,SKU-029,DEL,2024-09-22,373,373,0,Shift C,Team 1,B2B
ORD-802466,SHP-01451,SKU-007,MUM,2024-09-28,165,154,11,Shift A,Team 3,B2C
ORD-506773,SHP-01452,SKU-016,MUM,2025-02-01,216,216,0,Shift A,Team 3,B2B2C
ORD-431667,SHP-01453,SKU-021,MUM,2024-12-18,325,325,0,Shift C,Team 1,B2B2C
ORD-615825,SHP-01454,SKU-012,MUM,2024-12-14,353,353,0,Shift C,Team 3,B2B
ORD-264335,SHP-01455,SKU-018,MUM,2024-10-09,246,246,0,Shift A,Team 1,B2B
ORD-625388,SHP-01456,SKU-006,MUM,2025-02-05,225,225,0,Shift B,Team 2,B2B
ORD-298275,SHP-01457,SKU-025,BLR,2025-01-27,366,366,0,Shift B,Team 3,B2B2C
ORD-236205,SHP-01458,SKU-015,MUM,2025-01-22,207,207,0,Shift C,Team 2,B2B2C
ORD-863410,SHP-01459,SKU-004,MUM,2024-09-20,260,260,0,Shift A,Team 1,B2B
ORD-244959,SHP-01460,SKU-019,MUM,2025-01-15,323,323,0,Shift C,Team 2,B2C
ORD-580877,SHP-01461,SKU-005,BLR,2024-11-23,284,284,0,Shift A,Team 2,B2B2C
ORD-447093,SHP-01462,SKU-004,BLR,2025-01-15,444,444,0,Shift A,Team 2,B2B2C
ORD-375232,SHP-01463,SKU-016,DEL,2024-11-18,184,184,0,Shift C,Team 3,B2B
ORD-234174,SHP-01464,SKU-001,DEL,2024-12-24,158,158,0,Shift A,Team 2,B2C
ORD-406204,SHP-01465,SKU-019,BLR,2024-09-05,148,148,0,Shift B,Team 3,B2C
ORD-713584,SHP-01466,SKU-021,MUM,2025-01-14,461,461,0,Shift A,Team 3,B2C
ORD-461419,SHP-01467,SKU-016,DEL,2024-11-15,190,190,0,Shift C,Team 2,B2B
ORD-256024,SHP-01468,SKU-005,MUM,2024-09-10,109,109,0,Shift A,Team 1,B2C
ORD-363692,SHP-01469,SKU-015,MUM,2024-10-17,456,456,0,Shift A,Team 1,B2C
ORD-931486,SHP-01470,SKU-006,BLR,2025-01-31,99,96,3,Shift B,Team 3,B2C
ORD-938017,SHP-01471,SKU-029,DEL,2024-11-25,355,355,0,Shift B,Team 1,B2B
ORD-691101,SHP-01472,SKU-006,DEL,2025-02-11,267,267,0,Shift A,Team 3,B2B2C
ORD-765706,SHP-01473,SKU-012,MUM,2024-11-23,121,121,0,Shift A,Team 2,B2B2C
ORD-923861,SHP-01474,SKU-002,MUM,2024-12-24,320,320,0,Shift A,Team 2,B2C
ORD-870643,SHP-01475,SKU-015,MUM,2024-10-29,497,497,0,Shift B,Team 1,B2B
ORD-256685,SHP-01476,SKU-007,DEL,2024-11-16,183,183,0,Shift C,Team 3,B2B
ORD-763036,SHP-01477,SKU-023,BLR,2024-10-20,152,152,0,Shift A,Team 2,B2C
ORD-539611,SHP-01478,SKU-012,MUM,2024-10-15,456,456,0,Shift C,Team 3,B2C
ORD-104583,SHP-01479,SKU-022,DEL,2024-11-20,158,158,0,Shift B,Team 2,B2C
ORD-456630,SHP-01480,SKU-007,DEL,2024-09-28,199,199,0,Shift C,Team 2,B2B
ORD-527703,SHP-01481,SKU-005,DEL,2025-01-29,350,350,0,Shift A,Team 3,B2C
ORD-623996,SHP-01482,SKU-023,MUM,2025-01-29,68,68,0,Shift B,Team 2,B2B2C
ORD-804815,SHP-01483,SKU-010,BLR,2024-10-12,197,197,0,Shift B,Team 1,B2B
ORD-611871,SHP-01484,SKU-018,MUM,2024-12-27,498,498,0,Shift B,Team 1,B2B2C
ORD-164714,SHP-01485,SKU-019,BLR,2024-09-29,286,286,0,Shift B,Team 3,B2C
ORD-644786,SHP-01486,SKU-017,DEL,2024-09-21,203,203,0,Shift A,Team 3,B2B2C
ORD-519752,SHP-01487,SKU-007,DEL,2024-10-11,376,376,0,Shift C,Team 2,B2B2C
ORD-959430,SHP-01488,SKU-009,DEL,2025-02-04,222,222,0,Shift A,Team 2,B2B2C
ORD-818958,SHP-01489,SKU-028,BLR,2024-09-27,267,267,0,Shift A,Team 1,B2B
ORD-492717,SHP-01490,SKU-015,BLR,2025-01-16,433,433,0,Shift B,Team 3,B2B
ORD-580155,SHP-01491,SKU-005,BLR,2025-01-26,486,486,0,Shift C,Team 1,B2C
ORD-584680,SHP-01492,SKU-027,DEL,2025-01-25,323,323,0,Shift A,Team 3,B2B
ORD-213051,SHP-01493,SKU-026,DEL,2024-12-28,321,299,22,Shift A,Team 1,B2B
ORD-989552,SHP-01494,SKU-012,BLR,2025-02-01,173,173,0,Shift A,Team 2,B2C
ORD-579299,SHP-01495,SKU-013,MUM,2025-02-10,470,470,0,Shift B,Team 3,B2C
ORD-220067,SHP-01496,SKU-002,DEL,2024-11-14,387,387,0,Shift B,Team 1,B2B2C
ORD-780581,SHP-01497,SKU-006,DEL,2024-12-17,316,316,0,Shift A,Team 3,B2B
ORD-957627,SHP-01498,SKU-021,DEL,2025-02-07,154,154,0,Shift A,Team 3,B2B2C
ORD-979838,SHP-01499,SKU-009,MUM,2024-10-19,123,123,0,Shift A,Team 3,B2B2C
ORD-496282,SHP-01500,SKU-008,MUM,2024-12-26,353,353,0,Shift C,Team 3,B2B
